"source","title","title_n","year","doi","problema_titulo","n_car_titulo"
"WOS","Optimization of Psilocybin Extraction from Psilocybe cubensis Mushrooms and Characterization of the Fungal Extract","optimization of psilocybin extraction from psilocybe cubensis mushrooms and characterization of the fungal extract",2026,"10.21577/0103-5053.20260049","caracter_no_ascii_en_titulo_original",114
"WOS","Psilocybin biosynthesis enhancement through gene source optimization","psilocybin biosynthesis enhancement through gene source optimization",2025,"10.1016/j.ymben.2025.04.003","caracter_no_ascii_en_titulo_original",68
"WOS","Psilocybe cubensis: neuropsychopharmaceutical potential of psilocybin and psilocin","psilocybe cubensis neuropsychopharmaceutical potential of psilocybin and psilocin",2024,"10.18845/tm.v37i9.7618","caracter_no_ascii_en_titulo_original",82
"WOS","The Effect of Magic Mushroom (Psilocybe azurescens) on Social Interaction, Anxiety- and Depressive-Like Behaviors in Male Rats; the Role of Neuroinflammation, Oxidative Stress, and Neurotrophic Factors","the effect of magic mushroom psilocybe azurescens on social interaction anxiety and depressive like behaviors in male rats the role of neuroinflammation oxidative stress and neurotrophic factors",2026,"10.1002/jnr.70107","caracter_no_ascii_en_titulo_original",201
"WOS","Psilocybin induces acute anxiety and changes in amygdalar phosphopeptides independently from the 5-HT2A receptor","psilocybin induces acute anxiety and changes in amygdalar phosphopeptides independently from the 5 ht2a receptor",2024,"10.1016/j.isci.2024.109686","caracter_no_ascii_en_titulo_original",112
"WOS","Genome sequencing progenies of magic mushrooms (Psilocybe subaeruginosa) identifies tetrapolar mating and gene duplications in the psilocybin pathway","genome sequencing progenies of magic mushrooms psilocybe subaeruginosa identifies tetrapolar mating and gene duplications in the psilocybin pathway",2023,"10.1016/j.fgb.2022.103769","caracter_no_ascii_en_titulo_original",149
"WOS","Mice lacking the serotonin transporter do not respond to the behavioural effects of psilocybin","mice lacking the serotonin transporter do not respond to the behavioural effects of psilocybin",2025,"10.1016/j.ejphar.2025.177304","caracter_no_ascii_en_titulo_original",94
"WOS","BIOACTIVE COMPOUNDS FROM PSILOCYBE CUBENSIS MYCELIAL CULTURES WITH TRANSIENT ANXIOLYTIC EFFECTS IN MICE","bioactive compounds from psilocybe cubensis mycelial cultures with transient anxiolytic effects in mice",2026,"10.26402/jpp.2026.1.07","caracter_no_ascii_en_titulo_original",103
"WOS","Time to embrace the whole: considering the replacement of psilocybin with Psilocybe spp. in psychedelic research and therapy","time to embrace the whole considering the replacement of psilocybin with psilocybe spp in psychedelic research and therapy",2026,"10.1080/14786419.2026.2683121","caracter_no_ascii_en_titulo_original",124
"WOS","Methyl transfer in psilocybin biosynthesis","methyl transfer in psilocybin biosynthesis",2024,"10.1038/s41467-024-46997-z","caracter_no_ascii_en_titulo_original",42
"WOS","A Proposal to Study the Safety and Efficacy of Psilocybe cubensis in Preclinical and Clinical Studies as a Therapeutic Alternative for Major Depressive Disorder","a proposal to study the safety and efficacy of psilocybe cubensis in preclinical and clinical studies as a therapeutic alternative for major depressive disorder",2023,"10.1080/02791072.2023.2246459","caracter_no_ascii_en_titulo_original",160
"WOS","Psilocybe Cubensis Extract Potently Prevents Fear Memory Recall and Freezing Behavior in Short- but Not Long-Term in a Rat Model of Posttraumatic Stress Disorder","psilocybe cubensis extract potently prevents fear memory recall and freezing behavior in short but not long term in a rat model of posttraumatic stress disorder",2024,"10.1037/bne0000579","caracter_no_ascii_en_titulo_original",161
"WOS","In Vitro Psilocybin Synthesis by Co-Immobilized Enzymes","in vitro psilocybin synthesis by co immobilized enzymes",2025,"10.1002/chem.202501037","caracter_no_ascii_en_titulo_original",55
"WOS","Acute psilocybin enhances cognitive flexibility in rats","acute psilocybin enhances cognitive flexibility in rats",2023,"10.1038/s41386-023-01545-z","caracter_no_ascii_en_titulo_original",55
"WOS","Psilocybin-Assisted Psychotherapy for Chronic Somatoform Pain Disorder: A Case Report","psilocybin assisted psychotherapy for chronic somatoform pain disorder a case report",2025,"10.3390/psychoactives4030030","caracter_no_ascii_en_titulo_original",85
"WOS","Psilocybin in the setting of treatment-resistant unipolar depression: A case report","psilocybin in the setting of treatment resistant unipolar depression a case report",2025,"10.1016/j.encep.2025.02.007","caracter_no_ascii_en_titulo_original",83
"WOS","Past-Year Psilocybin and Alcohol Co-Use: Associations With Mental Health Symptoms","past year psilocybin and alcohol co use associations with mental health symptoms",2026,"10.1177/00220426261466154","caracter_no_ascii_en_titulo_original",81
"WOS","Low-income group psilocybin assisted therapy for depression: An Oregon feasibility study","low income group psilocybin assisted therapy for depression an oregon feasibility study",2026,"10.1556/2054.2026.00485","caracter_no_ascii_en_titulo_original",88
"WOS","The use of psilocybin for treatment-resistant depression","the use of psilocybin for treatment resistant depression",2022,"10.17992/lbl.2022.09.706","caracter_no_ascii_en_titulo_original",56
"WOS","Evaluation of behavioural and neurochemical effects of psilocybin in mice subjected to chronic unpredictable mild stress","evaluation of behavioural and neurochemical effects of psilocybin in mice subjected to chronic unpredictable mild stress",2025,"10.1038/s41398-025-03421-4","caracter_no_ascii_en_titulo_original",120
"WOS","A Bayesian Reanalysis of a Trial of Psilocybin Versus Escitalopram for Depression","a bayesian reanalysis of a trial of psilocybin versus escitalopram for depression",2023,"10.1089/psymed.2022.0002","caracter_no_ascii_en_titulo_original",81
"WOS","Brain dynamics predictive of response to psilocybin for treatment-resistant depression","brain dynamics predictive of response to psilocybin for treatment resistant depression",2024,"10.1093/braincomms/fcae049","caracter_no_ascii_en_titulo_original",86
"WOS","Substrate recognition by the 4-hydroxytryptamine kinase PsiK in psilocybin biosynthesis","substrate recognition by the 4 hydroxytryptamine kinase psik in psilocybin biosynthesis",2025,"10.1002/1873-3468.15042","caracter_no_ascii_en_titulo_original",87
"WOS","In silico characterization of the psilocybin biosynthesis pathway","in silico characterization of the psilocybin biosynthesis pathway",2023,"10.1016/j.compbiolchem.2023.107854","caracter_no_ascii_en_titulo_original",65
"WOS","Efficacy and Safety of Psilocybin in Treatment-Resistant Major Depression","efficacy and safety of psilocybin in treatment resistant major depression",2026,"10.1001/jamapsychiatry.2026.0132","caracter_no_ascii_en_titulo_original",73
"WOS","Novel qNMR Method to Quantify Psilocybin and Psilocin in Psychedelic Mushrooms","novel qnmr method to quantify psilocybin and psilocin in psychedelic mushrooms",2025,"10.1021/acsomega.5c07092","caracter_no_ascii_en_titulo_original",78
"WOS","Psilocybin-Assisted Psychotherapy for Treatment-Resistant Depression in Bipolar II Disorder","psilocybin assisted psychotherapy for treatment resistant depression in bipolar ii disorder",2025,"10.1089/psymed.2024.0032","caracter_no_ascii_en_titulo_original",91
"WOS","Increased global integration in the brain after psilocybin therapy for depression","increased global integration in the brain after psilocybin therapy for depression",2022,"10.1038/s41591-022-01744-z","caracter_no_ascii_en_titulo_original",81
"WOS","Antidepressant- and anxiolytic-like activities and acute toxicity evaluation of the Psilocybe cubensis mushroom in experimental models in mice","antidepressant and anxiolytic like activities and acute toxicity evaluation of the psilocybe cubensis mushroom in experimental models in mice",2024,"10.1016/j.jep.2023.117415","caracter_no_ascii_en_titulo_original",142
"WOS","Psilocybin-assisted psychotherapy in adults with depression - A literature review","psilocybin assisted psychotherapy in adults with depression a literature review",2025,"10.1016/j.pnpbp.2025.111508","caracter_no_ascii_en_titulo_original",81
"WOS","Hypertensive Emergency Secondary to Combining Psilocybin Mushrooms, Extended Release Dextroamphetamine-Amphetamine, and Tranylcypromine","hypertensive emergency secondary to combining psilocybin mushrooms extended release dextroamphetamine amphetamine and tranylcypromine",2025,"10.1080/02791072.2024.2368617","caracter_no_ascii_en_titulo_original",135
"WOS","The Causal Role of Consciousness in Psychedelic Therapy for Treatment-Resistant Depression: Hypothesis and Proposal","the causal role of consciousness in psychedelic therapy for treatment resistant depression hypothesis and proposal",2025,"10.1021/acsptsci.5c00445","caracter_no_ascii_en_titulo_original",115
"WOS","Psilocybin-Assisted Cognitive Behavioral Therapy for Adults with Major Depressive Disorder: Rationale and Treatment Development","psilocybin assisted cognitive behavioral therapy for adults with major depressive disorder rationale and treatment development",2023,"10.1089/psymed.2023.0018","caracter_no_ascii_en_titulo_original",127
"WOS","Balancing safety and access in Oregon's psilocybin services","balancing safety and access in oregon s psilocybin services",2026,"10.1016/j.drugpo.2026.105384","caracter_no_ascii_en_titulo_original",59
"WOS","DNA Authentication and Chemical Analysis of Psilocybe Mushrooms Reveal Widespread Misdeterminations in Fungaria and Inconsistencies in Metabolites","dna authentication and chemical analysis of psilocybe mushrooms reveal widespread misdeterminations in fungaria and inconsistencies in metabolites",2022,"10.1128/aem.01498-22","caracter_no_ascii_en_titulo_original",146
"WOS","Psilocybin-assisted cognitive behavioral therapy for major depressive disorder: A pilot trial","psilocybin assisted cognitive behavioral therapy for major depressive disorder a pilot trial",2026,"10.1016/j.jad.2026.121423","caracter_no_ascii_en_titulo_original",93
"WOS","Characterization of the Gateway Decarboxylase for Psilocybin Biosynthesis","characterization of the gateway decarboxylase for psilocybin biosynthesis",2022,"10.1002/cbic.202200551","caracter_no_ascii_en_titulo_original",73
"WOS","Public Interest in Psilocybin and Psychedelic Therapy in the Context of the COVID-19 Pandemic: Google Trends Analysis","public interest in psilocybin and psychedelic therapy in the context of the covid 19 pandemic google trends analysis",2023,"10.2196/43850","caracter_no_ascii_en_titulo_original",117
"WOS","Real-World Psilocybin Therapy for Treatment-Resistant Depression: A Retrospective Observational Study","real world psilocybin therapy for treatment resistant depression a retrospective observational study",2026,"10.1016/j.lanepe.2026.101719","caracter_no_ascii_en_titulo_original",101
"WOS","Acute Blockade of the Serotonin Transporter With Low Doses of Escitalopram Does Not Alter the Behavioural Responses to Acute Psilocybin","acute blockade of the serotonin transporter with low doses of escitalopram does not alter the behavioural responses to acute psilocybin",2025,"10.1111/ejn.70351","caracter_no_ascii_en_titulo_original",135
"WOS","Effects of psilocybin versus escitalopram on rumination and thought suppression in depression","effects of psilocybin versus escitalopram on rumination and thought suppression in depression",2022,"10.1192/bjo.2022.565","caracter_no_ascii_en_titulo_original",93
"WOS","Single-Dose Psilocybin for Depression With Severe Treatment Resistance: An Open-Label Trial","single dose psilocybin for depression with severe treatment resistance an open label trial",2025,"10.1176/appi.ajp.20231063","caracter_no_ascii_en_titulo_original",91
"WOS","Psilocybin-assisted psychotherapy for treatment resistant depression: A randomized clinical trial evaluating repeated doses of psilocybin","psilocybin assisted psychotherapy for treatment resistant depression a randomized clinical trial evaluating repeated doses of psilocybin",2024,"10.1016/j.medj.2024.01.005","caracter_no_ascii_en_titulo_original",137
"WOS","Psilocybin with psychotherapeutic support for treatment-resistant depression: a pilot clinical trial","psilocybin with psychotherapeutic support for treatment resistant depression a pilot clinical trial",2025,"10.1177/20451253251377187","caracter_no_ascii_en_titulo_original",100
"WOS","Different hierarchical reconfigurations in the brain by psilocybin and escitalopram for depression","different hierarchical reconfigurations in the brain by psilocybin and escitalopram for depression",2024,"10.1038/s44220-024-00298-y","caracter_no_ascii_en_titulo_original",98
"WOS","Attitudes Towards Psilocybin: A General Population's Opinions on Psilocybin and Psilocybin-Assisted Therapies","attitudes towards psilocybin a general population s opinions on psilocybin and psilocybin assisted therapies",2025,"10.24839/2325-7342.jn30.4.345","caracter_no_ascii_en_titulo_original",109
"WOS","Single-dose psilocybin-assisted therapy in major depressive disorder: a placebo-controlled, double-blind, randomised clinical trial","single dose psilocybin assisted therapy in major depressive disorder a placebo controlled double blind randomised clinical trial",2023,"10.1016/j.eclinm.2022.101809","caracter_no_ascii_en_titulo_original",131
"WOS","Serotoninergic antidepressants combination in psilocybin-assisted psychotherapy: a case report","serotoninergic antidepressants combination in psilocybin assisted psychotherapy a case report",2024,"10.3389/fpsyt.2024.1394962","caracter_no_ascii_en_titulo_original",94
"WOS","Psilocybin-assisted therapy for treatment-resistant major depressive disorder in a public healthcare setting: a randomized controlled trial","psilocybin assisted therapy for treatment resistant major depressive disorder in a public healthcare setting a randomized controlled trial",2026,"10.1038/s41591-026-04541-0","caracter_no_ascii_en_titulo_original",139
"WOS","Negative affective bias in depression following treatment with psilocybin or escitalopram - a secondary analysis from a randomized trial","negative affective bias in depression following treatment with psilocybin or escitalopram a secondary analysis from a randomized trial",2025,"10.1038/s41398-025-03693-w","caracter_no_ascii_en_titulo_original",136
"WOS","Advancing treatment paradigms: the role of psilocybin in managing major depressive disorder","advancing treatment paradigms the role of psilocybin in managing major depressive disorder",2026,"10.1097/ms9.0000000000004349","caracter_no_ascii_en_titulo_original",91
"WOS","Expectancies for Subjective and Antidepressant Effects in Psilocybin Users","expectancies for subjective and antidepressant effects in psilocybin users",2023,"10.1177/00221678231194798","caracter_no_ascii_en_titulo_original",74
"WOS","Psilocybin as a psychophysical adaptogen in chronic pain rehabilitation","psilocybin as a psychophysical adaptogen in chronic pain rehabilitation",2025,"10.1016/j.jpain.2025.105507","caracter_no_ascii_en_titulo_original",71
"WOS","Engaging Mood Brain Circuits with Psilocybin (EMBRACE): a study protocol for a randomized, placebo-controlled and delayed-start, neuroimaging trial in depression","engaging mood brain circuits with psilocybin embrace a study protocol for a randomized placebo controlled and delayed start neuroimaging trial in depression",2024,"10.1186/s13063-024-08268-6","caracter_no_ascii_en_titulo_original",161
"WOS","Effects of psilocybin on uncertain punishment learning","effects of psilocybin on uncertain punishment learning",2024,"10.1016/j.nlm.2024.107954","caracter_no_ascii_en_titulo_original",54
"WOS","Psilocybin-assisted psychotherapy for treatment-resistant depression: Which psychotherapy?","psilocybin assisted psychotherapy for treatment resistant depression which psychotherapy",2023,"10.1111/inm.13214","caracter_no_ascii_en_titulo_original",90
"WOS","CSF galanin and noradrenaline downregulation by psilocybin therapy in major depressive disorder","csf galanin and noradrenaline downregulation by psilocybin therapy in major depressive disorder",2026,"10.1038/s41386-026-02490-3","caracter_no_ascii_en_titulo_original",95
"WOS","Effects of discontinuation of serotonergic antidepressants prior to psilocybin therapy versus escitalopram for major depression","effects of discontinuation of serotonergic antidepressants prior to psilocybin therapy versus escitalopram for major depression",2024,"10.1177/02698811241237870","caracter_no_ascii_en_titulo_original",127
"WOS","Psilocybin-assisted group psychotherapy and mindfulness-based stress reduction for frontline healthcare provider COVID-19-related depression and burnout: A randomized controlled trial","psilocybin assisted group psychotherapy and mindfulness based stress reduction for frontline healthcare provider covid 19 related depression and burnout a randomized controlled trial",2025,"10.1371/journal.pmed.1004519","caracter_no_ascii_en_titulo_original",183
"WOS","Psilocybin mitigates behavioral despair and cognitive impairment in treatment-resistant depression model using wistar kyoto rats","psilocybin mitigates behavioral despair and cognitive impairment in treatment resistant depression model using wistar kyoto rats",2025,"10.1038/s41598-025-03383-z","caracter_no_ascii_en_titulo_original",128
"WOS","Psilocybin for treatment-resistant depression without psychedelic effects: study protocol for a 4-week, double-blind, proof-of-concept randomised controlled trial","psilocybin for treatment resistant depression without psychedelic effects study protocol for a 4 week double blind proof of concept randomised controlled trial",2023,"10.1192/bjo.2023.535","caracter_no_ascii_en_titulo_original",162
"WOS","Divergent Effects of Psilocybin for 2 Patients Participating in a Psilocybin-assisted Cognitive Behavioral Therapy Trial for Major Depressive Disorder","divergent effects of psilocybin for 2 patients participating in a psilocybin assisted cognitive behavioral therapy trial for major depressive disorder",2025,"10.1097/pra.0000000000000853","caracter_no_ascii_en_titulo_original",150
"WOS","Psilocybin use in bipolar disorder: A comprehensive review","psilocybin use in bipolar disorder a comprehensive review",2026,"10.1016/j.jad.2025.120485","caracter_no_ascii_en_titulo_original",58
"WOS","Exploring the Frontiers of Psychedelics: A New Chromatographic Method for Detection and Quantification of Psilocybin and Psilocin in Psilocybe cubensis Mushrooms","exploring the frontiers of psychedelics a new chromatographic method for detection and quantification of psilocybin and psilocin in psilocybe cubensis mushrooms",2025,"10.1021/acsomega.5c02751","caracter_no_ascii_en_titulo_original",161
"WOS","Examining the effects of psilocybin-assisted psychotherapy on anhedonia in treatment-resistant depression","examining the effects of psilocybin assisted psychotherapy on anhedonia in treatment resistant depression",2026,"10.1016/j.jad.2026.121385","caracter_no_ascii_en_titulo_original",105
"WOS","Effects of psilocin and psilocybin on human 5-HT4 serotonin receptors in atrial preparations of transgenic mice and humans","effects of psilocin and psilocybin on human 5 ht4 serotonin receptors in atrial preparations of transgenic mice and humans",2024,"10.1016/j.toxlet.2024.06.006","caracter_no_ascii_en_titulo_original",122
"WOS","Regulatory Alignment of Psilocybin Clinical Trials in Major Depressive Disorder on ClinicalTrials.gov: A Cross-Sectional Analysis","regulatory alignment of psilocybin clinical trials in major depressive disorder on clinicaltrials gov a cross sectional analysis",2025,"10.1055/a-2529-7029","caracter_no_ascii_en_titulo_original",129
"WOS","Limbic System Response to Psilocybin and Ketamine Administration in Rats: A Neurochemical and Behavioral Study","limbic system response to psilocybin and ketamine administration in rats a neurochemical and behavioral study",2024,"10.3390/ijms25010100","caracter_no_ascii_en_titulo_original",110
"WOS","Single-Dose Synthetic Psilocybin With Psychotherapy for Treatment-Resistant Bipolar Type II Major Depressive Episodes A Nonrandomized Open-Label Trial","single dose synthetic psilocybin with psychotherapy for treatment resistant bipolar type ii major depressive episodes a nonrandomized open label trial",2024,"10.1001/jamapsychiatry.2023.4685","caracter_no_ascii_en_titulo_original",150
"WOS","Psilocybin for Trauma-Related Disorders","psilocybin for trauma related disorders",2022,"10.1007/978-3-031-12184-5","caracter_no_ascii_en_titulo_original",39
"WOS","The impact of antidepressant discontinuation prior to treatment with psilocybin for treatment-resistant depression","the impact of antidepressant discontinuation prior to treatment with psilocybin for treatment resistant depression",2024,"10.1016/j.jpsychires.2024.10.009","caracter_no_ascii_en_titulo_original",114
"WOS","Long-term outcomes of single-dose psilocybin for US military Veterans with severe treatment-resistant depression-12-month data from an open-label pilot study","long term outcomes of single dose psilocybin for us military veterans with severe treatment resistant depression 12 month data from an open label pilot study",2025,"10.1016/j.jad.2025.119655","caracter_no_ascii_en_titulo_original",157
"WOS","Predicting the outcome of psilocybin treatment for depression from baseline fMRI functional connectivity","predicting the outcome of psilocybin treatment for depression from baseline fmri functional connectivity",2024,"10.1016/j.jad.2024.02.089","caracter_no_ascii_en_titulo_original",104
"WOS","Psilocybin reporting in media (PRiMe) for the treatment of depression","psilocybin reporting in media prime for the treatment of depression",2025,"10.1017/ipm.2025.10142","caracter_no_ascii_en_titulo_original",69
"WOS","The serotonin 1B receptor is required for some of the behavioral effects of psilocybin in mice","the serotonin 1b receptor is required for some of the behavioral effects of psilocybin in mice",2026,"10.1038/s41380-025-03387-1","caracter_no_ascii_en_titulo_original",94
"WOS","Psychedelic Treatment with Psilocybin: Addressing Medical Malpractice Risk and Physicians' Concerns","psychedelic treatment with psilocybin addressing medical malpractice risk and physicians concerns",2025,"10.1017/jme.2025.10109","caracter_no_ascii_en_titulo_original",99
"WOS","Safety and Mental Health Outcomes of Oregon State-Regulated Psilocybin Services","safety and mental health outcomes of oregon state regulated psilocybin services",2026,"10.1001/jamanetworkopen.2026.30608","caracter_no_ascii_en_titulo_original",79
"WOS","A Case Report of Psilocybin-induced Psychosis in a Predisposed Patient","a case report of psilocybin induced psychosis in a predisposed patient",2024,"10.9758/cpn.24.1180","caracter_no_ascii_en_titulo_original",70
"WOS","Assessing expectancy and suggestibility in a trial of escitalopram v. psilocybin for depression","assessing expectancy and suggestibility in a trial of escitalopram v psilocybin for depression",2024,"10.1017/s0033291723003653","caracter_no_ascii_en_titulo_original",95
"WOS","Microdosing psilocybin for major depressive disorder: study protocol for a phase II double-blind placebo-controlled randomised partial crossover trial","microdosing psilocybin for major depressive disorder study protocol for a phase ii double blind placebo controlled randomised partial crossover trial",2026,"10.1192/bjo.2025.10968","caracter_no_ascii_en_titulo_original",150
"WOS","Comparing Antidepressant Effects of Psilocybin-Assisted Psychotherapy in Individuals That Were Unmedicated at Initial Screening Versus Individuals Discontinuing Medications for Study Participation: Comparaison des effets antidépresseurs de la psychothérapie assistée par la psilocybine (PAP) chez les personnes non médicamentées à la sélection initiale et les personnes ayant arrêté les médicaments pour participer à l'étude","comparing antidepressant effects of psilocybin assisted psychotherapy in individuals that were unmedicated at initial screening versus individuals discontinuing medications for study participation comparaison des effets antid presseurs de la psychoth rapie assist e par la psilocybine pap chez les personnes non m dicament es la s lection initiale et les personnes ayant arr t les m dicaments pour participer l tude",2025,"10.1177/07067437251328316","caracter_no_ascii_en_titulo_original",424
"WOS","Acceptability and safety of two sequential doses of psilocybin in bipolar II depression: protocol for an open-label single-arm feasibility study","acceptability and safety of two sequential doses of psilocybin in bipolar ii depression protocol for an open label single arm feasibility study",2026,"10.1136/bmjopen-2026-118471","caracter_no_ascii_en_titulo_original",144
"WOS","The therapeutic alliance between study participants and intervention facilitators is associated with acute effects and clinical outcomes in a psilocybin-assisted therapy trial for major depressive disorder","the therapeutic alliance between study participants and intervention facilitators is associated with acute effects and clinical outcomes in a psilocybin assisted therapy trial for major depressive disorder",2024,"10.1371/journal.pone.0300501","caracter_no_ascii_en_titulo_original",205
"WOS","Single-dose psilocybin for US military Veterans with severe treatment-resistant depression - A first-in-kind open-label pilot study","single dose psilocybin for us military veterans with severe treatment resistant depression a first in kind open label pilot study",2025,"10.1016/j.jad.2024.09.133","caracter_no_ascii_en_titulo_original",131
"WOS","At the Forefront: Social Workers' Role in Psilocybin Treatment for Depression and Substance Misuse","at the forefront social workers role in psilocybin treatment for depression and substance misuse",2024,"10.1093/sw/swae019","caracter_no_ascii_en_titulo_original",98
"WOS","The role of the psychedelic experience in psilocybin treatment for treatment-resistant depression","the role of the psychedelic experience in psilocybin treatment for treatment resistant depression",2025,"10.1016/j.jad.2024.12.061","caracter_no_ascii_en_titulo_original",97
"WOS","Cost-effectiveness of psilocybin-assisted therapy for severe depression: exploratory findings from a decision analytic model","cost effectiveness of psilocybin assisted therapy for severe depression exploratory findings from a decision analytic model",2023,"10.1017/s0033291723001411","caracter_no_ascii_en_titulo_original",124
"WOS","Optimizing outcomes in psilocybin therapy: Considerations in participant evaluation and preparation","optimizing outcomes in psilocybin therapy considerations in participant evaluation and preparation",2023,"10.1016/j.jad.2023.01.077","caracter_no_ascii_en_titulo_original",99
"WOS","Early psilocybin intervention alleviates behavioral despair and cognitive impairment in stressed Wistar rats","early psilocybin intervention alleviates behavioral despair and cognitive impairment in stressed wistar rats",2025,"10.1016/j.pnpbp.2024.111243","caracter_no_ascii_en_titulo_original",108
"WOS","Results From a Long-Term Observational Follow-Up Study of a Single Dose of Psilocybin for a Treatment-Resistant Episode of Major Depressive Disorder","results from a long term observational follow up study of a single dose of psilocybin for a treatment resistant episode of major depressive disorder",2025,"10.4088/jcp.24m15449","caracter_no_ascii_en_titulo_original",148
"WOS","A critical evaluation of QIDS-SR-16 using data from a trial of psilocybin therapy versus escitalopram treatment for depression","a critical evaluation of qids sr 16 using data from a trial of psilocybin therapy versus escitalopram treatment for depression",2023,"10.1177/02698811231167848","caracter_no_ascii_en_titulo_original",126
"WOS","An open-label pilot study of psilocybin-assisted therapy for binge eating disorder","an open label pilot study of psilocybin assisted therapy for binge eating disorder",2026,"10.1186/s40337-025-01508-3","caracter_no_ascii_en_titulo_original",82
"WOS","Effect of psilocybin versus escitalopram on depression symptom severity in patients with moderate-to-severe major depressive disorder: observational 6-month follow-up of a phase 2, double-blind, randomised, controlled trial","effect of psilocybin versus escitalopram on depression symptom severity in patients with moderate to severe major depressive disorder observational 6 month follow up of a phase 2 double blind randomised controlled trial",2024,"10.1016/j.eclinm.2024.102799","caracter_no_ascii_en_titulo_original",223
"WOS","The astrocytes in the prefrontal cortex contribute to the rapid antidepressant-like effects of psilocybin in the chronic restraint stress mouse model","the astrocytes in the prefrontal cortex contribute to the rapid antidepressant like effects of psilocybin in the chronic restraint stress mouse model",2026,"10.1016/j.pnpbp.2026.111698","caracter_no_ascii_en_titulo_original",149
"WOS","Increased low-frequency brain responses to music after psilocybin therapy for depression","increased low frequency brain responses to music after psilocybin therapy for depression",2023,"10.1016/j.jad.2023.04.081","caracter_no_ascii_en_titulo_original",88
"WOS","Psilocybin for treatment resistant depression in patients taking a concomitant SSRI medication","psilocybin for treatment resistant depression in patients taking a concomitant ssri medication",2023,"10.1038/s41386-023-01648-7","caracter_no_ascii_en_titulo_original",94
"WOS","Epigenome-wide association study of psilocybin-induced methylome changes in alcohol use disorder","epigenome wide association study of psilocybin induced methylome changes in alcohol use disorder",2026,"10.1038/s41398-026-03961-3","caracter_no_ascii_en_titulo_original",96
"WOS","Microdosing psilocybin for chronic pain: a case series","microdosing psilocybin for chronic pain a case series",2023,"10.1097/j.pain.0000000000002778","caracter_no_ascii_en_titulo_original",54
"WOS","The zebrafish for preclinical psilocybin research","the zebrafish for preclinical psilocybin research",2023,"10.1016/j.neubiorev.2023.105381","caracter_no_ascii_en_titulo_original",49
"WOS","Patient perspectives and experiences with psilocybin treatment for treatment-resistant depression: a qualitative study","patient perspectives and experiences with psilocybin treatment for treatment resistant depression a qualitative study",2024,"10.1038/s41598-024-53188-9","caracter_no_ascii_en_titulo_original",118
"WOS","Structural basis for psilocybin biosynthesis","structural basis for psilocybin biosynthesis",2025,"10.1038/s41467-025-58239-x","caracter_no_ascii_en_titulo_original",44
"WOS","A comparative assessment of the antidepressant efficacy of ketamine, psilocybin, and fluoxetine in a chronic stress model","a comparative assessment of the antidepressant efficacy of ketamine psilocybin and fluoxetine in a chronic stress model",2025,"10.1038/s41598-025-29642-7","caracter_no_ascii_en_titulo_original",121
"WOS","Psilocybin mushroom stewardship: A qualitative inquiry into practices and priorities of ""underground"" psilocybin mushroom practitioners","psilocybin mushroom stewardship a qualitative inquiry into practices and priorities of underground psilocybin mushroom practitioners",2025,"10.1556/2054.2025.00375","caracter_no_ascii_en_titulo_original",135
"WOS","Attitudes of Mental Health Experts Towards Psilocybin","attitudes of mental health experts towards psilocybin",2023,"10.1055/a-1846-1161","caracter_no_ascii_en_titulo_original",53
"WOS","Insights into psilocybin use among people with bipolar disorder: A thematic analysis of Reddit posts","insights into psilocybin use among people with bipolar disorder a thematic analysis of reddit posts",2026,"10.1016/j.jad.2026.121220","caracter_no_ascii_en_titulo_original",100
"WOS","Psilocybin-assisted psychotherapy for methamphetamine use disorder: A pilot open-label safety and feasibility study","psilocybin assisted psychotherapy for methamphetamine use disorder a pilot open label safety and feasibility study",2025,"10.1111/add.70187","caracter_no_ascii_en_titulo_original",115
"WOS","Predictors of Pharmacy Students' Attitudes About the Therapeutic Use of Psilocybin","predictors of pharmacy students attitudes about the therapeutic use of psilocybin",2023,"10.7759/cureus.45169","caracter_no_ascii_en_titulo_original",82
"WOS","Behavioural and pharmacological evaluation of the psilocybin analogue baeocystin in Wistar rats","behavioural and pharmacological evaluation of the psilocybin analogue baeocystin in wistar rats",2025,"10.1016/j.pnpbp.2025.111439","caracter_no_ascii_en_titulo_original",95
"WOS","The effect of Psilocybe cubensis alkaloids on depressive-like behavior in mice exposed to maternal separation with respect to hippocampal gene expression and DNA methylation of Slc6a4 and Nr3c1","the effect of psilocybe cubensis alkaloids on depressive like behavior in mice exposed to maternal separation with respect to hippocampal gene expression and dna methylation of slc6a4 and nr3c1",2025,"10.1097/fbp.0000000000000813","caracter_no_ascii_en_titulo_original",193
"WOS","Psilocybin modulates social behaviour in male and female mice in a time-dependent manner","psilocybin modulates social behaviour in male and female mice in a time dependent manner",2026,"10.1038/s41386-026-02450-x","caracter_no_ascii_en_titulo_original",88
"WOS","Explainable AI framework for psilocybin depression treatment optimization","explainable ai framework for psilocybin depression treatment optimization",2026,"10.3389/fcomp.2025.1652190","caracter_no_ascii_en_titulo_original",73
"WOS","Psilocybin restores behavioral and neuroplastic deficits induced by chronic stress in rats","psilocybin restores behavioral and neuroplastic deficits induced by chronic stress in rats",2026,"10.1016/j.pnpbp.2026.111710","caracter_no_ascii_en_titulo_original",90
"WOS","Optimized psilocybin production in tryptophan catabolism-repressed fungi","optimized psilocybin production in tryptophan catabolism repressed fungi",2024,"10.1111/1751-7915.70039","caracter_no_ascii_en_titulo_original",72
"WOS","Psilocybin facilitates fear extinction in mice by promoting hippocampal neuroplasticity","psilocybin facilitates fear extinction in mice by promoting hippocampal neuroplasticity",2023,"10.1097/cm9.0000000000002647","caracter_no_ascii_en_titulo_original",87
"WOS","De Novo Biosynthesis of Antidepressant Psilocybin in Escherichia coli","de novo biosynthesis of antidepressant psilocybin in escherichia coli",2025,"10.1111/1751-7915.70135","caracter_no_ascii_en_titulo_original",69
"WOS","Changes in music-evoked emotion and ventral striatal functional connectivity after psilocybin therapy for depression","changes in music evoked emotion and ventral striatal functional connectivity after psilocybin therapy for depression",2023,"10.1177/02698811221125354","caracter_no_ascii_en_titulo_original",116
"WOS","Real-world effectiveness and safety of psychedelic-assisted psychotherapy: Outcomes from a large-scale compassionate use cohort in Switzerland","real world effectiveness and safety of psychedelic assisted psychotherapy outcomes from a large scale compassionate use cohort in switzerland",2026,"10.1016/j.psychres.2026.116992","caracter_no_ascii_en_titulo_original",142
"WOS","Long-Term Efficacy of Psilocybin with Adjunct Psychotherapy in Treatment-Resistant Major Depression: 6-and 12-Month Naturalistic Follow-Up of a Phase 2b Trial","long term efficacy of psilocybin with adjunct psychotherapy in treatment resistant major depression 6 and 12 month naturalistic follow up of a phase 2b trial",2026,"10.1159/000552272","caracter_no_ascii_en_titulo_original",158
"WOS","Bridging the reporting gap: Application of the ReSPCT guidelines in psilocybin clinical trial protocols","bridging the reporting gap application of the respct guidelines in psilocybin clinical trial protocols",2026,"10.1016/j.euroneuro.2025.112746","caracter_no_ascii_en_titulo_original",103
"WOS","Effects of Psilocybin on Mouse Brain Microstructure","effects of psilocybin on mouse brain microstructure",2025,"10.3174/ajnr.a8634","caracter_no_ascii_en_titulo_original",51
"WOS","Magic Mushrooms - an exploratory look at how mental health professionals feel and think about Psilocybin","magic mushrooms an exploratory look at how mental health professionals feel and think about psilocybin",2022,"10.1016/j.psychres.2022.114727","caracter_no_ascii_en_titulo_original",104
"WOS","Chronic psilocybin administration increases sociability and alters the gut microbiome in male wild-type mice but not in a preclinical model of obsessive-compulsive disorder","chronic psilocybin administration increases sociability and alters the gut microbiome in male wild type mice but not in a preclinical model of obsessive compulsive disorder",2025,"10.1016/j.neuropharm.2025.110648","caracter_no_ascii_en_titulo_original",172
"WOS","Engineering artificial biosynthetic pathways for efficient microbial production of psilocybin and psilocin","engineering artificial biosynthetic pathways for efficient microbial production of psilocybin and psilocin",2026,"10.1016/j.ymben.2025.11.002","caracter_no_ascii_en_titulo_original",106
"WOS","Psilocybin increases optimistic engagement over time: computational modelling of behaviour in rats","psilocybin increases optimistic engagement over time computational modelling of behaviour in rats",2024,"10.1038/s41398-024-03103-7","caracter_no_ascii_en_titulo_original",98
"WOS","Cognitive outcomes following psilocybin-assisted therapy in treatment-resistant depression: A post-hoc analysis of a randomized, waitlist-controlled trial","cognitive outcomes following psilocybin assisted therapy in treatment resistant depression a post hoc analysis of a randomized waitlist controlled trial",2025,"10.1016/j.pnpbp.2025.111565","caracter_no_ascii_en_titulo_original",154
"WOS","Developing the Open Psychedelic Evaluation Nexus consensus measures for assessment of supervised psilocybin services: An e-Delphi study","developing the open psychedelic evaluation nexus consensus measures for assessment of supervised psilocybin services an e delphi study",2024,"10.1177/02698811241257839","caracter_no_ascii_en_titulo_original",135
"WOS","Transient Elevation of Plasma Glucocorticoids Supports Psilocybin-Induced Anxiolysis in Mice","transient elevation of plasma glucocorticoids supports psilocybin induced anxiolysis in mice",2023,"10.1021/acsptsci.3c00123","caracter_no_ascii_en_titulo_original",92
"WOS","Age- and estrous-dependent effects of psilocybin in rats","age and estrous dependent effects of psilocybin in rats",2025,"10.1016/j.neuropharm.2025.110619","caracter_no_ascii_en_titulo_original",56
"WOS","Single-dose psilocybin promotes cell-type-specific changes of neurons in the orbitofrontal cortex","single dose psilocybin promotes cell type specific changes of neurons in the orbitofrontal cortex",2026,"10.1016/j.neurot.2026.e00841","caracter_no_ascii_en_titulo_original",97
"WOS","Psilocybin during the postpartum period induces long-lasting adverse effects in both mothers and offspring","psilocybin during the postpartum period induces long lasting adverse effects in both mothers and offspring",2025,"10.1038/s41467-025-64371-5","caracter_no_ascii_en_titulo_original",106
"WOS","Next generation antidepressants with novel mechanisms for treatment resistant depression","next generation antidepressants with novel mechanisms for treatment resistant depression",2023,"10.1016/bs.pbr.2023.02.005","caracter_no_ascii_en_titulo_original",88
"WOS","Synthesis of Psilocin, Psilocybin and 5-MeO-DMT Succinate, All Labelled With Carbon-14 at the Indole 2-Position","synthesis of psilocin psilocybin and 5 meo dmt succinate all labelled with carbon 14 at the indole 2 position",2025,"10.1002/jlcr.4155","caracter_no_ascii_en_titulo_original",111
"WOS","Deciphering psilocybin: Cytotoxicity, anti-inflammatory effects, and mechanistic insights","deciphering psilocybin cytotoxicity anti inflammatory effects and mechanistic insights",2024,"10.1016/j.intimp.2024.111753","caracter_no_ascii_en_titulo_original",89
"WOS","Manic episode following psilocybin use in a man with bipolar II disorder: a case report","manic episode following psilocybin use in a man with bipolar ii disorder a case report",2023,"10.3389/fpsyt.2023.1221131","caracter_no_ascii_en_titulo_original",87
"WOS","Psilocybin Dispensaries and Online Health Claims in Canada","psilocybin dispensaries and online health claims in canada",2025,"10.1001/jamanetworkopen.2025.2853","caracter_no_ascii_en_titulo_original",58
"WOS","Efficacy and Safety of a Single Dose of Psilocybin for Chronic Suicidal Ideation: An Open-Label Trial","efficacy and safety of a single dose of psilocybin for chronic suicidal ideation an open label trial",2026,NA,"caracter_no_ascii_en_titulo_original",101
"WOS","Psilocybin reduces grooming in the SAPAP3 knockout mouse model of compulsive behaviour","psilocybin reduces grooming in the sapap3 knockout mouse model of compulsive behaviour",2025,"10.1016/j.neuropharm.2024.110202","caracter_no_ascii_en_titulo_original",86
"WOS","A Single Administration of Psilocybin Persistently Rescues Cognitive Deficits Caused by Adolescent Chronic Restraint Stress Without Long-Term Changes in Synaptic Protein Gene Expression in a Rat Experimental System with Translational Relevance to Depression","a single administration of psilocybin persistently rescues cognitive deficits caused by adolescent chronic restraint stress without long term changes in synaptic protein gene expression in a rat experimental system with translational relevance to depression",2023,"10.1089/psymed.2022.0012","caracter_no_ascii_en_titulo_original",257
"WOS","Role of endogenous serotonin in psychedelic-like effects of psilocybin in mice","role of endogenous serotonin in psychedelic like effects of psilocybin in mice",2025,"10.1093/ijnp/pyaf035","caracter_no_ascii_en_titulo_original",78
"WOS","Research on microdosing with psilocybin mushrooms: a reflection paper","research on microdosing with psilocybin mushrooms a reflection paper",2023,"10.17151/culdr.2023.28.35.3","caracter_no_ascii_en_titulo_original",69
"WOS","Compass Psychological Support Model for COMP360 Psilocybin Treatment of Serious Mental Health Conditions","compass psychological support model for comp360 psilocybin treatment of serious mental health conditions",2025,"10.1176/appi.ajp.20230884","caracter_no_ascii_en_titulo_original",104
"WOS","Psilocybin-induced neurocardiogenic syncope: a case report","psilocybin induced neurocardiogenic syncope a case report",2026,"10.1007/s00213-026-07079-8","caracter_no_ascii_en_titulo_original",58
"WOS","Psilocybin Enhances Cued Fear Extinction and Extinction Recall in Stress-Naive, Acutely Stressed, and Chronically Stressed Mice","psilocybin enhances cued fear extinction and extinction recall in stress naive acutely stressed and chronically stressed mice",2025,"10.1021/acsptsci.5c00462","caracter_no_ascii_en_titulo_original",127
"WOS","Psilocybin restrains activity-based anorexia in female rats by enhancing cognitive flexibility: contributions from 5-HT1A and 5-HT2A receptor mechanisms","psilocybin restrains activity based anorexia in female rats by enhancing cognitive flexibility contributions from 5 ht1a and 5 ht2a receptor mechanisms",2024,"10.1038/s41380-024-02575-9","caracter_no_ascii_en_titulo_original",152
"WOS","Cystathionine Gamma-Lyase Regulate Psilocybin Biosynthesis in Gymnopilus dilepis Mushroom via Amino Acid Metabolism Pathways","cystathionine gamma lyase regulate psilocybin biosynthesis in gymnopilus dilepis mushroom via amino acid metabolism pathways",2022,"10.3390/jof8080870","caracter_no_ascii_en_titulo_original",124
"WOS","Psilocybin and Ibogaine in Cocaine-Seeking: Extinction Enhancement Without Relapse Prevention","psilocybin and ibogaine in cocaine seeking extinction enhancement without relapse prevention",2026,"10.1111/adb.70111","caracter_no_ascii_en_titulo_original",93
"WOS","Hope for Neurotic Disorders: A Summary of New Zealand Research on the Development of Biomarkers and Novel Treatments","hope for neurotic disorders a summary of new zealand research on the development of biomarkers and novel treatments",2026,"10.1002/snz2.70002","caracter_no_ascii_en_titulo_original",116
"WOS","5-MeO-DMT modifies innate behaviors and promotes structural neural plasticity in mice","5 meo dmt modifies innate behaviors and promotes structural neural plasticity in mice",2023,"10.1038/s41386-023-01572-w","caracter_no_ascii_en_titulo_original",85
"WOS","Improved mental health outcomes and normalised spontaneous EEG activity in veterans reporting a history of traumatic brain injuries following participation in a psilocybin retreat","improved mental health outcomes and normalised spontaneous eeg activity in veterans reporting a history of traumatic brain injuries following participation in a psilocybin retreat",2025,"10.3389/fpsyt.2025.1594307","caracter_no_ascii_en_titulo_original",179
"WOS","Psilocybin: Characterization of the Metastable Zone Width (MSZW), Control of Anhydrous Polymorphs, and Particle Size Distribution (PSD)","psilocybin characterization of the metastable zone width mszw control of anhydrous polymorphs and particle size distribution psd",2022,"10.1021/acsomega.1c06708","caracter_no_ascii_en_titulo_original",135
"WOS","The Effect of Combined Treatment of Psilocybin and Eugenol on Lipopolysaccharide-Induced Brain Inflammation in Mice","the effect of combined treatment of psilocybin and eugenol on lipopolysaccharide induced brain inflammation in mice",2023,"10.3390/molecules28062624","caracter_no_ascii_en_titulo_original",115
"WOS","Blocking 5-HT2B receptors abolishes psilocybin's efficacy in the rat forced swim test","blocking 5 ht2b receptors abolishes psilocybin s efficacy in the rat forced swim test",2026,"10.1177/02698811261458349","caracter_no_ascii_en_titulo_original",85
"WOS","Psilocybin-containing mushroom-assisted psychotherapy is associated with sustained psychological and somatic improvements: two case studies from Jamaica","psilocybin containing mushroom assisted psychotherapy is associated with sustained psychological and somatic improvements two case studies from jamaica",2026,"10.3389/fpsyt.2026.1876189","caracter_no_ascii_en_titulo_original",152
"WOS","Therapeutic Potential of Psilocybin for Treating Neuropsychiatric Long COVID Symptoms: A Reddit Investigation","therapeutic potential of psilocybin for treating neuropsychiatric long covid symptoms a reddit investigation",2025,"10.1080/02791072.2025.2478097","caracter_no_ascii_en_titulo_original",109
"WOS","Amid magic and menace: psychiatrists' attitudes to psilocybin therapy","amid magic and menace psychiatrists attitudes to psilocybin therapy",2024,"10.1017/ipm.2024.49","caracter_no_ascii_en_titulo_original",69
"WOS","Avoiding Stigma and Sensationalism in Therapeutic Psilocybin Communications: Considerations for Older Patients","avoiding stigma and sensationalism in therapeutic psilocybin communications considerations for older patients",2025,"10.1016/j.jagp.2025.07.003","caracter_no_ascii_en_titulo_original",110
"WOS","Striking long-term beneficial effects of single dose psilocybin and psychedelic mushroom extract in the SAPAP3 rodent model of OCD-like excessive self-grooming","striking long term beneficial effects of single dose psilocybin and psychedelic mushroom extract in the sapap3 rodent model of ocd like excessive self grooming",2025,"10.1038/s41380-024-02786-0","caracter_no_ascii_en_titulo_original",159
"WOS","The role of therapeutic alliance in psilocybin treatment for treatment-resistant depression: A post hoc path analysis","the role of therapeutic alliance in psilocybin treatment for treatment resistant depression a post hoc path analysis",2026,"10.1016/j.jad.2026.121662","caracter_no_ascii_en_titulo_original",117
"WOS","Factors Associated with Intentions to Use Psilocybin for Mental Health in Relation to Psychotherapy, Psychiatric Medications, and Natural/Synthetic Options","factors associated with intentions to use psilocybin for mental health in relation to psychotherapy psychiatric medications and natural synthetic options",2026,"10.1080/02791072.2026.2727013","caracter_no_ascii_en_titulo_original",155
"WOS","Psilocybin produces amplified acute responses and sex-specific long-term increases in sensorimotor gating in the mGlu5 knockout mouse model of schizophrenia","psilocybin produces amplified acute responses and sex specific long term increases in sensorimotor gating in the mglu5 knockout mouse model of schizophrenia",2026,"10.1038/s41386-026-02501-3","caracter_no_ascii_en_titulo_original",156
"WOS","Psilocybin-assisted therapy for treatment-resistant depression in the US: a model-based cost-effectiveness analysis","psilocybin assisted therapy for treatment resistant depression in the us a model based cost effectiveness analysis",2025,"10.1038/s41398-025-03556-4","caracter_no_ascii_en_titulo_original",115
"WOS","Divergent effects of ketamine and psilocybin on EEG power spectral density in a mismatch negativity paradigm","divergent effects of ketamine and psilocybin on eeg power spectral density in a mismatch negativity paradigm",2025,"10.1007/s00213-025-06952-2","caracter_no_ascii_en_titulo_original",108
"WOS","Acute psilocybin and ketanserin effects on cerebral blood flow: 5-HT2AR neuromodulation in healthy humans","acute psilocybin and ketanserin effects on cerebral blood flow 5 ht2ar neuromodulation in healthy humans",2025,"10.1177/0271678x251323364","caracter_no_ascii_en_titulo_original",105
"WOS","Assessing the utility of in silico tools in early drug development: The case of a pharmaceutically relevant formulation of the prodrug psilocybin","assessing the utility of in silico tools in early drug development the case of a pharmaceutically relevant formulation of the prodrug psilocybin",2024,"10.1016/j.jddst.2023.105305","caracter_no_ascii_en_titulo_original",145
"WOS","Psilocybin reduces low frequency oscillatory power and neuronal phase-locking in the anterior cingulate cortex of awake rodents","psilocybin reduces low frequency oscillatory power and neuronal phase locking in the anterior cingulate cortex of awake rodents",2022,"10.1038/s41598-022-16325-w","caracter_no_ascii_en_titulo_original",127
"WOS","Efficacy, Safety, and Tolerability of Psychedelics in Treatment-Resistant Depression ( TRD)","efficacy safety and tolerability of psychedelics in treatment resistant depression trd",2024,"10.1007/978-981-97-4402-2","caracter_no_ascii_en_titulo_original",91
"WOS","The changing outlook of psychedelic drugs: The importance of risk assessment and occupational exposure limits","the changing outlook of psychedelic drugs the importance of risk assessment and occupational exposure limits",2024,"10.1002/jat.4533","caracter_no_ascii_en_titulo_original",109
"WOS","Medical Students' Attitudes and Beliefs Toward Psilocybin: Does Terminology and Personal Experience with Psychedelics Matter?","medical students attitudes and beliefs toward psilocybin does terminology and personal experience with psychedelics matter",2023,"10.1089/psymed.2023.0022","caracter_no_ascii_en_titulo_original",125
"WOS","Psilocybin induces sex-and context-specific recruitment of the stress axis","psilocybin induces sex and context specific recruitment of the stress axis",2026,"10.1016/j.cub.2025.11.031","caracter_no_ascii_en_titulo_original",74
"WOS","Nature-themed video intervention may improve cardiovascular safety of psilocybin-assisted therapy for alcohol use disorder","nature themed video intervention may improve cardiovascular safety of psilocybin assisted therapy for alcohol use disorder",2023,"10.3389/fpsyt.2023.1215972","caracter_no_ascii_en_titulo_original",122
"WOS","Worsening suicidal ideation and prolonged adverse event following psilocybin administration in a clinical setting: case report and thematic analysis of one participant's experience","worsening suicidal ideation and prolonged adverse event following psilocybin administration in a clinical setting case report and thematic analysis of one participant s experience",2024,"10.1192/bjo.2024.768","caracter_no_ascii_en_titulo_original",180
"WOS","Psilocybin elicits a conserved glucocorticoid-responsive gene signature across five 5-HT2A receptor-rich brain regions in rat","psilocybin elicits a conserved glucocorticoid responsive gene signature across five 5 ht2a receptor rich brain regions in rat",2026,"10.1017/neu.2026.10075","caracter_no_ascii_en_titulo_original",125
"WOS","Repeated low doses of psilocybin increase resilience to stress, lower compulsive actions, and strengthen cortical connections to the paraventricular thalamic nucleus in rats","repeated low doses of psilocybin increase resilience to stress lower compulsive actions and strengthen cortical connections to the paraventricular thalamic nucleus in rats",2023,"10.1038/s41380-023-02280-z","caracter_no_ascii_en_titulo_original",173
"WOS","Modeled Long-Term Effects of Psilocybin on Dynamic Activity and Effective Connectivity of Fronto-Striatal-Thalamic Circuits","modeled long term effects of psilocybin on dynamic activity and effective connectivity of fronto striatal thalamic circuits",2026,"10.1002/hbm.70596","caracter_no_ascii_en_titulo_original",123
"WOS","Attenuation of psilocybin mushroom effects during and after SSRI/SNRI antidepressant use","attenuation of psilocybin mushroom effects during and after ssri snri antidepressant use",2023,"10.1177/02698811231179910","caracter_no_ascii_en_titulo_original",88
"WOS","Skepticism about Recent Evidence That Psilocybin Liberates Depressed Minds","skepticism about recent evidence that psilocybin liberates depressed minds",2022,"10.1021/acschemneuro.2c00461","caracter_no_ascii_en_titulo_original",74
"WOS","Single-dose (10 mg) psilocybin reduces symptoms in adults with obsessive-compulsive disorder: A pharmacological challenge study","single dose 10 mg psilocybin reduces symptoms in adults with obsessive compulsive disorder a pharmacological challenge study",2025,"10.1016/j.comppsych.2025.152619","caracter_no_ascii_en_titulo_original",127
"WOS","Dissociable effects of psilocybin and escitalopram for depression on processing of musical surprises","dissociable effects of psilocybin and escitalopram for depression on processing of musical surprises",2025,"10.1038/s41380-025-03035-8","caracter_no_ascii_en_titulo_original",100
"WOS","Personality change in a trial of psilocybin therapy v. escitalopram treatment for depression","personality change in a trial of psilocybin therapy v escitalopram treatment for depression",2024,"10.1017/s0033291723001514","caracter_no_ascii_en_titulo_original",92
"WOS","An exploration of the relationships between the effects of psilocybin on behavior, 5-HT2A receptor occupancy, and neuroplastic effects in mice","an exploration of the relationships between the effects of psilocybin on behavior 5 ht2a receptor occupancy and neuroplastic effects in mice",2026,"10.1177/02698811251395386","caracter_no_ascii_en_titulo_original",142
"WOS","Psilocybin in the real world: Regulatory, ethical, and operational challenges in Australia's clinical landscape","psilocybin in the real world regulatory ethical and operational challenges in australia s clinical landscape",2026,"10.1177/00048674251398677","caracter_no_ascii_en_titulo_original",111
"WOS","Psilocybin induces acute and persisting alterations in immune status in healthy volunteers: An experimental, placebo-controlled study","psilocybin induces acute and persisting alterations in immune status in healthy volunteers an experimental placebo controlled study",2023,"10.1016/j.bbi.2023.09.004","caracter_no_ascii_en_titulo_original",133
"WOS","Pilot study of single-dose psilocybin for serotonin reuptake inhibitor-resistant body dysmorphic disorder","pilot study of single dose psilocybin for serotonin reuptake inhibitor resistant body dysmorphic disorder",2023,"10.1016/j.jpsychires.2023.03.031","caracter_no_ascii_en_titulo_original",105
"WOS","Contribution of the Serotonin 5-HT2A Receptor to the Therapeutic Effect of Psilocin on Social Behavior Deficits in Mice Repeatedly Exposed to Social Defeat Stress","contribution of the serotonin 5 ht2a receptor to the therapeutic effect of psilocin on social behavior deficits in mice repeatedly exposed to social defeat stress",2026,"10.1002/npr2.70152","caracter_no_ascii_en_titulo_original",162
"WOS","Study protocol of an open-label proof-of-concept trial examining the safety and clinical efficacy of psilocybin-assisted therapy for veterans with PTSD","study protocol of an open label proof of concept trial examining the safety and clinical efficacy of psilocybin assisted therapy for veterans with ptsd",2023,"10.1136/bmjopen-2022-068884","caracter_no_ascii_en_titulo_original",151
"WOS","Aquahenosis: a non-pharmacological altered state of consciousness induced by floatation-REST in individuals with anxiety and depression","aquahenosis a non pharmacological altered state of consciousness induced by floatation rest in individuals with anxiety and depression",2026,"10.1093/nc/niag044","caracter_no_ascii_en_titulo_original",135
"WOS","Insights from the psychedelic experience integration session: Verbatims differentiate 3-month abstinence in alcohol use disorder with depressive symptoms","insights from the psychedelic experience integration session verbatims differentiate 3 month abstinence in alcohol use disorder with depressive symptoms",2026,"10.1016/j.jad.2026.121215","caracter_no_ascii_en_titulo_original",153
"WOS","Aesthetic chills mitigate maladaptive cognition in depression","aesthetic chills mitigate maladaptive cognition in depression",2024,"10.1186/s12888-023-05476-3","caracter_no_ascii_en_titulo_original",61
"WOS","Psilocybin, fashionable therapy for the Google world","psilocybin fashionable therapy for the google world",2023,"10.17151/culdr.2023.28.35.4","caracter_no_ascii_en_titulo_original",52
"WOS","Premorbid characteristics of the SAPAP3 mouse model of obsessive-compulsive disorder: behavior, neuroplasticity, and psilocybin treatment","premorbid characteristics of the sapap3 mouse model of obsessive compulsive disorder behavior neuroplasticity and psilocybin treatment",2025,"10.1093/ijnp/pyaf022","caracter_no_ascii_en_titulo_original",137
"WOS","New Pharmacologic Approaches to the Treatment of Bipolar Depression","new pharmacologic approaches to the treatment of bipolar depression",2023,"10.1007/s40265-023-01872-x","caracter_no_ascii_en_titulo_original",67
"WOS","Multidimensional Personality Changes Following Psilocybin-Assisted Therapy in Patients With Alcohol Use Disorder: Results From a Double-Blind, Placebo-Controlled Clinical Trial","multidimensional personality changes following psilocybin assisted therapy in patients with alcohol use disorder results from a double blind placebo controlled clinical trial",2025,"10.1176/appi.ajp.20230887","caracter_no_ascii_en_titulo_original",176
"WOS","Classic Psychedelics for the Treatment of Depression: Potential Benefits and Challenges","classic psychedelics for the treatment of depression potential benefits and challenges",2025,"10.1007/s40265-025-02172-2","caracter_no_ascii_en_titulo_original",87
"WOS","Psychedelic use and bipolar disorder - An investigation of recreational use and its impact on mental health","psychedelic use and bipolar disorder an investigation of recreational use and its impact on mental health",2025,"10.1016/j.jad.2024.12.044","caracter_no_ascii_en_titulo_original",107
"WOS","Psychedelics and the 'inner healer': Myth or mechanism?","psychedelics and the inner healer myth or mechanism",2024,"10.1177/02698811241239206","caracter_no_ascii_en_titulo_original",55
"WOS","Safety, feasibility, and preliminary clinical outcomes of psilocybin-assisted therapy for veterans with severe, treatment-resistant PTSD: an open-label pilot clinical trial","safety feasibility and preliminary clinical outcomes of psilocybin assisted therapy for veterans with severe treatment resistant ptsd an open label pilot clinical trial",2026,"10.1038/s43856-026-01767-4","caracter_no_ascii_en_titulo_original",172
"WOS","Journeying into Right Relations: Scientists Turn to Psilocybin to Shift Psychological Burdens of Global Environmental Change and Find Transformational Pathways Forward","journeying into right relations scientists turn to psilocybin to shift psychological burdens of global environmental change and find transformational pathways forward",2026,"10.1177/14767503251404263","caracter_no_ascii_en_titulo_original",167
"WOS","Long- term administration of low doses of psilocybin causes epigenetic changes in the rat medial prefrontal cortex","long term administration of low doses of psilocybin causes epigenetic changes in the rat medial prefrontal cortex",2026,"10.1007/s00213-026-07132-6","caracter_no_ascii_en_titulo_original",114
"WOS","Preclinical perspectives on the mechanisms underlying the therapeutic actions of psilocybin in psychiatric disorders","preclinical perspectives on the mechanisms underlying the therapeutic actions of psilocybin in psychiatric disorders",2023,"10.1016/j.neuropharm.2023.109504","caracter_no_ascii_en_titulo_original",116
"WOS","Psilocin fosters neuroplasticity in iPSC-derived human cortical neurons","psilocin fosters neuroplasticity in ipsc derived human cortical neurons",2026,"10.7554/elife.104006.3.sa3","caracter_no_ascii_en_titulo_original",71
"WOS","Consistent evidence that brain serotonin 2A receptor binding is positively associated with personality-based risk markers of depression","consistent evidence that brain serotonin 2a receptor binding is positively associated with personality based risk markers of depression",2025,"10.1192/bjp.2024.143","caracter_no_ascii_en_titulo_original",135
"WOS","The Use of Illicit Drugs in Therapy: an Introduction","the use of illicit drugs in therapy an introduction",2023,"10.1007/s40429-023-00509-z","caracter_no_ascii_en_titulo_original",52
"WOS","An open-label pilot trial assessing tolerability and feasibility of LSD microdosing in patients with major depressive disorder (LSDDEP1)","an open label pilot trial assessing tolerability and feasibility of lsd microdosing in patients with major depressive disorder lsddep1",2023,"10.1186/s40814-023-01399-8","caracter_no_ascii_en_titulo_original",136
"WOS","Synergistic behavioral and neuroplastic effects of psilocybin-NMDAR modulator administration","synergistic behavioral and neuroplastic effects of psilocybin nmdar modulator administration",2025,"10.1038/s41398-025-03428-x","caracter_no_ascii_en_titulo_original",92
"WOS","Unraveling psilocybin's therapeutic potential: behavioral and neuroplasticity insights in Wistar-Kyoto and Wistar male rat models of treatment-resistant depression","unraveling psilocybin s therapeutic potential behavioral and neuroplasticity insights in wistar kyoto and wistar male rat models of treatment resistant depression",2025,"10.1007/s00213-024-06644-3","caracter_no_ascii_en_titulo_original",163
"WOS","Psilocybin analog 4-OH-DiPT enhances fear extinction and GABAergic inhibition of principal neurons in the basolateral amygdala","psilocybin analog 4 oh dipt enhances fear extinction and gabaergic inhibition of principal neurons in the basolateral amygdala",2024,"10.1038/s41386-023-01744-8","caracter_no_ascii_en_titulo_original",126
"WOS","Psychedelic-assisted Therapy as a Promising Treatment for Irritable Bowel Syndrome","psychedelic assisted therapy as a promising treatment for irritable bowel syndrome",2025,"10.1097/mcg.0000000000002149","caracter_no_ascii_en_titulo_original",82
"WOS","Exploring the Therapeutic Effects of Psychedelics Administered to Military Veterans in Naturalistic Retreat Settings","exploring the therapeutic effects of psychedelics administered to military veterans in naturalistic retreat settings",2025,"10.1002/brb3.70660","caracter_no_ascii_en_titulo_original",116
"WOS","Perturbing whole-brain models of brain hierarchy: An application for depression following pharmacological treatment","perturbing whole brain models of brain hierarchy an application for depression following pharmacological treatment",2025,"10.1111/nyas.15391","caracter_no_ascii_en_titulo_original",115
"WOS","Psychedelic Treatments in Adolescent Psychopharmacology: Considering Safety, Ethics, and Scientific Rigor","psychedelic treatments in adolescent psychopharmacology considering safety ethics and scientific rigor",2025,"10.1089/cap.2024.0082","caracter_no_ascii_en_titulo_original",105
"WOS","Acute and Enduring Effects of Naturalistic Psychedelic Use Among Indigenous Peoples in Canada and the United States","acute and enduring effects of naturalistic psychedelic use among indigenous peoples in canada and the united states",2022,"10.1037/cap0000338","caracter_no_ascii_en_titulo_original",115
"WOS","Improving access to novel treatments for treatment-resistant depression: The potential role of specialist clinics in Australia","improving access to novel treatments for treatment resistant depression the potential role of specialist clinics in australia",2026,"10.1177/00048674261450390","caracter_no_ascii_en_titulo_original",126
"WOS","Ethopharmacological evaluation of antidepressant-like effect of serotonergic psychedelics in C57BL/6J male mice","ethopharmacological evaluation of antidepressant like effect of serotonergic psychedelics in c57bl 6j male mice",2024,"10.1007/s00210-023-02778-x","caracter_no_ascii_en_titulo_original",111
"WOS","Psilocin mediates long-term synaptic depression in the prelimbic cortex through 5-HT2A receptor-independent mechanisms","psilocin mediates long term synaptic depression in the prelimbic cortex through 5 ht2a receptor independent mechanisms",2026,"10.1016/j.neuropharm.2026.110854","caracter_no_ascii_en_titulo_original",118
"WOS","The Music for Subanesthetic Infusions of Ketamine randomised clinical trial: ketamine as a psychedelic treatment for highly refractory depression","the music for subanesthetic infusions of ketamine randomised clinical trial ketamine as a psychedelic treatment for highly refractory depression",2026,"10.1192/bjp.2025.102","caracter_no_ascii_en_titulo_original",145
"WOS","Serotonergic Psychedelics Rapidly Modulate Evoked Glutamate Release in Cultured Cortical Neurons","serotonergic psychedelics rapidly modulate evoked glutamate release in cultured cortical neurons",2025,"10.1111/jnc.70020","caracter_no_ascii_en_titulo_original",96
"WOS","Effects of the 5-HT2A receptor antagonist volinanserin on head-twitch response and intracranial self-stimulation depression induced by different structural classes of psychedelics in rodents","effects of the 5 ht2a receptor antagonist volinanserin on head twitch response and intracranial self stimulation depression induced by different structural classes of psychedelics in rodents",2022,"10.1007/s00213-022-06092-x","caracter_no_ascii_en_titulo_original",190
"WOS","Characteristics and mental health of psychedelic mushroom and multi-psychedelic users relative to non-psychedelic users in American adults, 2020-2021","characteristics and mental health of psychedelic mushroom and multi psychedelic users relative to non psychedelic users in american adults 2020 2021",2025,"10.3389/fpsyt.2025.1508811","caracter_no_ascii_en_titulo_original",149
"WOS","Discovery and Structure-Activity Relationships of 2,5-Dimethoxyphenylpiperidines as Selective Serotonin 5-HT2A Receptor Agonists","discovery and structure activity relationships of 2 5 dimethoxyphenylpiperidines as selective serotonin 5 ht2a receptor agonists",2024,"10.1021/acs.jmedchem.4c00082","caracter_no_ascii_en_titulo_original",128
"WOS","Antidepressant-like effects of psychedelics in a chronic despair mouse model: is the 5-HT2A receptor the unique player?","antidepressant like effects of psychedelics in a chronic despair mouse model is the 5 ht2a receptor the unique player",2024,"10.1038/s41386-024-01794-6","caracter_no_ascii_en_titulo_original",119
"WOS","Synapses, predictions, and prediction errors: A neocortical computational study of MDD using the temporal memory algorithm of HTM","synapses predictions and prediction errors a neocortical computational study of mdd using the temporal memory algorithm of htm",2023,"10.3389/fpsyt.2023.976921","caracter_no_ascii_en_titulo_original",129
"WOS","Zalsupindole is a Nondissociative, Nonhallucinogenic Neuroplastogen with Therapeutic Effects Comparable to Ketamine and Psychedelics","zalsupindole is a nondissociative nonhallucinogenic neuroplastogen with therapeutic effects comparable to ketamine and psychedelics",2025,"10.1021/acschemneuro.5c00667","caracter_no_ascii_en_titulo_original",132
"WOS","""It Fueled the Fire to Who I Am Now"": Exploring Motivations for Microdosing Psychedelics","it fueled the fire to who i am now exploring motivations for microdosing psychedelics",2025,"10.1177/00220426251395178","caracter_no_ascii_en_titulo_original",88
"WOS","Structure-Guided Design of Novel 5-HT2A Partial Agonists as Psychedelic Analogues with Antidepressant Effects","structure guided design of novel 5 ht2a partial agonists as psychedelic analogues with antidepressant effects",2025,"10.1021/acs.jmedchem.5c02045","caracter_no_ascii_en_titulo_original",109
"WOS","Exploring a Decade of Microdosing Research: A Qualitative Meta-synthesis of Microdosing Literature","exploring a decade of microdosing research a qualitative meta synthesis of microdosing literature",2026,"10.1080/01639625.2026.2624690","caracter_no_ascii_en_titulo_original",98
"WOS","A suite of engineered mice for interrogating psychedelic drug actions","a suite of engineered mice for interrogating psychedelic drug actions",2026,"10.1038/s41593-026-02375-0","caracter_no_ascii_en_titulo_original",69
"WOS","Unlocking 'stuckness' and catalysing change: A qualitative study of clinician and service leader perspectives on psychedelic-assisted therapy for substance use and mental health problems","unlocking stuckness and catalysing change a qualitative study of clinician and service leader perspectives on psychedelic assisted therapy for substance use and mental health problems",2026,"10.1111/add.70403","caracter_no_ascii_en_titulo_original",186
"WOS","Effect of oral tryptamines on the gut microbiome of rats-a preliminary study","effect of oral tryptamines on the gut microbiome of rats a preliminary study",2024,"10.7717/peerj.17517","caracter_no_ascii_en_titulo_original",76
"WOS","Addressing a major interference in the quantification of psilocin in mouse plasma: Development of a validated liquid chromatography tandem mass spectrometry method","addressing a major interference in the quantification of psilocin in mouse plasma development of a validated liquid chromatography tandem mass spectrometry method",2024,"10.1016/j.chroma.2024.465123","caracter_no_ascii_en_titulo_original",163
"WOS","Enhanced meaning in life following psychedelic use: converging evidence from controlled and naturalistic studies","enhanced meaning in life following psychedelic use converging evidence from controlled and naturalistic studies",2025,"10.3389/fpsyg.2025.1580663","caracter_no_ascii_en_titulo_original",112
"WOS","Psychedelic-assisted psychotherapy for the treatment of major depression: a synthesis of phenomenological explanations","psychedelic assisted psychotherapy for the treatment of major depression a synthesis of phenomenological explanations",2022,"10.1007/s11019-022-10070-7","caracter_no_ascii_en_titulo_original",118
"WOS","Predicting the Intensity of Psychedelic-Induced Mystical and Challenging Experience in a Healthy Population: An Exploratory Post-Hoc Analysis","predicting the intensity of psychedelic induced mystical and challenging experience in a healthy population an exploratory post hoc analysis",2023,"10.2147/ndt.s426193","caracter_no_ascii_en_titulo_original",141
"WOS","Rapid and sustained antidepressant effects of vaporized N,N-dimethyltryptamine: a phase 2a clinical trial in treatment-resistant depression","rapid and sustained antidepressant effects of vaporized n n dimethyltryptamine a phase 2a clinical trial in treatment resistant depression",2025,"10.1038/s41386-025-02091-6","caracter_no_ascii_en_titulo_original",139
"WOS","Suggested Guidelines for Applying a Systemic Lens to Psychedelic-Assisted Psychotherapy","suggested guidelines for applying a systemic lens to psychedelic assisted psychotherapy",2025,"10.1177/28314425251404021","caracter_no_ascii_en_titulo_original",87
"WOS","Rapid-acting antidepressant drugs modulate affective bias in rats","rapid acting antidepressant drugs modulate affective bias in rats",2024,"10.1126/scitranslmed.adi2403","caracter_no_ascii_en_titulo_original",65
"WOS","Expectations and Motivations for Participation in Clinical Trials Utilizing Psychedelics for Treatment-Resistant Depression: A Qualitative Study","expectations and motivations for participation in clinical trials utilizing psychedelics for treatment resistant depression a qualitative study",2026,"10.1002/brb3.71544","caracter_no_ascii_en_titulo_original",144
"WOS","Psychedelics and sexual functioning: a mixed-methods study","psychedelics and sexual functioning a mixed methods study",2024,"10.1038/s41598-023-49817-4","caracter_no_ascii_en_titulo_original",58
"WOS","Stutterers' experiences on classic psychedelics: A preliminary self-report study","stutterers experiences on classic psychedelics a preliminary self report study",2024,"10.1016/j.jfludis.2024.106062","caracter_no_ascii_en_titulo_original",80
"WOS","Molecular mechanisms of rapid-acting antidepressants: New perspectives for developing antidepressants","molecular mechanisms of rapid acting antidepressants new perspectives for developing antidepressants",2023,"10.1016/j.phrs.2023.106837","caracter_no_ascii_en_titulo_original",101
"WOS","Personal Psychedelic Use Is Common Among a Sample of Psychedelic Therapists: Implications for Research and Practice","personal psychedelic use is common among a sample of psychedelic therapists implications for research and practice",2023,"10.1089/psymed.2022.0004","caracter_no_ascii_en_titulo_original",115
"WOS","Effects of psychedelic use on authoritarian attitudes revisited","effects of psychedelic use on authoritarian attitudes revisited",2026,"10.1177/02698811261443677","caracter_no_ascii_en_titulo_original",63
"WOS","Therapeutic Potential of Classical Psychedelics and Non-Hallucinogenic Psychoplastogens in Psychiatric Disorders","therapeutic potential of classical psychedelics and non hallucinogenic psychoplastogens in psychiatric disorders",2026,"10.65801/pcp.3512","caracter_no_ascii_en_titulo_original",112
"WOS","The Medial Prefrontal Cortex Modulates Psychedelic-like Effects of Psilocin","the medial prefrontal cortex modulates psychedelic like effects of psilocin",2025,"10.1021/acsptsci.5c00324","caracter_no_ascii_en_titulo_original",75
"WOS","Adverse experiences resulting in emergency medical treatment seeking following the use of magic mushrooms","adverse experiences resulting in emergency medical treatment seeking following the use of magic mushrooms",2022,"10.1177/02698811221084063","caracter_no_ascii_en_titulo_original",105
"WOS","'So many relationships in the room': Participant perspectives on the affordances and challenges of co-therapy in psychedelic assisted therapy","so many relationships in the room participant perspectives on the affordances and challenges of co therapy in psychedelic assisted therapy",2026,"10.1111/papt.70098","caracter_no_ascii_en_titulo_original",141
"WOS","Socio-psychedelic imaginaries: envisioning and building legal psychedelic worlds in the United States","socio psychedelic imaginaries envisioning and building legal psychedelic worlds in the united states",2022,"10.1186/s40309-022-00199-2","caracter_no_ascii_en_titulo_original",101
"WOS","Aesthetic quality of psychedelic experience is linked to insight and psychological outcomes","aesthetic quality of psychedelic experience is linked to insight and psychological outcomes",2025,"10.3389/fpsyg.2025.1533055","caracter_no_ascii_en_titulo_original",91
"WOS","Challenges with clinical trial participants in studies with classical psychedelics: A position statement from the National Network of Depression Centers' task group on psychedelics and related compounds","challenges with clinical trial participants in studies with classical psychedelics a position statement from the national network of depression centers task group on psychedelics and related compounds",2026,"10.1177/02698811251413490","caracter_no_ascii_en_titulo_original",202
"WOS","Beyond the 5-HT2A Receptor: Classic and Nonclassic Targets in Psychedelic Drug Action","beyond the 5 ht2a receptor classic and nonclassic targets in psychedelic drug action",2023,"10.1523/jneurosci.1384-23.2023","caracter_no_ascii_en_titulo_original",85
"WOS","Preliminary validation and refinement of the psychedelic aesthetic experience questionnaire","preliminary validation and refinement of the psychedelic aesthetic experience questionnaire",2025,"10.3389/fpsyg.2025.1648968","caracter_no_ascii_en_titulo_original",91
"WOS","Time-dependent effects of rapid-acting antidepressants in iPSC-derived neurons from treatment-resistant depression and healthy volunteers","time dependent effects of rapid acting antidepressants in ipsc derived neurons from treatment resistant depression and healthy volunteers",2026,"10.1038/s41380-026-03768-0","caracter_no_ascii_en_titulo_original",137
"WOS","Rural-Urban Disparities in Access to Interventional Psychiatry Treatments Among US Department of Veterans Affairs Patients","rural urban disparities in access to interventional psychiatry treatments among us department of veterans affairs patients",2026,"10.1037/rmh0000333","caracter_no_ascii_en_titulo_original",122
"WOS","Characteristics of Ongoing Clinical Trials of Psychogenic Substances for Psychiatric Disorders","characteristics of ongoing clinical trials of psychogenic substances for psychiatric disorders",2025,"10.1097/jcp.0000000000002095","caracter_no_ascii_en_titulo_original",94
"WOS","Synergistic psychedelic - NMDAR modulator treatment for neuropsychiatric disorders","synergistic psychedelic nmdar modulator treatment for neuropsychiatric disorders",2024,"10.1038/s41380-023-02312-8","caracter_no_ascii_en_titulo_original",82
"WOS","A novel psychedelic 5-HT2A receptor agonist GM-2505: The pharmacokinetic, safety, and pharmacodynamic profile from a randomized trial healthy volunteer","a novel psychedelic 5 ht2a receptor agonist gm 2505 the pharmacokinetic safety and pharmacodynamic profile from a randomized trial healthy volunteer",2026,"10.1177/02698811251378512","caracter_no_ascii_en_titulo_original",151
"WOS","Psilocybin, moralization and psychotherapy: a coping review and a case report","psilocybin moralization and psychotherapy a coping review and a case report",2025,"10.1080/09515089.2024.2389962","caracter_no_ascii_en_titulo_original",77
"WOS","Differential effects of psilocybin derivatives on fentanyl-induced conditioned place preference in male and female mice","differential effects of psilocybin derivatives on fentanyl induced conditioned place preference in male and female mice",2026,"10.1177/02698811261478613","caracter_no_ascii_en_titulo_original",119
"WOS","Phenomenological assessment of psychedelics induced experiences: Translation and validation of the German Challenging Experience Questionnaire (CEQ) and Ego-Dissolution Inventory (EDI)","phenomenological assessment of psychedelics induced experiences translation and validation of the german challenging experience questionnaire ceq and ego dissolution inventory edi",2022,"10.1371/journal.pone.0264927","caracter_no_ascii_en_titulo_original",184
"WOS","Serotonin 5-HT2A receptor expression is chronically decreased in the anterior cerebral cortex of male rats following repetitive low-level blast exposure","serotonin 5 ht2a receptor expression is chronically decreased in the anterior cerebral cortex of male rats following repetitive low level blast exposure",2025,"10.3389/fneur.2025.1594335","caracter_no_ascii_en_titulo_original",152
"WOS","Self-administered complementary and alternative methods of treating mental disorders among students in Wrocław: a cross-sectional study","self administered complementary and alternative methods of treating mental disorders among students in wroc aw a cross sectional study",2026,"10.3389/fpubh.2025.1734137","caracter_no_ascii_en_titulo_original",135
"WOS","Psychedelics and autism spectrum disorder: Mechanistic insights, translational evidence and ethical challenges","psychedelics and autism spectrum disorder mechanistic insights translational evidence and ethical challenges",2026,"10.1016/j.jpsychires.2026.06.035","caracter_no_ascii_en_titulo_original",110
"WOS","Assessment of Bioactivity-Modulating Pseudo-Ring Formation in Psilocin and Related Tryptamines","assessment of bioactivity modulating pseudo ring formation in psilocin and related tryptamines",2022,"10.1002/cbic.202200183","caracter_no_ascii_en_titulo_original",94
"WOS","Psychedelic-Induced Serotonin 2A Receptor Downregulation Does Not Predict Swim Stress Coping in Mice","psychedelic induced serotonin 2a receptor downregulation does not predict swim stress coping in mice",2022,"10.3390/ijms232315284","caracter_no_ascii_en_titulo_original",100
"WOS","Mystery shopper assessments of cannabis retailer practices and regulatory compliance in five US states, 2025","mystery shopper assessments of cannabis retailer practices and regulatory compliance in five us states 2025",2026,"10.1016/j.drugalcdep.2026.113218","caracter_no_ascii_en_titulo_original",108
"WOS","Indigenous-Amazonian Traditional Medicine's Usage of the Tobacco Plant: A Transdisciplinary Ethnopsychological Mixed-Methods Case Study","indigenous amazonian traditional medicine s usage of the tobacco plant a transdisciplinary ethnopsychological mixed methods case study",2023,"10.3390/plants12020346","caracter_no_ascii_en_titulo_original",135
"WOS","The Watts Connectedness Scale: a new scale for measuring a sense of connectedness to self, others, and world","the watts connectedness scale a new scale for measuring a sense of connectedness to self others and world",2022,"10.1007/s00213-022-06187-5","caracter_no_ascii_en_titulo_original",108
"WOS","Psychoactive mushroom edibles: trends and toxicities reported to the United States National Poison Data System®, 2023-2024","psychoactive mushroom edibles trends and toxicities reported to the united states national poison data system 2023 2024",2026,"10.1080/15563650.2025.2599402","caracter_no_ascii_en_titulo_original",122
"WOS","MFCC-DFT mapping of ligand recognition at the 5-HT2A receptor: energetic analysis of the interactions between serotonin, psychedelics, and antipsychotics","mfcc dft mapping of ligand recognition at the 5 ht2a receptor energetic analysis of the interactions between serotonin psychedelics and antipsychotics",2026,"10.1039/d6cp00943c","caracter_no_ascii_en_titulo_original",153
"WOS","Lessons learned from the regulatory alignment in ketamine, esketamine and arketamine clinical trials: A cross-sectional analysis of protocols from ClinicalTrials.gov","lessons learned from the regulatory alignment in ketamine esketamine and arketamine clinical trials a cross sectional analysis of protocols from clinicaltrials gov",2025,"10.1016/j.psychres.2025.116559","caracter_no_ascii_en_titulo_original",165
"WOS","Beliefs and Perceived Barriers Regarding Psychedelic-assisted Therapy in a Pilot Study of Service Members and Veterans With a History of Traumatic Brain Injury","beliefs and perceived barriers regarding psychedelic assisted therapy in a pilot study of service members and veterans with a history of traumatic brain injury",2023,"10.1093/milmed/usac400","caracter_no_ascii_en_titulo_original",159
"WOS","Effects of conscious connected breathing on cortical brain activity, mood and state of consciousness in healthy adults","effects of conscious connected breathing on cortical brain activity mood and state of consciousness in healthy adults",2024,"10.1007/s12144-023-05119-6","caracter_no_ascii_en_titulo_original",118
"WOS","American Psychiatrists' Opinions About Classic Hallucinogens and Their Potential Therapeutic Applications: A 7-Year Follow-Up Survey","american psychiatrists opinions about classic hallucinogens and their potential therapeutic applications a 7 year follow up survey",2024,"10.1089/psymed.2023.0036","caracter_no_ascii_en_titulo_original",132
"WOS","Differences across sexes on head-twitch behavior and 5-HT2A receptor signaling in C57BL/6J mice","differences across sexes on head twitch behavior and 5 ht2a receptor signaling in c57bl 6j mice",2022,"10.1016/j.neulet.2022.136836","caracter_no_ascii_en_titulo_original",95
"WOS","Structural insights into tryptamine psychedelics: The role of hydroxyl indole ring site in 5-HT2A receptor activation and psychedelic-like activity","structural insights into tryptamine psychedelics the role of hydroxyl indole ring site in 5 ht2a receptor activation and psychedelic like activity",2025,"10.1016/j.ejmech.2024.117049","caracter_no_ascii_en_titulo_original",147
"WOS","Convergent neuroimmune signaling underlying rapid antidepressant response to ketamine and psychedelics","convergent neuroimmune signaling underlying rapid antidepressant response to ketamine and psychedelics",2026,"10.1038/s41380-026-03777-z","caracter_no_ascii_en_titulo_original",102
"OVID","Treatment Expectancies and Psilocybin vs Escitalopram for Depression.","treatment expectancies and psilocybin vs escitalopram for depression",2025,"10.1001/jamapsychiatry.2024.4387","caracter_no_ascii_en_titulo_original",69
"OVID","Psilocybin for major depressive disorder:  An updated systematic review and meta-analysis of randomized clinical trials.","psilocybin for major depressive disorder an updated systematic review and meta analysis of randomized clinical trials",2026,"10.1177/02698811241287542","caracter_no_ascii_en_titulo_original",120
"OVID","Psilocybin-assisted therapy for individuals with palliative care needs:  A systematic review of safety and efficacy.","psilocybin assisted therapy for individuals with palliative care needs a systematic review of safety and efficacy",2026,"10.1177/02692163251383335","caracter_no_ascii_en_titulo_original",116
"OVID","Psilocybin as a novel treatment for chronic pain.","psilocybin as a novel treatment for chronic pain",2024,"10.1111/bph.17420","caracter_no_ascii_en_titulo_original",49
"OVID","Psilocybin shows mixed results for patients with treatment-resistant depression.","psilocybin shows mixed results for patients with treatment resistant depression",2026,"10.1002/pu.31461","caracter_no_ascii_en_titulo_original",80
"OVID","Pharmacokinetic and pharmacodynamic rational for expanding the therapeutic landscape of psilocybin beyond depression.","pharmacokinetic and pharmacodynamic rational for expanding the therapeutic landscape of psilocybin beyond depression",2026,"10.1016/j.phrs.2026.108290","caracter_no_ascii_en_titulo_original",117
"OVID","Short-Term and Late-Term Effects of Psilocybin on Symptoms in Major Depression: A Randomized Clinical Trial.","short term and late term effects of psilocybin on symptoms in major depression a randomized clinical trial",2026,"10.1001/jamanetworkopen.2026.12589","caracter_no_ascii_en_titulo_original",108
"OVID","Psilocybin-assisted therapy in treatment-resistant depression:  rapid remission, uncertain durability, and the next phase of clinical evidence.","psilocybin assisted therapy in treatment resistant depression rapid remission uncertain durability and the next phase of clinical evidence",2026,"10.1097/ms9.0000000000005244","caracter_no_ascii_en_titulo_original",143
"OVID","The Relationship Between Participant Pretreatment Clinical Presentation and the Quality of Psilocybin Experience: A Retrospective Analysis.","the relationship between participant pretreatment clinical presentation and the quality of psilocybin experience a retrospective analysis",2026,"10.1097/jcp.0000000000002119","caracter_no_ascii_en_titulo_original",139
"OVID","An Open-Label Study of Single-Dose Psilocybin for Borderline Personality Disorder With Co-Occurring Major Depressive Disorder.","an open label study of single dose psilocybin for borderline personality disorder with co occurring major depressive disorder",2026,"10.1097/wnf.0000000000000683","caracter_no_ascii_en_titulo_original",126
"OVID","Psilocybin for Depression: Not Ready for Prime Time.","psilocybin for depression not ready for prime time",2026,"10.1056/clinjwna59987","caracter_no_ascii_en_titulo_original",52
"OVID","Effect of psilocybin therapy on suicidal ideation, attempts, and deaths in people with psychiatric diagnoses:  a systematic review and meta-analysis.","effect of psilocybin therapy on suicidal ideation attempts and deaths in people with psychiatric diagnoses a systematic review and meta analysis",2025,"10.1177/20451253251372449","caracter_no_ascii_en_titulo_original",149
"OVID","Examining mystical experiences as a predictor of psilocybin-assisted psychotherapy for treatment-resistant depression.","examining mystical experiences as a predictor of psilocybin assisted psychotherapy for treatment resistant depression",2025,"10.1177/02698811251346697","caracter_no_ascii_en_titulo_original",118
"OVID","Pharmacological Management of Anxiety in End-of-Life Care:  A Systematic Review of Benzodiazepines, Opioids, and Psilocybin.","pharmacological management of anxiety in end of life care a systematic review of benzodiazepines opioids and psilocybin",2026,"10.1002/hup.70032","caracter_no_ascii_en_titulo_original",124
"OVID","Correction to ""Acceptability of psilocybin-assisted group therapy in patients with cancer and major depressive disorder:  Qualitative analysis"".","correction to acceptability of psilocybin assisted group therapy in patients with cancer and major depressive disorder qualitative analysis",2025,"10.1002/cncr.70003","caracter_no_ascii_en_titulo_original",144
"OVID","The safety of psilocybin-assisted psychotherapy:  A systematic review.","the safety of psilocybin assisted psychotherapy a systematic review",2025,"10.1177/00048674241289024","caracter_no_ascii_en_titulo_original",70
"OVID","Psilocybin-assisted psychotherapy for Parkinson's disease without depression:  A case-report.","psilocybin assisted psychotherapy for parkinson s disease without depression a case report",2025,"10.1177/1877718x241312604","caracter_no_ascii_en_titulo_original",93
"OVID","Control group improvement lower in psilocybin trials for depression.","control group improvement lower in psilocybin trials for depression",2025,"10.1002/pu.31371","caracter_no_ascii_en_titulo_original",68
"OVID","The pharmacological treatment of anxiety in people with eating disorders: A systematic review.","the pharmacological treatment of anxiety in people with eating disorders a systematic review",2025,"10.1016/j.phrs.2025.107782","caracter_no_ascii_en_titulo_original",94
"OVID","Trial finds psilocybin improves symptoms in treatment-resistant depression.","trial finds psilocybin improves symptoms in treatment resistant depression",2025,"10.1002/pu.31317","caracter_no_ascii_en_titulo_original",75
"OVID","Control Group Outcomes in Trials of Psilocybin, SSRIs, or Esketamine for Depression: A Meta-Analysis.","control group outcomes in trials of psilocybin ssris or esketamine for depression a meta analysis",2025,"10.1001/jamanetworkopen.2025.24119","caracter_no_ascii_en_titulo_original",101
"OVID","Neurobiological mechanisms of antidepressant properties of psilocybin: A systematic review of blood biomarkers.","neurobiological mechanisms of antidepressant properties of psilocybin a systematic review of blood biomarkers",2025,"10.1016/j.pnpbp.2025.111251","caracter_no_ascii_en_titulo_original",111
"OVID","Psilocybin for clinical indications:  A scoping review.","psilocybin for clinical indications a scoping review",2024,"10.1177/02698811241269751","caracter_no_ascii_en_titulo_original",55
"OVID","EXPRESSION OF CONCERN: Efficacy of psilocybin for treating symptoms of depression: systematic review and meta-analysis.","expression of concern efficacy of psilocybin for treating symptoms of depression systematic review and meta analysis",2024,"10.1136/bmj.q1025","caracter_no_ascii_en_titulo_original",119
"OVID","Psilocybin reduces symptoms in treatment resistant depression, trial results show.","psilocybin reduces symptoms in treatment resistant depression trial results show",2024,"10.1136/bmj.o2623","caracter_no_ascii_en_titulo_original",82
"OVID","Psilocybin Therapy for Clinicians With Symptoms of Depression From Frontline Care During the COVID-19 Pandemic: A Randomized Clinical Trial.","psilocybin therapy for clinicians with symptoms of depression from frontline care during the covid 19 pandemic a randomized clinical trial",2024,"10.1001/jamanetworkopen.2024.49026","caracter_no_ascii_en_titulo_original",140
"OVID","Psilocybin Improved Depression Among Frontline COVID-19 Care Providers.","psilocybin improved depression among frontline covid 19 care providers",2025,"10.1056/nejm-jw.na58283","caracter_no_ascii_en_titulo_original",71
"OVID","Psilocybin-assisted group therapy in patients with cancer diagnosed with a major depressive disorder.","psilocybin assisted group therapy in patients with cancer diagnosed with a major depressive disorder",2024,"10.1002/cncr.35010","caracter_no_ascii_en_titulo_original",101
"OVID","Exploring psychedelic use in athletes and their attitudes toward psilocybin-assisted therapy in concussion recovery.","exploring psychedelic use in athletes and their attitudes toward psilocybin assisted therapy in concussion recovery",2024,"10.1177/20451253241264812","caracter_no_ascii_en_titulo_original",116
"OVID","Treating Bipolar Depression Using Psilocybin-Validity Threats Regarding Efficacy and Safety-Reply.","treating bipolar depression using psilocybin validity threats regarding efficacy and safety reply",2024,"10.1001/jamapsychiatry.2024.0423","caracter_no_ascii_en_titulo_original",98
"OVID","Treating Bipolar Depression Using Psilocybin-Validity Threats Regarding Efficacy and Safety.","treating bipolar depression using psilocybin validity threats regarding efficacy and safety",2024,"10.1001/jamapsychiatry.2024.0420","caracter_no_ascii_en_titulo_original",92
"OVID","Psilocybin for depression.","psilocybin for depression",2024,"10.1136/bmj.q798","caracter_no_ascii_en_titulo_original",26
"OVID","Efficacy of psilocybin for treating symptoms of depression: systematic review and meta-analysis.","efficacy of psilocybin for treating symptoms of depression systematic review and meta analysis",2024,"10.1136/bmj-2023-078084","caracter_no_ascii_en_titulo_original",96
"OVID","Is psilocybin effective for treatment of depression?.","is psilocybin effective for treatment of depression",2024,"10.1097/ebp.0000000000002021","caracter_no_ascii_en_titulo_original",53
"OVID","Personality Change in a Trial of Psilocybin Therapy vs Escitalopram Treatment for Depression - CORRIGENDUM.","personality change in a trial of psilocybin therapy vs escitalopram treatment for depression corrigendum",2024,"10.1017/s0033291723002039","caracter_no_ascii_en_titulo_original",107
"OVID","Single dose of psilocybin improves depressive symptoms in Phase 2 study.","single dose of psilocybin improves depressive symptoms in phase 2 study",2023,"10.1002/pu.31093","caracter_no_ascii_en_titulo_original",72
"OVID","Psilocybin therapy to reduce depression following a terminal diagnosis.","psilocybin therapy to reduce depression following a terminal diagnosis",2023,"10.1097/01.jaa.0000994952.07847.2d","caracter_no_ascii_en_titulo_original",71
"OVID","Psilocybin, escitalopram have comparable effects on personality in patients with depression.","psilocybin escitalopram have comparable effects on personality in patients with depression",2023,"10.1002/pu.31080","caracter_no_ascii_en_titulo_original",92
"OVID","Single-Dose Psilocybin Treatment for Major Depressive Disorder: A Randomized Clinical Trial.","single dose psilocybin treatment for major depressive disorder a randomized clinical trial",2023,"10.1001/jama.2023.14530","caracter_no_ascii_en_titulo_original",92
"OVID","Comparative antidepressant effects and safety of intravenous racemic ketamine, psilocybin and theta burst stimulation for major depressive disorder:  A systematic review and network meta-analyses of randomized controlled trials.","comparative antidepressant effects and safety of intravenous racemic ketamine psilocybin and theta burst stimulation for major depressive disorder a systematic review and network meta analyses of randomized controlled trials",2024,"10.1002/pcn5.70042","caracter_no_ascii_en_titulo_original",228
"OVID","Psilocybin therapy:  A novel approach to treating depression.","psilocybin therapy a novel approach to treating depression",2023,"10.1097/gh9.0000000000000175","caracter_no_ascii_en_titulo_original",61
"OVID","Long term efficacy of psilocybin in patients with cancer and major depressive disorder (MDD).","long term efficacy of psilocybin in patients with cancer and major depressive disorder mdd",2023,"10.1200/jco.2023.41.16_suppl.12021","caracter_no_ascii_en_titulo_original",93
"OVID","Assessment of Psilocybin Therapy for Patients With Cancer and Major Depression Disorder.","assessment of psilocybin therapy for patients with cancer and major depression disorder",2023,"10.1001/jamaoncol.2023.0351","caracter_no_ascii_en_titulo_original",88
"OVID","Psilocybin for Treatment-Resistant Depression.","psilocybin for treatment resistant depression",2023,"10.1056/nejmc2215459","caracter_no_ascii_en_titulo_original",46
"OVID","Novel Approaches for Managing Depression.","novel approaches for managing depression",2023,"10.1056/nejm-jw.na56885","caracter_no_ascii_en_titulo_original",41
"OVID","Efficacy and safety of psilocybin-assisted treatment for major depressive disorder:  Prospective 12-month follow-up.","efficacy and safety of psilocybin assisted treatment for major depressive disorder prospective 12 month follow up",2022,"10.1177/02698811211073759","caracter_no_ascii_en_titulo_original",116
"OVID","Single-Dose Psilocybin for a Treatment-Resistant Episode of Major Depression.","single dose psilocybin for a treatment resistant episode of major depression",2022,"10.1056/nejmoa2206443","caracter_no_ascii_en_titulo_original",77
"OVID","The safety and efficacy of psilocybin therapy in patients with cancer and major depressive disorder.","the safety and efficacy of psilocybin therapy in patients with cancer and major depressive disorder",2022,"10.1200/jco.2022.40.16_suppl.12097","caracter_no_ascii_en_titulo_original",100
"OVID","Evaluation of a facilitator training program in a randomized controlled trial of psilocybin treatment for depression","evaluation of a facilitator training program in a randomized controlled trial of psilocybin treatment for depression",2026,"10.1186/s12909-026-09124-8","caracter_no_ascii_en_titulo_original",116
"OVID","Human brain changes after first psilocybin use","human brain changes after first psilocybin use",2026,"10.1038/s41467-026-71962-3","caracter_no_ascii_en_titulo_original",46
"OVID","COMBINATION OF PSILOCYBIN AND COGNITIVE BEHAVIORAL THERAPY IMPROVES OXYTOCIN LEVELS AND DEPRESSIVE SYMPTOMS IN PATIENTS WITH MAJOR DEPRESSIVE DISORDER","combination of psilocybin and cognitive behavioral therapy improves oxytocin levels and depressive symptoms in patients with major depressive disorder",2026,"10.4238/e91xh631","caracter_no_ascii_en_titulo_original",150
"OVID","Microdosing psilocybin for major depressive disorder: study protocol for a phase II double-blind placebo-controlled randomised partial crossover trial - CORRIGENDUM","microdosing psilocybin for major depressive disorder study protocol for a phase ii double blind placebo controlled randomised partial crossover trial corrigendum",2026,"10.1192/bjo.2026.12000","caracter_no_ascii_en_titulo_original",164
"OVID","Psilocybin-assisted psychotherapy improves psychiatric symptoms across multiple dimensions in patients with cancer","psilocybin assisted psychotherapy improves psychiatric symptoms across multiple dimensions in patients with cancer",2024,"10.1038/s44220-024-00331-0","caracter_no_ascii_en_titulo_original",114
"OVID","Single-dose psilocybin for a treatment-resistant episode of major depression: impact on patient-reported depression severity, anxiety, function, and quality of life","single dose psilocybin for a treatment resistant episode of major depression impact on patient reported depression severity anxiety function and quality of life",2023,"10.1016/j.jad.2023.01.108","caracter_no_ascii_en_titulo_original",164
"OVID","How does psilocybin therapy work? An exploration of experiential avoidance as a putative mechanism of change","how does psilocybin therapy work an exploration of experiential avoidance as a putative mechanism of change",2023,"10.1016/j.jad.2023.04.105","caracter_no_ascii_en_titulo_original",108
"OVID","Psilocybin-assisted therapy for major depressive disorder: an exploratory placebo-controlled, fixed-order trial","psilocybin assisted therapy for major depressive disorder an exploratory placebo controlled fixed order trial",2023,"10.1177/02698811231154852","caracter_no_ascii_en_titulo_original",111
"OVID","Sub-acute effects of psilocybin on EEG correlates of neural plasticity in major depression: relationship to symptoms","sub acute effects of psilocybin on eeg correlates of neural plasticity in major depression relationship to symptoms",2023,"10.1177/02698811231179800","caracter_no_ascii_en_titulo_original",116
"OVID","Psychological flexibility as a mechanism of change in psilocybin-assisted therapy for major depression: results from an exploratory placebo-controlled trial","psychological flexibility as a mechanism of change in psilocybin assisted therapy for major depression results from an exploratory placebo controlled trial",2024,"10.1038/s41598-024-58318-x","caracter_no_ascii_en_titulo_original",156
"OVID","Psilocybin increases emotional empathy in patients with major depression","psilocybin increases emotional empathy in patients with major depression",2025,"10.1038/s41380-024-02875-0","caracter_no_ascii_en_titulo_original",72
"OVID","Reduced Brain Responsiveness to Emotional Stimuli With Escitalopram But Not Psilocybin Therapy for Depression","reduced brain responsiveness to emotional stimuli with escitalopram but not psilocybin therapy for depression",2025,"10.1176/appi.ajp.20230751","caracter_no_ascii_en_titulo_original",109
"OVID","The effects of psilocybin therapy versus escitalopram on cognitive bias: a secondary analysis of a randomized controlled trial","the effects of psilocybin therapy versus escitalopram on cognitive bias a secondary analysis of a randomized controlled trial",2025,"10.1016/j.euroneuro.2025.06.003","caracter_no_ascii_en_titulo_original",126
"OVID","PSILOCYBIN FOR TREATMENT-RESISTANT MAJOR DEPRESSION - RESULTS FROM AN ACADEMIC PHASE 2B RANDOMIZED-CONTROLLED TRIAL","psilocybin for treatment resistant major depression results from an academic phase 2b randomized controlled trial",2024,"10.1038/s41386-024-02013-y","caracter_no_ascii_en_titulo_original",115
"OVID","PSILOCYBIN THERAPY FOR DEPRESSION AND ANXIETY IN PARKINSON'S DISEASE: AN OPEN-LABEL PILOT STUDY","psilocybin therapy for depression and anxiety in parkinson s disease an open label pilot study",2024,"10.1038/s41386-024-02012-z","caracter_no_ascii_en_titulo_original",95
"OVID","CYB003 Produces Robust and Enduring Antidepressant Effects in Patients With Major Depressive Disorder (MDD)","cyb003 produces robust and enduring antidepressant effects in patients with major depressive disorder mdd",2024,"10.1038/s41386-024-02011-0","caracter_no_ascii_en_titulo_original",107
"OVID","Preliminary Effects of Psilocybin in Patients With Major Depressive Disorder and Co-Occurring Alcohol Use Disorder","preliminary effects of psilocybin in patients with major depressive disorder and co occurring alcohol use disorder",2024,"10.1038/s41386-024-02010-1","caracter_no_ascii_en_titulo_original",114
"OVID","Methodological challenges in psychedelic drug trials: efficacy and safety of psilocybin in treatment-resistant major depression (EPIsoDE) - Rationale and study design","methodological challenges in psychedelic drug trials efficacy and safety of psilocybin in treatment resistant major depression episode rationale and study design",2022,"10.1016/j.nsa.2022.100104","caracter_no_ascii_en_titulo_original",166
"OVID","LONG-TERM EFFICACY OF PSILOCYBIN IN TREATMENTRESISTANT MAJOR DEPRESSION (EPISODE): 6- AND 12-MONTH OBSERVATIONAL FOLLOW-UP OF A PHASE 2B TRIAL","long term efficacy of psilocybin in treatmentresistant major depression episode 6 and 12 month observational follow up of a phase 2b trial",2026,"10.1038/s41386-025-02281-2","caracter_no_ascii_en_titulo_original",142
"OVID","PRELIMINARY FINDINGS OF AN 8-WEEK PROOF OF CONCEPT TRIAL EVALUATING PSILOCYBIN-ASSISTEDPSYCHOTHERAPY IN ADULTS WITH CANNABIS USE DISORDER","preliminary findings of an 8 week proof of concept trial evaluating psilocybin assistedpsychotherapy in adults with cannabis use disorder",2026,"10.1038/s41386-025-02280-3","caracter_no_ascii_en_titulo_original",137
"OVID","Impact of Psilocybin on Peripheral Cytokine Production","impact of psilocybin on peripheral cytokine production",2024,"10.1089/psymed.2023.0039","caracter_no_ascii_en_titulo_original",54
"OVID","Changes in symptoms of anhedonia with psilocybin-assisted psychotherapy: a secondary analysis of a randomized clinical trial for treatment-resistant depression","changes in symptoms of anhedonia with psilocybin assisted psychotherapy a secondary analysis of a randomized clinical trial for treatment resistant depression",2024,"10.1111/bdi.13476","caracter_no_ascii_en_titulo_original",159
"OVID","Psilocybin-Assisted Group Psychotherapy + Mindfulness Based Stress Reduction (MBSR) for Frontline Healthcare Provider COVID-19 Related Depression and Burnout: a Randomized Clinical Trial","psilocybin assisted group psychotherapy mindfulness based stress reduction mbsr for frontline healthcare provider covid 19 related depression and burnout a randomized clinical trial",2025,"10.1101/2024.12.31.24319806","caracter_no_ascii_en_titulo_original",186
"OVID","Stepping back into life: how Psychedelic Assisted Psychotherapy transforms the way of life of the terminally ill","stepping back into life how psychedelic assisted psychotherapy transforms the way of life of the terminally ill",2026,"10.1016/j.genhosppsych.2025.12.002","caracter_no_ascii_en_titulo_original",112
"OVID","Ketamine and Psilocybin Differentially Impact Sensory Learning During the Mismatch Negativity","ketamine and psilocybin differentially impact sensory learning during the mismatch negativity",2025,"10.1101/2025.11.06.687023","caracter_no_ascii_en_titulo_original",93
"OVID","PSILOCYBIN AND KETANSERIN VS RTMS IN TREATMENT-RESISTANT DEPRESSION: ENHANCING TOLERABILITY BY MITIGATING PSYCHEDELIC EFFECTS","psilocybin and ketanserin vs rtms in treatment resistant depression enhancing tolerability by mitigating psychedelic effects",2025,"10.1093/ijnp/pyaf052.093","caracter_no_ascii_en_titulo_original",125
"OVID","Psilocybin-assisted therapy for severe alcohol use disorder: protocol for a double-blind, randomized, placebo-controlled, 7-month parallel-group phase II superiority trial","psilocybin assisted therapy for severe alcohol use disorder protocol for a double blind randomized placebo controlled 7 month parallel group phase ii superiority trial",2024,"10.1186/s12888-024-05502-y","caracter_no_ascii_en_titulo_original",171
"OVID","Psilocybin's Effects on Headache Frequency are Not Related to Acute Psychedelic Effects or Measures of Mental Health: secondary Analysis of Clinical Trials in Migraine and Cluster Headache","psilocybin s effects on headache frequency are not related to acute psychedelic effects or measures of mental health secondary analysis of clinical trials in migraine and cluster headache",2025,"10.1212/wnl.0000000000210945","caracter_no_ascii_en_titulo_original",188
"OVID","Safety pharmacology of acute psilocybin administration in healthy participants","safety pharmacology of acute psilocybin administration in healthy participants",2024,"10.1016/j.nsa.2024.104060","caracter_no_ascii_en_titulo_original",78
"OVID","Correction: psilocybin Therapy for Clinicians With Symptoms of Depression From Frontline Care During the COVID-19 Pandemic: a Randomized Clinical Trial (JAMA Network Open (2024) 7: 12 (e2449026) DOI: 10.1001/jamanetworkopen.2024.49026)","correction psilocybin therapy for clinicians with symptoms of depression from frontline care during the covid 19 pandemic a randomized clinical trial jama network open 2024 7 12 e2449026 doi 10 1001 jamanetworkopen 2024 49026",2025,"10.1001/jamanetworkopen.2025.25303","caracter_no_ascii_en_titulo_original",235
"OVID","IDENTIFICATION OF BLOOD BIOMARKERS OF PSILOCYBIN-ASSISTED THERAPY TREATMENT RESPONSE FOR GENERALISED ANXIETY DISORDER","identification of blood biomarkers of psilocybin assisted therapy treatment response for generalised anxiety disorder",2025,"10.1093/ijnp/pyaf052.154","caracter_no_ascii_en_titulo_original",117
"OVID","CAN WE RE-MEDICALISE THE PSYCHEDELIC EXPERIENCE?","can we re medicalise the psychedelic experience",2025,"10.1093/ijnp/pyaf052.159","caracter_no_ascii_en_titulo_original",48
"OVID","ECONOMIC EVALUATIONS OF EMERGING PHARMACOLOGICAL THERAPIES FOR TREATMENT RESISTANT DEPRESSION","economic evaluations of emerging pharmacological therapies for treatment resistant depression",2025,"10.1093/ijnp/pyaf052.399","caracter_no_ascii_en_titulo_original",93
"OVID","Five Years Later: contextual Factors and Subjective Experiences Reported by Participants in a Psilocybin for Depression Randomized Clinical Trial","five years later contextual factors and subjective experiences reported by participants in a psilocybin for depression randomized clinical trial",2025,"10.1111/bdi.70046","caracter_no_ascii_en_titulo_original",145
"OVID","ASSOCIATIONS BETWEEN ESCITALOPRAM AND PSILOCYBIN THERAPY AND BRAIN RESTING-STATE FUNCTIONAL CONNECTIVITY IN MAJOR DEPRESSIVE DISORDER","associations between escitalopram and psilocybin therapy and brain resting state functional connectivity in major depressive disorder",2025,"10.1093/ijnp/pyae059.237","caracter_no_ascii_en_titulo_original",133
"OVID","Psilocybin-assisted psychotherapy for depression and anxiety associated with life threatening illness: a phase 2b randomized controlled trial","psilocybin assisted psychotherapy for depression and anxiety associated with life threatening illness a phase 2b randomized controlled trial",2025,"10.1016/j.genhosppsych.2025.08.001","caracter_no_ascii_en_titulo_original",141
"OVID","Psilocybin therapy for treatment resistant depression: prediction of clinical outcome by natural language processing","psilocybin therapy for treatment resistant depression prediction of clinical outcome by natural language processing",2025,"10.1007/s00213-023-06432-5","caracter_no_ascii_en_titulo_original",116
"OVID","Error in Byline","error in byline",2024,"10.1001/jama.2024.0828","caracter_no_ascii_en_titulo_original",15
"OVID","Error in Title and Text","error in title and text",2024,"10.1001/jamapsychiatry.2024.0481","caracter_no_ascii_en_titulo_original",23
"OVID","323. Comparing Antidepressant Effects of Psilocybin-Assisted Psychotherapy in Individuals That Were Unmedicated at Initial Screening Versus Individuals Discontinuing Medications for Study Participation","323 comparing antidepressant effects of psilocybin assisted psychotherapy in individuals that were unmedicated at initial screening versus individuals discontinuing medications for study participation",2025,"10.1016/j.biopsych.2025.02.561","caracter_no_ascii_en_titulo_original",201
"OVID","187. Changes in Symptoms of Anhedonia With Psilocybin-Assisted Psychotherapy: a Secondary Analysis of a Randomized Clinical Trial for Treatment-Resistant Depression","187 changes in symptoms of anhedonia with psilocybin assisted psychotherapy a secondary analysis of a randomized clinical trial for treatment resistant depression",2025,"10.1016/j.biopsych.2025.02.424","caracter_no_ascii_en_titulo_original",164
"OVID","186. Assessing Cognitive Outcomes in Treatment-Resistant Depression Following Psilocybin-Assisted Psychotherapy","186 assessing cognitive outcomes in treatment resistant depression following psilocybin assisted psychotherapy",2025,"10.1016/j.biopsych.2025.02.423","caracter_no_ascii_en_titulo_original",111
"OVID","194. Improving Workplace and Psychosocial Function in Treatment-Resistant Depression: exploratory Outcomes From an Open-Label Feasibility Trial of Psilocybin-Assisted Psychotherapy","194 improving workplace and psychosocial function in treatment resistant depression exploratory outcomes from an open label feasibility trial of psilocybin assisted psychotherapy",2025,"10.1016/j.biopsych.2025.02.431","caracter_no_ascii_en_titulo_original",180
"OVID","Error in the Byline...Back AL, Freeman-Young TK, Morgan L, et al. Psilocybin Therapy for Clinicians With Symptoms of Depression From Frontline Care During the COVID-19 Pandemic: a Randomized Clinical Trial. JAMA Network Open. 2024;7(12): e2449026","error in the byline back al freeman young tk morgan l et al psilocybin therapy for clinicians with symptoms of depression from frontline care during the covid 19 pandemic a randomized clinical trial jama network open 2024 7 12 e2449026",2025,"10.1001/jamanetworkopen.2024.59278","caracter_no_ascii_en_titulo_original",246
"OVID","PSILOCYBIN ASSISTED PSYCHOTHERAPY FOR PATIENTS WITH OVARIAN CANER: a SUBSET ANALYSIS OF A RANDOMIZED, DOUBLE-BLIND, PLACEBO-CONTROLLED, PHASE II CLINICAL TRIAL","psilocybin assisted psychotherapy for patients with ovarian caner a subset analysis of a randomized double blind placebo controlled phase ii clinical trial",2024,"10.1136/ijgc-2024-igcs.54","caracter_no_ascii_en_titulo_original",159
"OVID","Enhanced visual contrast suppression during peak psilocybin effects: psychophysical results from a pilot randomized controlled trial","enhanced visual contrast suppression during peak psilocybin effects psychophysical results from a pilot randomized controlled trial",2024,"10.1167/jov.24.12.5","caracter_no_ascii_en_titulo_original",132
"OVID","DOES THE PHENOMENOLOGY OF THE PSILOCYBIN EXPERIENCE PREDICT LONG-TERM EFFECTS ON MOOD AND WELL-BEING IN HEALTHY VOLUNTEERS?","does the phenomenology of the psilocybin experience predict long term effects on mood and well being in healthy volunteers",2023,"10.1016/j.ibneur.2023.08.1240","caracter_no_ascii_en_titulo_original",123
"OVID","The phenomenology of psilocybin´s experience mediates subsequent persistent psychological effects independently of sex, previous experience or setting","the phenomenology of psilocybin s experience mediates subsequent persistent psychological effects independently of sex previous experience or setting",2024,"10.1101/2024.08.26.24311611","caracter_no_ascii_en_titulo_original",150
"OVID","The psychedelic renaissance: the next trip for psychiatry?","the psychedelic renaissance the next trip for psychiatry",2022,"10.1017/ipm.2019.39","caracter_no_ascii_en_titulo_original",58
"OVID","Acute Psychedelic Effects and Clinical Outcomes are Associated With Therapeutic Alliance Among Participants Receiving Psilocybin Therapy","acute psychedelic effects and clinical outcomes are associated with therapeutic alliance among participants receiving psilocybin therapy",2024,"10.1016/j.drugalcdep.2023.110609","caracter_no_ascii_en_titulo_original",136
"OVID","SPONTANEOUS CHANGES IN CIGARETTE SMOKING FOLLOWING PSILOCYBIN-ASSISTED TREATMENT FOR ALCOHOL USE DISORDER","spontaneous changes in cigarette smoking following psilocybin assisted treatment for alcohol use disorder",2024,"10.1016/j.drugalcdep.2023.110063","caracter_no_ascii_en_titulo_original",105
"OVID","Corrigendum to 'Single-dose psilocybin-assisted therapy in major depressive disorder: a placebo-controlled, double-blind, randomised clinical trial'","corrigendum to single dose psilocybin assisted therapy in major depressive disorder a placebo controlled double blind randomised clinical trial",2023,"10.1016/j.eclinm.2023.101841","caracter_no_ascii_en_titulo_original",148
"OVID","Therapeutic Alliance and Rapport Modulate Responses to Psilocybin Assisted Therapy for Depression","therapeutic alliance and rapport modulate responses to psilocybin assisted therapy for depression",2022,"10.3389/fphar.2021.788155","caracter_no_ascii_en_titulo_original",97
"OVID","A proof-of concept randomized controlled trial to show that the antidepressant effect of psilocybin does not require a psychedelic experience: study protocol","a proof of concept randomized controlled trial to show that the antidepressant effect of psilocybin does not require a psychedelic experience study protocol",2023,"10.1192/j.eurpsy.2023.1175","caracter_no_ascii_en_titulo_original",157
"OVID","Improvement in Depression Symptoms Measured by Montgomery-Åsberg Depression Rating Scale and Quick Inventory of Depressive Symptomatology-Self Rated Items after Randomised Double-blind COMP360 Psilocybin Therapy for Treatment-resistant Depression","improvement in depression symptoms measured by montgomery sberg depression rating scale and quick inventory of depressive symptomatology self rated items after randomised double blind comp360 psilocybin therapy for treatment resistant depression",2023,"10.1192/j.eurpsy.2023.273","caracter_no_ascii_en_titulo_original",246
"OVID","Psilocybin Assisted Therapy for Treatment-Resistant Depression: a Phase II, Randomized, Feasibility Study","psilocybin assisted therapy for treatment resistant depression a phase ii randomized feasibility study",2022,"10.1038/s41386-022-01484-1","caracter_no_ascii_en_titulo_original",105
"OVID","Psilocybin microdosing does not affect emotion-related symptoms and processing: a preregistered field and lab-based study","psilocybin microdosing does not affect emotion related symptoms and processing a preregistered field and lab based study",2022,"10.1177/02698811211050556","caracter_no_ascii_en_titulo_original",121
"OVID","The effects of psilocybin on cognitive and emotional functions in healthy participants: results from a phase 1, randomised, placebo-controlled trial involving simultaneous psilocybin administration and preparation","the effects of psilocybin on cognitive and emotional functions in healthy participants results from a phase 1 randomised placebo controlled trial involving simultaneous psilocybin administration and preparation",2022,"10.1177/02698811211064720","caracter_no_ascii_en_titulo_original",213
"OVID","Acute Effects of Psilocybin After Escitalopram or Placebo Pretreatment in a Randomized, Double-Blind, Placebo-Controlled, Crossover Study in Healthy Subjects","acute effects of psilocybin after escitalopram or placebo pretreatment in a randomized double blind placebo controlled crossover study in healthy subjects",2022,"10.1002/cpt.2487","caracter_no_ascii_en_titulo_original",157
"OVID","19.3 Psilocybin-Assisted Therapy for MDD: current Evidence and Clinical Considerations","19 3 psilocybin assisted therapy for mdd current evidence and clinical considerations",2022,"10.1016/j.jaac.2022.07.664","caracter_no_ascii_en_titulo_original",86
"OVID","Psychological support for psilocybin treatment: Reply to letters on our commentary.","psychological support for psilocybin treatment reply to letters on our commentary",2024,"10.1176/appi.ajp.20230905","caracter_no_ascii_en_titulo_original",83
"OVID","Correction: The serotonin 1B receptor is required for some of the behavioral effects of psilocybin in mice.","correction the serotonin 1b receptor is required for some of the behavioral effects of psilocybin in mice",2026,"10.1038/s41380-026-03488-5","caracter_no_ascii_en_titulo_original",107
"OVID","Novel approaches in depression treatment: From rapid-acting antidepressants to personalized interventions.","novel approaches in depression treatment from rapid acting antidepressants to personalized interventions",2026,"10.1038/s41380-026-03722-0","caracter_no_ascii_en_titulo_original",106
"OVID","Unlocking the healing power of psilocybin: An overview of the role of psilocybin therapy in major depressive disorder, obsessive-compulsive disorder and substance use disorder.","unlocking the healing power of psilocybin an overview of the role of psilocybin therapy in major depressive disorder obsessive compulsive disorder and substance use disorder",2024,"10.3389/fpsyt.2024.1406888","caracter_no_ascii_en_titulo_original",176
"OVID","Efficacy and acceptability of psilocybin for primary or secondary depression: A systematic review and meta-analysis of randomized controlled trials.","efficacy and acceptability of psilocybin for primary or secondary depression a systematic review and meta analysis of randomized controlled trials",2024,"10.3389/fpsyt.2024.1359088","caracter_no_ascii_en_titulo_original",148
"OVID","Set and setting in psilocybin-assisted therapy: A qualitative study of patients with cancer and depression.","set and setting in psilocybin assisted therapy a qualitative study of patients with cancer and depression",2025,"10.1016/j.genhosppsych.2025.10.010","caracter_no_ascii_en_titulo_original",107
"OVID","Psilocybin in late-life mental health: Addressing depression, loneliness, and existential anxiety.","psilocybin in late life mental health addressing depression loneliness and existential anxiety",2026,"10.1016/j.genhosppsych.2025.12.005","caracter_no_ascii_en_titulo_original",98
"OVID","Corrigendum to ""The role of the psychedelic experience in psilocybin treatment for treatment-resistant depression"" [Journal of Affective Disorders, Volume 372 (2025), Pages 523-532].","corrigendum to the role of the psychedelic experience in psilocybin treatment for treatment resistant depression journal of affective disorders volume 372 2025 pages 523 532",2026,"10.1016/j.jad.2025.120352","caracter_no_ascii_en_titulo_original",182
"OVID","Psychedelics in nhs services: Exploring a model for real-world implementation of psilocybin.","psychedelics in nhs services exploring a model for real world implementation of psilocybin",2026,"10.1192/bjp.2026.10612","caracter_no_ascii_en_titulo_original",92
"OVID","Naturalistic psilocybin use is associated with persisting improvements in mental health and wellbeing: Results from a prospective, longitudinal survey.","naturalistic psilocybin use is associated with persisting improvements in mental health and wellbeing results from a prospective longitudinal survey",2023,"10.3389/fpsyt.2023.1199642","caracter_no_ascii_en_titulo_original",151
"OVID","Concomitant use of antidepressants and classic psychedelics: A scoping review.","concomitant use of antidepressants and classic psychedelics a scoping review",2025,"10.1177/02698811251368360","caracter_no_ascii_en_titulo_original",78
"OVID","Expert interview on psychedelic-assisted psychotherapy (PAP) for patients with treatment-resistant depression (TRD).","expert interview on psychedelic assisted psychotherapy pap for patients with treatment resistant depression trd",2025,"10.30820/1664-9583-2025-2-23","caracter_no_ascii_en_titulo_original",116
"OVID","Current state of psilocybin-assisted therapy in mood disorders.","current state of psilocybin assisted therapy in mood disorders",2024,"10.24869/psyd.2024.174","caracter_no_ascii_en_titulo_original",63
"OVID","Compassionate use of psilocybin for treatment-resistant depression in Germany.","compassionate use of psilocybin for treatment resistant depression in germany",2026,"10.1016/s2215-0366%2825%2900277-9","caracter_no_ascii_en_titulo_original",78
"OVID","Methodological moderators of psilocybin-assisted therapy in depression: A systematic review and meta-analysis.","methodological moderators of psilocybin assisted therapy in depression a systematic review and meta analysis",2026,"10.1016/j.neubiorev.2026.106573","caracter_no_ascii_en_titulo_original",110
"OVID","Evaluation of the efficacy of psilocybin for the treatment of individuals with major depressive disorder: A systematic review.","evaluation of the efficacy of psilocybin for the treatment of individuals with major depressive disorder a systematic review",2025,"10.30849/ripijp.v59%282025%29.e2194","caracter_no_ascii_en_titulo_original",126
"OVID","The effects of psilocybin on psychological distress in cancer patients: A systematic review and meta-analysis.","the effects of psilocybin on psychological distress in cancer patients a systematic review and meta analysis",2026,"10.1186/s40359-025-03935-y","caracter_no_ascii_en_titulo_original",110
"OVID","Daily administration of psilocin mucate (l-130) produces a favorable safety profile and anxiolytic effects in rodents exposed to chronic unpredictable mild stress.","daily administration of psilocin mucate l 130 produces a favorable safety profile and anxiolytic effects in rodents exposed to chronic unpredictable mild stress",2026,"10.1080/02791072.2025.2607726","caracter_no_ascii_en_titulo_original",163
"OVID","Meaning and purpose therapy modified for psilocybin (p-map): A treatment model for palliative care patients.","meaning and purpose therapy modified for psilocybin p map a treatment model for palliative care patients",2026,"10.1007/s42843-025-00145-3","caracter_no_ascii_en_titulo_original",108
"OVID","Single-dose psilocybin rapidly and sustainably relieves allodynia and anxiodepressive-like behaviors in mouse models of chronic pain.","single dose psilocybin rapidly and sustainably relieves allodynia and anxiodepressive like behaviors in mouse models of chronic pain",2025,"10.1038/s41593-025-02068-0","caracter_no_ascii_en_titulo_original",133
"OVID","Reporting of side-effects in clinical trials of psilocybin-assisted psychotherapy for psychiatric conditions: Systematic review.","reporting of side effects in clinical trials of psilocybin assisted psychotherapy for psychiatric conditions systematic review",2025,"10.1192/bjo.2025.10847","caracter_no_ascii_en_titulo_original",128
"OVID","Adverse event reporting and management in psilocybin therapy clinical trials: A systematic review to guide clinical and research protocol development.","adverse event reporting and management in psilocybin therapy clinical trials a systematic review to guide clinical and research protocol development",2025,"10.1016/j.pnpbp.2025.111541","caracter_no_ascii_en_titulo_original",150
"OVID","Correction to: Unraveling psilocybin's therapeutic potential: Behavioral and neuroplasticity insights in Wistar-Kyoto and Wistar male rat models of treatment-resistant depression.","correction to unraveling psilocybin s therapeutic potential behavioral and neuroplasticity insights in wistar kyoto and wistar male rat models of treatment resistant depression",2025,"10.1007/s00213-024-06654-1","caracter_no_ascii_en_titulo_original",179
"OVID","Treatment of depressive and negative symptoms in individuals with schizoaffective disorders using serotoninergic psychedelics: A case report.","treatment of depressive and negative symptoms in individuals with schizoaffective disorders using serotoninergic psychedelics a case report",2025,"10.1503/jpn.250005","caracter_no_ascii_en_titulo_original",141
"OVID","Incremental efficacy systematic review and meta-analysis of psilocybin-for-depression RCTs.","incremental efficacy systematic review and meta analysis of psilocybin for depression rcts",2025,"10.1007/s00213-025-06788-w","caracter_no_ascii_en_titulo_original",91
"OVID","The therapeutic potential of psilocybin beyond psychedelia through shared mechanisms with ketamine.","the therapeutic potential of psilocybin beyond psychedelia through shared mechanisms with ketamine",2025,"10.1038/s41380-025-03100-2","caracter_no_ascii_en_titulo_original",99
"OVID","Corrigendum to ""Chronic psilocybin administration increases sociability and alters the gut microbiome in male wild-type mice but not in a preclinical model of obsessive-compulsive disorder"" [Neuropharmacology 279 (2025) 110648].","corrigendum to chronic psilocybin administration increases sociability and alters the gut microbiome in male wild type mice but not in a preclinical model of obsessive compulsive disorder neuropharmacology 279 2025 110648",2025,"10.1016/j.neuropharm.2025.110679","caracter_no_ascii_en_titulo_original",228
"OVID","Correction to: Incremental efficacy systematic review and meta-analysis of psilocybin-for-depression RCTs.","correction to incremental efficacy systematic review and meta analysis of psilocybin for depression rcts",2025,"10.1007/s00213-025-06818-7","caracter_no_ascii_en_titulo_original",106
"OVID","Mushrooms, microdosing, and mental illness: The effect of psilocybin on neurotransmitters, neuroinflammation, and neuroplasticity.","mushrooms microdosing and mental illness the effect of psilocybin on neurotransmitters neuroinflammation and neuroplasticity",2025,"10.2147/ndt.s500337","caracter_no_ascii_en_titulo_original",130
"OVID","A systematic literature review and meta-analysis of the effect of psilocybin and methylenedioxymethamphetamine on mental, behavioural or developmental disorders.","a systematic literature review and meta analysis of the effect of psilocybin and methylenedioxymethamphetamine on mental behavioural or developmental disorders",2023,"10.1177/00048674221083868","caracter_no_ascii_en_titulo_original",161
"OVID","Neurobiology of psilocybin: A comprehensive overview and comparative analysis of experimental models.","neurobiology of psilocybin a comprehensive overview and comparative analysis of experimental models",2025,"10.3389/fnsys.2025.1585367","caracter_no_ascii_en_titulo_original",101
"OVID","""I've learned that i'm open-minded to this possibility"": A qualitative study to evaluate the acceptability of a psilocybin-aided smoking cessation treatment for people with HIV who smoke.","i ve learned that i m open minded to this possibility a qualitative study to evaluate the acceptability of a psilocybin aided smoking cessation treatment for people with hiv who smoke",2025,"10.1186/s13722-025-00563-0","caracter_no_ascii_en_titulo_original",187
"OVID","Psilocybin therapy for mood dysfunction in Parkinson's disease: An open-label pilot trial.","psilocybin therapy for mood dysfunction in parkinson s disease an open label pilot trial",2025,"10.1038/s41386-025-02097-0","caracter_no_ascii_en_titulo_original",90
"OVID","Letter to the editor: Comments on 'Striking long-term beneficial effects of single-dose psilocybin and psychedelic mushroom extract in the SAPAP3 rodent model of OCD-like excessive self-grooming' by Brownstien et al. (2024).","letter to the editor comments on striking long term beneficial effects of single dose psilocybin and psychedelic mushroom extract in the sapap3 rodent model of ocd like excessive self grooming by brownstien et al 2024",2025,"10.1038/s41380-025-03005-0","caracter_no_ascii_en_titulo_original",224
"OVID","Can the gut-brain axis provide insight into psilocybin's therapeutic value in reducing stress?","can the gut brain axis provide insight into psilocybin s therapeutic value in reducing stress",2025,"10.1016/j.ynstr.2025.100732","caracter_no_ascii_en_titulo_original",94
"OVID","Correction: Dissociable effects of psilocybin and escitalopram for depression on processing of musical surprises.","correction dissociable effects of psilocybin and escitalopram for depression on processing of musical surprises",2025,"10.1038/s41380-025-03066-1","caracter_no_ascii_en_titulo_original",113
"OVID","Emerging medications for treatment-resistant depression: A review with perspective on mechanisms and challenges.","emerging medications for treatment resistant depression a review with perspective on mechanisms and challenges",2025,"10.3390/brainsci15020161","caracter_no_ascii_en_titulo_original",112
"OVID","Neurocognitive effects of psilocybin: A systematic and comprehensive review of neuroimaging studies in humans.","neurocognitive effects of psilocybin a systematic and comprehensive review of neuroimaging studies in humans",2025,"10.1016/j.neubiorev.2025.106239","caracter_no_ascii_en_titulo_original",110
"OVID","Examining differences in the effects and contexts of naturalistic psilocybin use for White participants vs. Participants of Color: A longitudinal online survey study.","examining differences in the effects and contexts of naturalistic psilocybin use for white participants vs participants of color a longitudinal online survey study",2025,"10.1016/j.jad.2024.10.058","caracter_no_ascii_en_titulo_original",166
"OVID","Patients' attitudes toward hallucinogenic and non-hallucinogenic psilocybin for mental health treatment.","patients attitudes toward hallucinogenic and non hallucinogenic psilocybin for mental health treatment",2025,"10.1080/02791072.2025.2511752","caracter_no_ascii_en_titulo_original",104
"OVID","Moderating factors in psilocybin-assisted treatment affecting mood and personality: A naturalistic, open-label investigation.","moderating factors in psilocybin assisted treatment affecting mood and personality a naturalistic open label investigation",2025,"10.1007/s00213-024-06733-3","caracter_no_ascii_en_titulo_original",125
"OVID","Concurrent stress modulates the acute and post-acute effects of psilocybin in a sex-dependent manner.","concurrent stress modulates the acute and post acute effects of psilocybin in a sex dependent manner",2025,"10.1016/j.neuropharm.2024.110280","caracter_no_ascii_en_titulo_original",101
"OVID","Exploring psychedelics pharmacology: A scoping review charting the course of psilocybin pharmacokinetics.","exploring psychedelics pharmacology a scoping review charting the course of psilocybin pharmacokinetics",2025,"10.1097/wnf.0000000000000617","caracter_no_ascii_en_titulo_original",105
"OVID","Clinical and preclinical evidence of psilocybin as antidepressant. A narrative review.","clinical and preclinical evidence of psilocybin as antidepressant a narrative review",2025,"10.1016/j.pnpbp.2025.111249","caracter_no_ascii_en_titulo_original",86
"OVID","Letter to the Editor: Will psilocybin-assisted therapy reduce the incidence of medical assistance in dying?","letter to the editor will psilocybin assisted therapy reduce the incidence of medical assistance in dying",2024,"10.1089/jpm.2023.0668","caracter_no_ascii_en_titulo_original",107
"OVID","Psilocybin use in palliative care #464.","psilocybin use in palliative care 464",2023,"10.1089/jpm.2023.0180","caracter_no_ascii_en_titulo_original",39
"OVID","Letter to editor regarding ""psilocybin-assisted therapy for depression: A systematic review and meta-analysis"".","letter to editor regarding psilocybin assisted therapy for depression a systematic review and meta analysis",2024,"10.1016/j.psychres.2024.116136","caracter_no_ascii_en_titulo_original",111
"OVID","Psilocybin-assisted treatment of depression, anxiety and substance use disorders: Neurobiological basis and clinical application.","psilocybin assisted treatment of depression anxiety and substance use disorders neurobiological basis and clinical application",2024,"10.1055/a-2046-5202","caracter_no_ascii_en_titulo_original",129
"OVID","Psilocybin-assisted compassion focused therapy for depression.","psilocybin assisted compassion focused therapy for depression",2022,"10.3389/fpsyg.2022.812930","caracter_no_ascii_en_titulo_original",62
"OVID","Impact of psilocybin on cognitive function: A systematic review.","impact of psilocybin on cognitive function a systematic review",2024,"10.1111/pcn.13741","caracter_no_ascii_en_titulo_original",64
"OVID","Protocols and practices in psilocybin assisted psychotherapy for depression: A systematic review.","protocols and practices in psilocybin assisted psychotherapy for depression a systematic review",2024,"10.1016/j.jpsychires.2024.05.051","caracter_no_ascii_en_titulo_original",97
"OVID","Decreases in state and trait anxiety post-psilocybin: A naturalistic, observational study among retreat attendees.","decreases in state and trait anxiety post psilocybin a naturalistic observational study among retreat attendees",2022,"10.3389/fpsyt.2022.883869","caracter_no_ascii_en_titulo_original",114
"OVID","The effects of psilocybin in adults with major depressive disorder and the general population: Findings from neuroimaging studies.","the effects of psilocybin in adults with major depressive disorder and the general population findings from neuroimaging studies",2022,"10.1016/j.psychres.2022.114577","caracter_no_ascii_en_titulo_original",130
"OVID","HOPE: A pilot study of psilocybin enhanced group psychotherapy in patients with cancer.","hope a pilot study of psilocybin enhanced group psychotherapy in patients with cancer",2023,"10.1016/j.jpainsymman.2023.06.006","caracter_no_ascii_en_titulo_original",87
"OVID","Assessing the risk of symptom worsening in psilocybin-assisted therapy for depression: A systematic review and individual participant data meta-analysis.","assessing the risk of symptom worsening in psilocybin assisted therapy for depression a systematic review and individual participant data meta analysis",2023,"10.1016/j.psychres.2023.115349","caracter_no_ascii_en_titulo_original",153
"OVID","Current understanding on psilocybin for major depressive disorder: A review focusing on clinical trials.","current understanding on psilocybin for major depressive disorder a review focusing on clinical trials",2024,"10.9758/cpn.23.1134","caracter_no_ascii_en_titulo_original",104
"OVID","Psilocybin, an effective treatment for major depressive disorder in adults-A systematic review.","psilocybin an effective treatment for major depressive disorder in adults a systematic review",2024,"10.9758/cpn.23.1120","caracter_no_ascii_en_titulo_original",95
"OVID","Efficacy and safety of psilocybin on treatment-resistant depression: A systematic review and meta-analysis.","efficacy and safety of psilocybin on treatment resistant depression a systematic review and meta analysis",2024,"10.1016/j.psychres.2024.115960","caracter_no_ascii_en_titulo_original",107
"OVID","Treatment-resistant depression. From classification to new therapies.","treatment resistant depression from classification to new therapies",2022,"10.1708/3922.39072","caracter_no_ascii_en_titulo_original",69
"OVID","The development of psilocybin therapy for treatment-resistant depression: An update.","the development of psilocybin therapy for treatment resistant depression an update",2024,"10.1192/bjb.2023.25","caracter_no_ascii_en_titulo_original",84
"OVID","Are ""mystical experiences"" essential for antidepressant actions of ketamine and the classic psychedelics?","are mystical experiences essential for antidepressant actions of ketamine and the classic psychedelics",2025,"10.1007/s00406-024-01770-7","caracter_no_ascii_en_titulo_original",105
"OVID","Psilocybin-assisted psychotherapy for the treatment of PTSD in UK armed forces veterans: A feasibility study protocol.","psilocybin assisted psychotherapy for the treatment of ptsd in uk armed forces veterans a feasibility study protocol",2023,"10.1016/j.ejtd.2023.100359","caracter_no_ascii_en_titulo_original",118
"OVID","Potentiation of AMPA receptors for rapid therapeutic gain in psychiatry has reached a new level of excitement.","potentiation of ampa receptors for rapid therapeutic gain in psychiatry has reached a new level of excitement",2024,"10.1038/s41386-023-01651-y","caracter_no_ascii_en_titulo_original",110
"OVID","Evidence versus expectancy: The development of psilocybin therapy.","evidence versus expectancy the development of psilocybin therapy",2024,"10.1192/bjb.2023.28","caracter_no_ascii_en_titulo_original",66
"OVID","Psychedelic-assisted psychotherapy practices and human caring science: Toward a care-informed model of treatment.","psychedelic assisted psychotherapy practices and human caring science toward a care informed model of treatment",2024,"10.1177/00221678211011013","caracter_no_ascii_en_titulo_original",113
"OVID","Is there credible evidence to assert psilocybin-assisted therapy for depression?","is there credible evidence to assert psilocybin assisted therapy for depression",2024,"10.1016/j.euroneuro.2023.11.003","caracter_no_ascii_en_titulo_original",80
"OVID","Depression and prefrontal cortex: All roads lead to dopamine.","depression and prefrontal cortex all roads lead to dopamine",2022,"10.1016/j.biopsych.2022.02.015","caracter_no_ascii_en_titulo_original",61
"OVID","Unique psychological mechanisms underlying Psilocybin Therapy versus Escitalopram Treatment in the treatment of major depressive disorder.","unique psychological mechanisms underlying psilocybin therapy versus escitalopram treatment in the treatment of major depressive disorder",2024,"10.1007/s11469-024-01253-9","caracter_no_ascii_en_titulo_original",138
"OVID","High-resolution tracking of unconfined zebrafish behavior reveals stimulatory and anxiolytic effects of psilocybin.","high resolution tracking of unconfined zebrafish behavior reveals stimulatory and anxiolytic effects of psilocybin",2024,"10.1038/s41380-023-02391-7","caracter_no_ascii_en_titulo_original",115
"OVID","The effects of psilocybin on cognition and emotional processing in healthy adults and adults with depression: A systematic literature review.","the effects of psilocybin on cognition and emotional processing in healthy adults and adults with depression a systematic literature review",2024,"10.1080/13803395.2024.2363343","caracter_no_ascii_en_titulo_original",141
"OVID","Educational materials and image induction increase treatment credibility.","educational materials and image induction increase treatment credibility",2024,"10.1080/02791072.2022.2154722","caracter_no_ascii_en_titulo_original",73
"OVID","A comparison between psilocybin and esketamine in treatment-resistant depression using Number Needed to Treat (NNT): A systematic review.","a comparison between psilocybin and esketamine in treatment resistant depression using number needed to treat nnt a systematic review",2024,"10.1016/j.jad.2024.01.142","caracter_no_ascii_en_titulo_original",137
"OVID","Experiences of psilocybin treatment for clinical conditions: A qualitative meta-synthesis.","experiences of psilocybin treatment for clinical conditions a qualitative meta synthesis",2023,"10.1111/inm.13127","caracter_no_ascii_en_titulo_original",90
"OVID","""A sense of the bigger picture:"" A qualitative analysis of follow-up interviews with people with bipolar disorder who self-reported psilocybin use.","a sense of the bigger picture a qualitative analysis of follow up interviews with people with bipolar disorder who self reported psilocybin use",2022,"10.1371/journal.pone.0279073","caracter_no_ascii_en_titulo_original",147
"OVID","Effects of psilocybin, the 5-HT2A receptor agonist TCB-2, and the 5-HT2A receptor antagonist M100907 on visual attention in male mice in the continuous performance test.","effects of psilocybin the 5 ht2a receptor agonist tcb 2 and the 5 ht2a receptor antagonist m100907 on visual attention in male mice in the continuous performance test",2025,"10.1007/s00213-023-06474-9","caracter_no_ascii_en_titulo_original",169
"OVID","Psychedelics, with a focus on psilocybin: Issues for the clinician.","psychedelics with a focus on psilocybin issues for the clinician",2023,"10.1097/pra.0000000000000729","caracter_no_ascii_en_titulo_original",67
"OVID","Risks and benefits of psilocybin use in people with bipolar disorder: An international web-based survey on experiences of 'magic mushroom' consumption.","risks and benefits of psilocybin use in people with bipolar disorder an international web based survey on experiences of magic mushroom consumption",2023,"10.1177/02698811221131997","caracter_no_ascii_en_titulo_original",151
"OVID","Treatments for major depression.","treatments for major depression",2023,"10.1016/s0140-6736%2823%2900951-0","caracter_no_ascii_en_titulo_original",32
"OVID","Recent developments pertaining to treatment-resistant depression: A 40-year perspective.","recent developments pertaining to treatment resistant depression a 40 year perspective",2023,"10.1002/wps.21134","caracter_no_ascii_en_titulo_original",88
"OVID","The psychedelic experience and treatment-resistant depression.","the psychedelic experience and treatment resistant depression",2023,"10.1002/wps.21140","caracter_no_ascii_en_titulo_original",62
"OVID","Letter to the editor on ""increased low-frequency brain responses to music after psilocybin therapy for depression"".","letter to the editor on increased low frequency brain responses to music after psilocybin therapy for depression",2023,"10.1016/j.jad.2023.05.088","caracter_no_ascii_en_titulo_original",115
"OVID","Psychedelic assisted therapy for major depressive disorder: Recent work and clinical directions.","psychedelic assisted therapy for major depressive disorder recent work and clinical directions",2022,"10.1556/2054.2022.00211","caracter_no_ascii_en_titulo_original",96
"OVID","Probing the antidepressant potential of psilocybin: Integrating insight from human research and animal models towards an understanding of neural circuit mechanisms.","probing the antidepressant potential of psilocybin integrating insight from human research and animal models towards an understanding of neural circuit mechanisms",2023,"10.1007/s00213-022-06297-0","caracter_no_ascii_en_titulo_original",164
"OVID","The therapeutic potential of psychedelics: The development of psychedelics as medicines faces several challenges.","the therapeutic potential of psychedelics the development of psychedelics as medicines faces several challenges",2022,"10.1126/science.abn5486","caracter_no_ascii_en_titulo_original",113
"OVID","Psilocybin's potential mechanisms in the treatment of depression: A systematic review.","psilocybin s potential mechanisms in the treatment of depression a systematic review",2024,"10.1080/02791072.2023.2223195","caracter_no_ascii_en_titulo_original",86
"OVID","Update on treatments for anxiety-related disorders.","update on treatments for anxiety related disorders",2023,"10.1097/yco.0000000000000841","caracter_no_ascii_en_titulo_original",51
"OVID","Psilocybin-assisted therapy for depression: A systematic review and meta-analysis.","psilocybin assisted therapy for depression a systematic review and meta analysis",2023,"10.1016/j.psychres.2023.115531","caracter_no_ascii_en_titulo_original",82
"OVID","Psilocybin-assisted therapy for depression: A systematic review and dose-response meta-analysis of human studies.","psilocybin assisted therapy for depression a systematic review and dose response meta analysis of human studies",2023,"10.1016/j.euroneuro.2023.07.011","caracter_no_ascii_en_titulo_original",113
"OVID","Psilocybin history, action and reaction: A narrative clinical review.","psilocybin history action and reaction a narrative clinical review",2023,"10.1177/02698811231190858","caracter_no_ascii_en_titulo_original",69
"OVID","A case of prolonged mania, psychosis, and severe depression after psilocybin use: Implications of increased psychedelic drug availability.","a case of prolonged mania psychosis and severe depression after psilocybin use implications of increased psychedelic drug availability",2022,"10.1176/appi.ajp.22010073","caracter_no_ascii_en_titulo_original",138
"OVID","Pharmacotherapies for treatment-resistant depression: How antipsychotics fit in the rapidly evolving therapeutic landscape.","pharmacotherapies for treatment resistant depression how antipsychotics fit in the rapidly evolving therapeutic landscape",2023,"10.1176/appi.ajp.20230025","caracter_no_ascii_en_titulo_original",123
"OVID","Psilocybin-assisted therapy improves psycho-social-spiritual well-being in cancer patients.","psilocybin assisted therapy improves psycho social spiritual well being in cancer patients",2023,"10.1016/j.jad.2022.11.046","caracter_no_ascii_en_titulo_original",91
"OVID","Beating pain with psychedelics: Matter over mind?","beating pain with psychedelics matter over mind",2022,"10.1016/j.neubiorev.2021.12.005","caracter_no_ascii_en_titulo_original",49
"OVID","Future directions for clinical psilocybin research: The relaxed symptom network.","future directions for clinical psilocybin research the relaxed symptom network",2022,"10.1037/pne0000290","caracter_no_ascii_en_titulo_original",80
"OVID","Rapid-response treatments for depression and requests for physician-assisted death: An ethical analysis.","rapid response treatments for depression and requests for physician assisted death an ethical analysis",2022,"10.1016/j.jagp.2022.07.003","caracter_no_ascii_en_titulo_original",104
"OVID","How important is a guide who has taken psilocybin in Psilocybin-Assisted Therapy for depression?","how important is a guide who has taken psilocybin in psilocybin assisted therapy for depression",2023,"10.1080/02791072.2022.2047842","caracter_no_ascii_en_titulo_original",96
"OVID","Are psychedelics fast acting antidepressant agents?","are psychedelics fast acting antidepressant agents",2022,"10.1007/s00115-021-01255-1","caracter_no_ascii_en_titulo_original",51
"OVID","Molecular mechanisms of psilocybin and implications for the treatment of depression.","molecular mechanisms of psilocybin and implications for the treatment of depression",2022,"10.1007/s40263-021-00877-y","caracter_no_ascii_en_titulo_original",84
"OVID","Psychedelics and health behaviour change.","psychedelics and health behaviour change",2022,"10.1177/02698811211008554","caracter_no_ascii_en_titulo_original",41
"OVID","Use of the classic hallucinogen psilocybin for treatment of existential distress associated with cancer.","use of the classic hallucinogen psilocybin for treatment of existential distress associated with cancer",2022,"10.1007/978-3-030-85702-8_5","caracter_no_ascii_en_titulo_original",104
"OVID","Rapid-acting antidepressants-Neurobiological mechanisms of action.","rapid acting antidepressants neurobiological mechanisms of action",2022,"10.1007/s00115-021-01225-7","caracter_no_ascii_en_titulo_original",66
"OVID","Exploring the credibility of psilocybin-assisted therapy and cognitive-behavioral therapy for depression.","exploring the credibility of psilocybin assisted therapy and cognitive behavioral therapy for depression",2022,"10.1080/02791072.2021.2020382","caracter_no_ascii_en_titulo_original",105
"OVID","Don't be afraid, try to meditate-potential effects on neural activity and connectivity of psilocybin-assisted mindfulness-based intervention for social anxiety disorder: A systematic review.","don t be afraid try to meditate potential effects on neural activity and connectivity of psilocybin assisted mindfulness based intervention for social anxiety disorder a systematic review",2022,"10.1016/j.neubiorev.2022.104724","caracter_no_ascii_en_titulo_original",190
"OVID","Neural mechanisms underlying psilocybin's therapeutic potential-The need for preclinical in vivo electrophysiology.","neural mechanisms underlying psilocybin s therapeutic potential the need for preclinical in vivo electrophysiology",2022,"10.1177/02698811221092508","caracter_no_ascii_en_titulo_original",115
"OVID","Postpartum depression: A role for psychedelics?","postpartum depression a role for psychedelics",2022,"10.1177/02698811221093793","caracter_no_ascii_en_titulo_original",47
"OVID","Psilocybin-assisted psychotherapy for depression: Emerging research on a psychedelic compound with a rich history.","psilocybin assisted psychotherapy for depression emerging research on a psychedelic compound with a rich history",2022,"10.1016/j.jns.2021.120096","caracter_no_ascii_en_titulo_original",114
"OVID","Dose effect of psilocybin on primary and secondary depression: A preliminary systematic review and meta-analysis.","dose effect of psilocybin on primary and secondary depression a preliminary systematic review and meta analysis",2022,"10.1016/j.jad.2021.09.041","caracter_no_ascii_en_titulo_original",113
"OVID","Psilocybin: A brief overview for psychiatric mental health nurse practitioners.","psilocybin a brief overview for psychiatric mental health nurse practitioners",2022,"10.1111/ppc.12888","caracter_no_ascii_en_titulo_original",79
"PUBMED","Investigating the safety and tolerability of single-dose psilocybin for post-traumatic stress disorder: A nonrandomized open-label clinical trial","investigating the safety and tolerability of single dose psilocybin for post traumatic stress disorder a nonrandomized open label clinical trial",2026,"10.1177/02698811251362390","caracter_no_ascii_en_titulo_original",145
"PUBMED","Unblinding and demand characteristics in the treatment of depression","unblinding and demand characteristics in the treatment of depression",2023,"10.1016/j.jad.2023.02.030","caracter_no_ascii_en_titulo_original",68
"PUBMED","Long-term benefits of single-dose psilocybin in depressed patients with cancer","long term benefits of single dose psilocybin in depressed patients with cancer",2025,"10.1002/cncr.35889","caracter_no_ascii_en_titulo_original",78
"PUBMED","Safety issues of psilocybin and LSD as potential rapid acting antidepressants and potential challenges","safety issues of psilocybin and lsd as potential rapid acting antidepressants and potential challenges",2022,"10.1080/14740338.2022.2066650","caracter_no_ascii_en_titulo_original",102
"PUBMED","Potential use of psilocybin drugs in the treatment of depression","potential use of psilocybin drugs in the treatment of depression",2023,"10.1080/14728214.2023.2264180","caracter_no_ascii_en_titulo_original",64
"PUBMED","Effect of MDMA-assisted therapy on mood and anxiety symptoms in advanced-stage cancer (EMMAC): study protocol for a double-blind, randomised controlled trial","effect of mdma assisted therapy on mood and anxiety symptoms in advanced stage cancer emmac study protocol for a double blind randomised controlled trial",2024,"10.1186/s13063-024-08174-x","caracter_no_ascii_en_titulo_original",157
"PUBMED","Psilocybin and Chronic Pain: A New Perspective for Future Pain Therapists?","psilocybin and chronic pain a new perspective for future pain therapists",2025,"10.3390/medsci13040277","caracter_no_ascii_en_titulo_original",74
"PUBMED","Psychedelics and Hallucinogens in Psychiatry: Finding New Pharmacological Targets","psychedelics and hallucinogens in psychiatry finding new pharmacological targets",2022,"10.2174/1568026621666211201145800","caracter_no_ascii_en_titulo_original",81
"PUBMED","Naturalistic psychedelic therapy: The role of relaxation and subjective drug effects in antidepressant response","naturalistic psychedelic therapy the role of relaxation and subjective drug effects in antidepressant response",2024,"10.1177/02698811241278873","caracter_no_ascii_en_titulo_original",111
"PUBMED","Psychedelic medicines for mood disorders: current evidence and clinical considerations","psychedelic medicines for mood disorders current evidence and clinical considerations",2022,"10.1097/yco.0000000000000759","caracter_no_ascii_en_titulo_original",86
"PUBMED","Psilocybin, From Ancestral Use to Therapeutic Potential: A Multidimensional Review of Its Pharmacological Basis and Current Perspectives","psilocybin from ancestral use to therapeutic potential a multidimensional review of its pharmacological basis and current perspectives",2026,"10.1002/hup.70063","caracter_no_ascii_en_titulo_original",136
"PUBMED","Psychedelic medicines for end-of-life care: Pipeline clinical trial review 2022","psychedelic medicines for end of life care pipeline clinical trial review 2022",2023,"10.1017/s147895152300069x","caracter_no_ascii_en_titulo_original",79
"PUBMED","Moving psychedelic-assisted therapies from promising research into routine clinical practice: Lessons from the field of implementation science","moving psychedelic assisted therapies from promising research into routine clinical practice lessons from the field of implementation science",2024,"10.1093/tbm/ibae053","caracter_no_ascii_en_titulo_original",142
"PUBMED","Psychedelic-Assisted Therapy: Potential Benefits and Challenges in Mental Health Treatment","psychedelic assisted therapy potential benefits and challenges in mental health treatment",2025,"10.12659/msm.948302","caracter_no_ascii_en_titulo_original",90
"PUBMED","Participants' Music Experiences Associated With Psychedelic-Assisted Psychotherapy for Life-Threatening Illness: Interpretivist Research","participants music experiences associated with psychedelic assisted psychotherapy for life threatening illness interpretivist research",2026,"10.1093/jmt/thag015","caracter_no_ascii_en_titulo_original",136
"PUBMED","Psychedelic Therapy: A Primer for Primary Care Clinicians-Historical Perspective and Overview","psychedelic therapy a primer for primary care clinicians historical perspective and overview",2024,"10.1097/mjt.0000000000001727","caracter_no_ascii_en_titulo_original",93
"PUBMED","From Efficacy to Effectiveness: Evaluating Psychedelic Randomized Controlled Trials for Trustworthy Evidence-Based Policy and Practice","from efficacy to effectiveness evaluating psychedelic randomized controlled trials for trustworthy evidence based policy and practice",2025,"10.1002/prp2.70097","caracter_no_ascii_en_titulo_original",134
"PUBMED","Psychedelics for treatment of negative symptoms and depressive symptoms in schizophrenia spectrum disorder: A narrative review","psychedelics for treatment of negative symptoms and depressive symptoms in schizophrenia spectrum disorder a narrative review",2026,"10.1016/j.schres.2026.03.003","caracter_no_ascii_en_titulo_original",126
"PUBMED","Narrative review of the potential for psychedelics to treat Prolonged Grief Disorder","narrative review of the potential for psychedelics to treat prolonged grief disorder",2024,"10.1080/09540261.2024.2357668","caracter_no_ascii_en_titulo_original",84
"PUBMED","Classic Psychedelics in Pain Modulation: Mechanisms, Clinical Evidence, and Future Perspectives","classic psychedelics in pain modulation mechanisms clinical evidence and future perspectives",2025,"10.1021/acschemneuro.5c00152","caracter_no_ascii_en_titulo_original",95
"PUBMED","[Clinical application and mechanistic studies of psychedelics for treatment of depression: progress and future challenges]","clinical application and mechanistic studies of psychedelics for treatment of depression progress and future challenges",2026,"10.12122/j.issn.1673-4254.2026.01.01","caracter_no_ascii_en_titulo_original",122
"PUBMED","Benefits and Challenges of Ultra-Fast, Short-Acting Psychedelics in the Treatment of Depression","benefits and challenges of ultra fast short acting psychedelics in the treatment of depression",2025,"10.1176/appi.ajp.20230890","caracter_no_ascii_en_titulo_original",95
"PUBMED","Psychedelics for Patients With Cancer: A Comprehensive Literature Review","psychedelics for patients with cancer a comprehensive literature review",2023,"10.1177/10600280221144055","caracter_no_ascii_en_titulo_original",72
"PUBMED","Safety and Efficacy of Monoamine Oxidase Inhibitors in Patients Who Use Psychoactive Substances: Potential Drug Interactions and Substance Use Disorder Treatment Data","safety and efficacy of monoamine oxidase inhibitors in patients who use psychoactive substances potential drug interactions and substance use disorder treatment data",2026,"10.1007/s40263-025-01256-7","caracter_no_ascii_en_titulo_original",166
"PUBMED","Psilocybin as a Disease-Modifying Drug—A Salutogenic Approach in Psychiatry","psilocybin as a disease modifying drug a salutogenic approach in psychiatry",2024,"10.3238/arztebl.m2024.0224","caracter_no_ascii_en_titulo_original",75
"PUBMED","A Critical Appraisal of Evidence on the Efficacy and Safety of Serotonergic Psychedelic Drugs as Emerging Antidepressants: Mind the Evidence Gap","a critical appraisal of evidence on the efficacy and safety of serotonergic psychedelic drugs as emerging antidepressants mind the evidence gap",2022,"10.1097/jcp.0000000000001608","caracter_no_ascii_en_titulo_original",144
"PUBMED","Psilocybin: From Psychiatric Pariah to Perceived Panacea","psilocybin from psychiatric pariah to perceived panacea",2025,"10.1176/appi.ajp.20230682","caracter_no_ascii_en_titulo_original",56
"PUBMED","Active placebo control interventions in pharmacological trials: a scoping review of the development process and a terminological analysis","active placebo control interventions in pharmacological trials a scoping review of the development process and a terminological analysis",2026,"10.1016/j.jclinepi.2026.112345","caracter_no_ascii_en_titulo_original",137
"PUBMED","Existing evidence for the use of psychedelics in patients with cancer and other serious illness: A narrative review","existing evidence for the use of psychedelics in patients with cancer and other serious illness a narrative review",2025,"10.1080/07347332.2025.2482917","caracter_no_ascii_en_titulo_original",115
"PUBMED","Acute dose-dependent effects of 4-bromo-2,5-dimethoxyphenethylamine (2C-B) compared with 3,4-methylenedioxymethamphetamine (MDMA) and psilocybin in a double-blind, placebo-controlled study in healthy participants","acute dose dependent effects of 4 bromo 2 5 dimethoxyphenethylamine 2c b compared with 3 4 methylenedioxymethamphetamine mdma and psilocybin in a double blind placebo controlled study in healthy participants",2026,"10.1038/s41386-026-02428-9","caracter_no_ascii_en_titulo_original",212
"PUBMED","The 3D-ASCr scale: A revalidation of the core dimensions of the Altered States of Consciousness Rating Scale 5D(11)-ASC for psychedelic research","the 3d ascr scale a revalidation of the core dimensions of the altered states of consciousness rating scale 5d 11 asc for psychedelic research",2026,"10.1177/02698811251397328","caracter_no_ascii_en_titulo_original",144
"PUBMED","Inconsistencies between national drug policy and professional beliefs about psychoactive drugs among psychiatrists in the United States","inconsistencies between national drug policy and professional beliefs about psychoactive drugs among psychiatrists in the united states",2022,"10.1016/j.drugpo.2022.103816","caracter_no_ascii_en_titulo_original",135
"PUBMED","Direct comparison of the acute effects of lysergic acid diethylamide and psilocybin in a double-blind placebo-controlled study in healthy subjects","direct comparison of the acute effects of lysergic acid diethylamide and psilocybin in a double blind placebo controlled study in healthy subjects",2022,"10.1038/s41386-022-01297-2","caracter_no_ascii_en_titulo_original",146
"PUBMED","Low doses of LSD reduce broadband oscillatory power and modulate event-related potentials in healthy adults","low doses of lsd reduce broadband oscillatory power and modulate event related potentials in healthy adults",2022,"10.1007/s00213-021-05991-9","caracter_no_ascii_en_titulo_original",107
