"source","title","year","doi","match_por","estado_abstract","n_car_abstract","abstract","abstract_corpus"
"WOS","Psilocybin for Trauma-Related Disorders",2022,"10.1007/978-3-031-12184-5",NA,"sin_crudo_emparejado",NA,NA,"Posttraumatic stress disorder (PTSD) is a debilitating, chronic disorder and efficacy rates of current PTSD treatments are underwhelming. There is a critical need for innovative approaches. We provide an overview of trauma and PTSD and cite literature providing converging evidence of the therapeutic potential of psilocybin for PTSD. No study to date has investigated psilocybin or psilocybin-assisted psychotherapy (PAP) as treatments for PTSD. An open-label study in traumatized AIDS survivors found that PAP reduced PTSD symptoms, attachment anxiety, and demoralization. Several PAP trials show preliminary efficacy in facilitating confronting traumatic memories, decreasing emotional avoidance, depression, anxiety, pessimism, and disconnection from others, and increasing acceptance, self-compassion, and forgiveness of abusers, all of which are relevant to PTSD recovery. There is also early evidence that other classic psychedelics may produce large reductions in PTSD symptoms in combat veterans. However, this body of literature is small, mechanisms are not yet well understood, and the risks of using psychedelic compounds for trauma-related disorders need further study. In sum, evidence supports further investigation of PAP as a radically new approach for treating PTSD."
"WOS","Efficacy, Safety, and Tolerability of Psychedelics in Treatment-Resistant Depression ( TRD)",2024,"10.1007/978-981-97-4402-2",NA,"sin_crudo_emparejado",NA,NA,"Major depressive disorder (MDD) is a highly prevalent psychiatric disorder, associated with substantial burden and large economical costs. Notwithstanding various conventional antidepressant treatment options, a large portion of depressed people (ca. 30%) fails to respond to first-line treatment, resulting in treatment-,resistant depression (TRD). Although non-,response to multiple antidepressant interventions is a common outcome, a consensus definition of TRD is not yet available. In practice, TRD is applied when two or more successive treatments with different antidepressants are not working. The last decade's intense research into new medicines for TRD has led to two developments, using typical or serotonergic (psilocybin, ayahuasca) and atypical (glutamatergic) psychedelics (ketamine, esketamine). Both approaches, although via different entrance mechanism, exhibit a fast onset but also long-lasting antidepressant effect far beyond the biological presence of the drug in the body, strongly indicating that downstream mechanisms activated by signaling cascades in the brain are involved. The present chapter describes the clinical development of psilocybin and esketamine for TRD and discusses the problems involved in the use of a proper placebo because of the psychotomimetic (psilocybin) or dissociative (ketamine) effects that interfere with performing ""blind"" studies. Nevertheless, intranasal esketamine was developed and approved for TRD, whereas psilocybin has shown positive results. Adverse effects and tolerability of both drugs in the dose ranges used are generally acceptable. The emergence of anti-TRD medicines for treatment of a very severe disease is a breakthrough in psychiatry."
"WOS","Psilocin fosters neuroplasticity in iPSC-derived human cortical neurons",2026,"10.7554/elife.104006.3.sa3",NA,"sin_crudo_emparejado",NA,NA,"Psilocybin is studied as innovative medication in anxiety, substance abuse and treatment-resistant depression. Animal studies show that psychedelics promote neuronal plasticity by strengthening synaptic responses and protein synthesis. However, the exact molecular and cellular changes induced by psilocybin in the human brain are not known. Here, we treated human cortical neurons derived from induced pluripotent stem cells with the 5-HT2A receptor agonist psilocin - the psychoactive metabolite of psilocybin. We analyzed how exposure to psilocin affects gene expression, neuronal morphology, synaptic markers and neuronal function. Psilocin provoked a 5-HT2A-R-mediated augmentation of BDNF abundance. Transcriptomic profiling identified gene expression signatures priming neurons to neuroplasticity. On a morphological level, psilocin induced enhanced neuronal complexity and increased expression of synaptic proteins, in particular in the postsynaptic compartment. Consistently, we observed an increased excitability and enhanced synaptic network activity in neurons treated with psilocin. In conclusion, exposure of human neurons to psilocin might induce a state of enhanced neuronal plasticity, which could explain why psilocin is beneficial in the treatment of neuropsychiatric disorders where synaptic dysfunctions are discussed."
"OVID","Treatment Expectancies and Psilocybin vs Escitalopram for Depression.",2025,"10.1001/jamapsychiatry.2024.4387",NA,"sin_crudo_emparejado",NA,NA,NA
"OVID","Psilocybin for major depressive disorder:  An updated systematic review and meta-analysis of randomized clinical trials.",2026,"10.1177/02698811241287542",NA,"sin_crudo_emparejado",NA,NA,"Background: Due to the unsatisfactory therapeutic effects of current antidepressants, research has been launched into alternative treatment approaches, such as the administration of psychedelics. Psilocybin, a classic hallucinogen, has been shown to exert considerable positive influence on depression symptoms through its serotonergic and glutamatergic effects. This systematic review and meta-analysis aimed to evaluate the effectiveness of psilocybin in treating depression., Methods: A comprehensive search of Medline (via PubMed) and the Cochrane Library databases was conducted to identify relevant studies. Inclusion criteria were applied to select studies that investigated the therapeutic impact of psilocybin on depression. A mixed-effects multi-level model was used to estimate the overall effect size. Effectiveness over time was also investigated as a secondary analysis., Results: The results of the primary analysis revealed a large and clinically observable reduction (SMC: -1.24, 95%CI: -1.83 to -0.65, I 2 level2 = 11.39%, I 2 level3 = 77.67%) of depressive symptomatology in patients receiving psilocybin in addition to supportive therapy compared to baseline measurements. The decrease was also marked when compared to placebo (p-value = 0.032). The results remained significant even when a secondary analysis assessed the effect in various time intervals since the administration of psilocybin., Conclusion: This systematic review and meta-analysis substantiate the claim that psilocybin is superior in treating depression compared to established psychotherapy alone used for treating depression. This finding warrants further studies with larger sample sizes and across a longer timeframe., (C)2026Sage Publications"
"OVID","Psilocybin-assisted therapy for individuals with palliative care needs:  A systematic review of safety and efficacy.",2026,"10.1177/02692163251383335",NA,"sin_crudo_emparejado",NA,NA,"Background: Palliative Care is concerned with relieving suffering and improving the quality of life of patients and their families. Currently, questions arise about how to provide patients with good end-of-life care. There has been increasing interest in the beneficial effects of using psilocybin-assisted therapy in patients with severe chronic illnesses near the end of their lives and who present symptoms of depression and/or anxiety., Aim: Explore the role of psilocybin-assisted therapy in palliative care, synthesizing evidence from clinical trials and longitudinal studies., Design: Systematic review., Data sources: A bibliographic search was performed in April 2024 in B-on, PubMed, Web of Science, and Scopus. Eligible studies included peer-reviewed quantitative research (RCTs, longitudinal, and observational designs) with adult participants in palliative care settings, examining the efficacy and safety of psilocybin-assisted therapy. Reviews, gray literature, and studies outside the scope of palliative care were excluded., Results: Of the 215 articles found, six studies (n = 74 participants; age range 22-75 years) met the inclusion criteria. Across randomized and open-label trials, psilocybin-assisted therapy produced clinically significant reductions in depression and anxiety, with 57-79% of participants achieving >= 50% symptom reduction on standardized scales (e.g. HAM-D, HAM-A, BDI, STAI). Improvements were sustained for up to 6-8 months in most trials, and in one follow-up study, for up to 4.5 years. Reported adverse effects were generally mild and transient, including nausea, vomiting, and temporary increases in blood pressure and heart rate; no serious adverse events were observed., Conclusions: Psilocybin-assisted therapy consistently demonstrated efficacy and safety in the reduction of depressive and anxiety symptoms. However, more studies exploring integrating psilocybin-assisted therapy into existing palliative care healthcare systems are needed. This includes investigating the feasibility, acceptability, and cost-effectiveness of integrating psilocybin-assisted therapy into routine clinical practice., (C)2026Sage Publications"
"OVID","Psilocybin as a novel treatment for chronic pain.",2024,"10.1111/bph.17420",NA,"sin_crudo_emparejado",NA,NA,": Psychedelic drugs are under active consideration for clinical use and have generated significant interest for their potential as anti-nociceptive treatments for chronic pain, and for addressing conditions like depression, frequently co-morbid with pain. This review primarily explores the utility of preclinical animal models in investigating the potential of psilocybin as an anti-nociceptive agent. Initial studies involving psilocybin in animal models of neuropathic and inflammatory pain are summarised, alongside areas where further research is needed. The potential mechanisms of action, including targeting serotonergic pathways through the activation of 5-HT2A receptors at both spinal and central levels, as well as neuroplastic actions that improve functional connectivity in brain regions involved in chronic pain, are considered. Current clinical aspects and the translational potential of psilocybin from animal models to chronic pain patients are reviewed. Also discussed is psilocybin's profile as an ideal anti-nociceptive agent, with a wide range of effects against chronic pain and its associated inflammatory or emotional components., (C) 2026 John Wiley & Sons, Ltd"
"OVID","Psilocybin shows mixed results for patients with treatment-resistant depression.",2026,"10.1002/pu.31461",NA,"sin_crudo_emparejado",NA,NA,"Patients with treatment-resistant depression who received psilocybin-assisted psychotherapy showed clinically meaningful improvement in depressive symptoms relative to placebo, a Phase 2b trial has found. However, the study did not show a significant effect on the primary outcome of treatment response 6 weeks after the first of two doses of psilocybin. Study results were published online March 18, 2026 in JAMA Psychiatry., (C) 2026 John Wiley & Sons, Ltd"
"OVID","Pharmacokinetic and pharmacodynamic rational for expanding the therapeutic landscape of psilocybin beyond depression.",2026,"10.1016/j.phrs.2026.108290",NA,"sin_crudo_emparejado",NA,NA,NA
"OVID","Short-Term and Late-Term Effects of Psilocybin on Symptoms in Major Depression: A Randomized Clinical Trial.",2026,"10.1001/jamanetworkopen.2026.12589",NA,"sin_crudo_emparejado",NA,NA,"Importance: Psilocybin has been proposed as a rapid-acting antidepressant (onset <2 weeks) with sustained effects (>6 weeks), but evidence from randomized clinical trials remains limited, particularly in the broader major depressive disorder (MDD) population., Objective: To assess short-term and long-term antidepressant effects of psilocybin therapy in patients with MDD., Design, Setting, and Participants: This double-blind, placebo-controlled randomized clinical trial of participants diagnosed with moderate to severe recurrent MDD was conducted at the Northern Stockholm Psychiatric Clinic between January 26, 2021, and February 19, 2024. Statistical analysis was performed from February 20, 2024, to June 20, 2025., Interventions: Participants received a single dose of psilocybin (25 mg) or active placebo (niacin, 100 mg) and 5 psychotherapeutic support sessions during 17 days., Main Outcomes and Measures: The primary end point was between-group difference in change in Montgomery-Asberg Depression Rating Scale (MADRS) score from baseline to day 8. Secondary end points included MADRS scores on days 15, 42, and 365, as well as monthly self-reports (MADRS-S) of depressive symptoms, disability, quality of life, and anxiety throughout the 365-day follow-up., Results: The study included 35 participants (21 [60%] female; mean [SD] age, 41.0 [10.1] years) diagnosed with moderate to severe recurrent MDD, with 17 randomized to the psilocybin group and 18 to the niacin group. The study met its primary end point with a significant mean between-group difference (model estimated) in change in MADRS score on day 8 (-7.27; 95% CI, -12.89 to -1.65; P = .01) in favor of psilocybin. The between-group difference was significant also on days 15 (mean difference, -11.03; 95% CI, -16.65 to -5.42; P < .001) and 42 (mean difference, -8.33; -13.94 to -2.71; P = .004) but no longer on day 365 (mean difference, -3.68; -9.30 to 1.94; P = .20). For MADRS-S, the psilocybin group had a significantly greater reduction beginning at day 2 (mean difference, -9.58; 95% CI, -16.05 to -3.11; P = .004), with group differences persisting through day 102 (mean difference, -6.60; 95% CI, -13.01 to -0.19; P = .04) and then isolated effects at days 283 and 343. Most reported treatment-emergent adverse events were transient and of mild to moderate severity. No drug-related serious adverse events were reported. Two participants in the psilocybin group reported persistent, severe anxiety that required medical attention., Conclusions and Relevance: In this randomized clinical trial of MDD, a single dose of psilocybin was associated with rapid antidepressant effects, observed by day 2 and persisting for more than 3 months on secondary outcomes; psilocybin was generally well tolerated, but some individuals required additional support after dosing due to anxiety. These results suggest that psilocybin may provide a rapid and relatively long-lasting antidepressant effect on major depressive disorder, warranting further investigation into repeated dosing or adjunctive treatment strategies., Trial Registration: ClinicalTrials.gov Identifier: NCT04630964, Copyright 2026 by the American Medical Association.  All Rights Reserved.  Applicable FARS/DFARS Restrictions Apply to Government Use.  American Medical Association, 515 N. State St, Chicago, IL 60610."
"OVID","Psilocybin-assisted therapy in treatment-resistant depression:  rapid remission, uncertain durability, and the next phase of clinical evidence.",2026,"10.1097/ms9.0000000000005244",NA,"sin_crudo_emparejado",NA,NA,": Treatment-resistant depression (TRD) remains a major clinical challenge and is typically defined as the persistence of depressive symptoms despite at least two adequate antidepressant trials. Individuals with TRD experience substantial morbidity, impaired functioning, and elevated suicide risk, highlighting the need for therapeutic strategies beyond incremental refinements of conventional monoaminergic pharmacotherapy. Psilocybin-assisted therapy has recently emerged as a mechanistically distinct intervention, combining transient 5-HT2A receptor agonism with structured psychological support delivered in supervised sessions. Early randomized trials have demonstrated rapid reductions in depressive symptoms and encouraging short-term remission rates, primarily in patients with major depressive disorder, with more limited but emerging evidence in treatment-resistant populations. However, the central clinical question is not merely whether psilocybin can produce acute improvement, but whether these effects can be sustained without cumulative harm. Current evidence remains limited by modest sample sizes, relatively short follow-up periods, challenges in maintaining blinding, and limited comparisons with established TRD interventions such as esketamine, electroconvulsive therapy, and transcranial magnetic stimulation. The durability of benefit beyond several weeks remains an open clinical question, and the implications of repeated dosing are not yet well established. In addition, implementation demands substantial therapeutic infrastructure, raising questions regarding scalability, cost, and equitable access. Future research should prioritize standardized definitions of treatment resistance, recognition of clinical heterogeneity within TRD populations, longer-term outcomes, rigorous active comparators, improved trial methodology, safety monitoring, and cost-effectiveness analyses to determine the appropriate clinical role of psilocybin-assisted therapy., (C) 2026 by Lippincott Williams & Wilkins, Inc."
"OVID","The Relationship Between Participant Pretreatment Clinical Presentation and the Quality of Psilocybin Experience: A Retrospective Analysis.",2026,"10.1097/jcp.0000000000002119",NA,"sin_crudo_emparejado",NA,NA,"Purpose/Background: The therapeutic effects of psilocybin treatment are thought to be influenced by the subjective dose-dependent psychedelic experience, as well as the individual participant's mindset and the treatment environment. However, the relative contribution of an individual's pretreatment clinical characteristics and their subjective psychedelic experience remains unclear. We examined the relationship between pretreatment participant factors and the acute effects of COMP360 psilocybin., Methods/Procedures: Participants (N=233) with treatment-resistant depression received a single dose of 25, 10, or 1 mg of COMP360 psilocybin (a synthesized, pharmaceutical-grade, proprietary formulation of psilocybin, developed by the sponsor, Compass Pathfinder Ltd., a subsidiary of Compass Pathways plc: ClinicalTrials.gov, NCT03775200). The psychedelic experience was assessed by the Five-Dimensional Altered States of Consciousness questionnaire (5D-ASC) and Emotional Breakthrough Inventory (EBI). We used hierarchical regression to measure the relative contribution of pretreatment clinical characteristics (along the cognitive-affective, somatic, and functional impairment domains) in addition to the drug dose to the subjective psychedelic experience., Findings/Results: Dose was the strongest and most consistent predictor of the psychedelic experience. Some pretreatment characteristics contributed weakly to subjective experiences. Positive affect, lower generalized anxiety symptoms, higher executive functioning, and greater personality disorder symptoms had significant effects on different aspects of the subjective psychedelic experience., Implications/Conclusions: These findings challenge the assumption that pretreatment characteristics are major determinants of the acute psychedelic experience. While some traits may modestly modulate aspects of the experience, dose remains the largest driver., Copyright  (C) 2026  Wolters Kluwer Health, Inc. All rights reserved."
"OVID","An Open-Label Study of Single-Dose Psilocybin for Borderline Personality Disorder With Co-Occurring Major Depressive Disorder.",2026,"10.1097/wnf.0000000000000683",NA,"sin_crudo_emparejado",NA,NA,"Objectives: Borderline personality disorder (BPD) is often comorbid with major depressive disorder (MDD), and there has been a suggestion in the literature that this comorbidity may interfere with MDD treatment response. Our objective was to conduct a pilot study of psilocybin in adults with BPD and MDD., Methods: Adults aged 18 to 65 years with a DSM-5 diagnosis of MDD and BPD were enrolled in an open-label pilot study of a single dose of psilocybin. Assessments were conducted 1 week before dosing (baseline), on the dosing day (visit 2), and at 1, 2, and 4 weeks postdosing. The co-primary outcome measures were changes in depressive and BPD symptoms from baseline to study endpoint, and we used a paired-samples t test to examine changes in symptoms., Results: Nine participants (4 males; mean age=31.3 y) with MDD and BPD were enrolled. MDD symptoms significantly changed from baseline to visit 5: baseline (M=28.56, SD=4.53) and final visit (M=17.22, SD=10.39); t(8)=-4.217, P=0.003; Cohen d=1.41. BPD scores did not significantly change from baseline to study endpoint., Conclusions: This small open-label study resulted in statistically significant improvement in MDD symptoms but not for BPD symptoms. These findings, which await larger clinical trials, suggest that BPD does not appear to interfere with response to depressive symptoms., Copyright (C) 2026 Wolters Kluwer Health, Inc. All rights reserved."
"OVID","Psilocybin for Depression: Not Ready for Prime Time.",2026,"10.1056/clinjwna59987",NA,"sin_crudo_emparejado",NA,NA,"Clinical Takeaway: A randomized trial shows little to no benefit in treatment-resistant depression., Copyright (C) 2026 Massachusetts Medical Society. All rights reserved."
"OVID","Effect of psilocybin therapy on suicidal ideation, attempts, and deaths in people with psychiatric diagnoses:  a systematic review and meta-analysis.",2025,"10.1177/20451253251372449",NA,"sin_crudo_emparejado",NA,NA,"Background: Suicidal ideation, attempts, and deaths present a major and tragic public health concern. Recent trials of psilocybin therapy (PT) have shown promise in treating treatment-resistant depression and have found a reduction in suicidal ideation. Given the growth of PT research, there is a need to further understand its effect on suicidal ideation, attempts, and deaths., Objective: To assess and synthesize evidence on the effects of PT on suicidal ideation, attempts, and deaths in psychiatric patients., Design: PRISMA-compliant systematic review and meta-analysis., Data source: MEDLINE, EMBASE, Cochrane, and PsychINFO., Method: Databases were searched for randomized controlled trials of PT in adults with psychiatric diagnoses that reported suicide outcomes (ideation, attempts, and deaths). Abstract and full-text screening were conducted, and suicide outcomes were extracted. Meta-analysis was performed with a random effects model to assess changes in suicide outcomes compared to control through the standardized mean difference (SMD). Assessment of heterogeneity, risk of bias, and subgroup analysis was completed., Results: Nine studies were included (N = 593; 335 psilocybin & 258 control). Two studies were excluded from meta-analysis because suicide-related outcomes data were not available. Participants with PT experienced a small and significant decrease in suicidal ideation compared to control (k = 7, SMD = -0.24, 95% CI -0.42 to -0.06, p = 0.008, I 2 = 0%). There was no publication bias found. Subgroup analysis found no significant differences between groups. No study reported suicide attempts or suicide deaths. Two studies had a high risk of bias., Conclusion: Psilocybin therapy may reduce suicidal ideation in adults with psychiatric diagnoses. Current studies are limited by small sample size, lack of follow-up data, and assessment of blinding., Trial registration: CRD42023445706., (C)2025Sage Publications"
"OVID","Examining mystical experiences as a predictor of psilocybin-assisted psychotherapy for treatment-resistant depression.",2025,"10.1177/02698811251346697",NA,"sin_crudo_emparejado",NA,NA,"Background: Psilocybin-assisted psychotherapy (PAP) is a promising treatment for various psychiatric disorders. However, the exact biological and psychological mechanisms of action of PAP remain to be determined. Examining predictors of PAP outcomes may help identify necessary processes for positive treatment outcomes. Mystical experiences are considered a key aspect of the subjective effects of ingesting psilocybin. Mystical experiences have been observed to be possibly predictive of positive outcomes in psilocybin treatments. Therefore, some argue that mystical-type experiences are necessary to achieve therapeutic benefits., Aims: The current study examines mystical experiences as a predictor of antidepressant treatment outcomes in PAP, in a complex clinical sample., Methods: Participants included 31 individuals with a primary diagnosis of major depressive disorder (MDD) or Bipolar II Disorder (BDII), with treatment resistance to symptoms of their disorder. Participants had one, two, or three PAP treatments with a fixed dose of 25 mg of psilocybin. Depressive symptoms were measured at baseline, at a pre-dose visit and at 2 weeks post-dosing. The presence of mystical experiences was measured on the dosing day after the acute effects had resolved., Results: For the first psilocybin dose, participants with greater levels of mystical experiences exhibited a greater antidepressant effect from PAP. This effect was not found at the second or third doses., Conclusion: These results provide preliminary support for the hypothesis that mystical experiences have therapeutic importance in PAP and extend the literature to include a clinical sample of individuals with treatment-resistant depression in the context of MDD or BDII., (C)2025Sage Publications"
"OVID","Pharmacological Management of Anxiety in End-of-Life Care:  A Systematic Review of Benzodiazepines, Opioids, and Psilocybin.",2026,"10.1002/hup.70032",NA,"sin_crudo_emparejado",NA,NA,"Objective: Anxiety is common in patients receiving end-of-life care and significantly impacts their quality of life. However, pharmacological management remains challenging due to complex clinical presentations and potential side effects, emphasizing the need for systematically reviewing existing treatments. Here we aim to systematically evaluate the efficacy and safety of pharmacological treatments for anxiety in end-of-life care., Design: Systematic review following PRISMA guidelines, prospectively registered in PROSPERO (CRD42024556913). Comprehensive searches were performed in PubMed, Embase, Cochrane Library, and  ClinicalTrials.gov. Eligible studies included adults receiving end-of-life care and evaluated pharmacological interventions targeting anxiety., Results: Five studies met inclusion criteria: two assessing benzodiazepines combined with opioids and three evaluating psilocybin. Both benzodiazepine-opioid combinations and psilocybin reduced anxiety symptoms. Psilocybin studies reported rapid and sustained anxiety relief, with approximately 60%-80% of participants experiencing clinically significant improvements. Both treatment categories showed good tolerability without serious adverse events. However, the evidence base was limited by small sample sizes and narrow study contexts., Conclusions: Benzodiazepine-opioid combinations and psilocybin show promise for anxiety relief in end-of-life patients. Nevertheless, limited high-quality evidence highlights an important research gap. Further robust clinical trials are needed to confirm these findings and guide clinical practice in palliative care., (C) 2026 John Wiley & Sons, Ltd"
"OVID","Correction to ""Acceptability of psilocybin-assisted group therapy in patients with cancer and major depressive disorder:  Qualitative analysis"".",2025,"10.1002/cncr.70003",NA,"sin_crudo_emparejado",NA,NA,NA
"OVID","The safety of psilocybin-assisted psychotherapy:  A systematic review.",2025,"10.1177/00048674241289024",NA,"sin_crudo_emparejado",NA,NA,"Introduction: Psilocybin, a classical psychedelic, has been rescheduled for use in psilocybin-assisted psychotherapy for treatment-resistant depression in Australia. While evidence for its use is promising, understanding the associated risks is crucial. Accordingly, this review aims to collate adverse event data from psilocybin-assisted psychotherapy clinical trials and evaluate its definition, way of measurement and reporting., Methods: A systematic method was employed to identify clinical trials related to the use of psilocybin-assisted psychotherapy in clinical populations that reported on adverse events. The quality assessment focused on relevant criteria related to adverse event definition, monitoring and reporting methods., Results: A total of 24 articles were included. The studies reported heterogeneous psilocybin doses, study designs and indications. Physical and psychological adverse events during and after psilocybin sessions were examined, revealing variations in measuring, reporting methods and occurrences. The most common adverse events during and after sessions included elevated blood pressure, headaches, nausea, vomiting, fatigue and anxiety. In addition, both suicidal ideation and behaviour were observed infrequently and mainly in participants with a history of suicidal ideation or suicide attempt(s)., Conclusion: The review highlights the need to standardise the defintion of an adverse event, including how they are measured and reported, in psychedelic clinical trials to ensure consistent reporting across studies. In addition, screening participants for suicidality history and ongoing monitoring remains important, given the potential risk identified in the literature. However, based on the available data, the safety of psilocybin-assisted psychotherapy is generally supported, and no deaths were attributed to psilocybin. Nevertheless, cautious optimism is needed due to the preliminary nature and heterogeneity of the safety data., (C) 2025 Sage Publications"
"OVID","Psilocybin-assisted psychotherapy for Parkinson's disease without depression:  A case-report.",2025,"10.1177/1877718x241312604",NA,"sin_crudo_emparejado",NA,NA,"Background: Psychedelic assisted psychotherapy (PAP) can improve treatment-resistant depression. Its usefulness in Parkinson's disease (PD) is unknown. PD patients may have problems adjusting to their chronic progressive neurological disease. A change from emotional avoidance to acceptance has been reported following psilocybin administration in patients with treatment-resistant depression., Objective: To report for the first time the effect of psilocybin in a PD patient., Methods: A non-depressed 43-year-old female with a 2-year history of PD presented with difficulty adjusting to PD, anxious ruminations and pessimism. The patient declined an increase in dopaminergic medication or the introduction of an anxiolytic. Therapeutic patient education was not beneficial. The patient received four sessions of high-dose PAP within one year. Neurological and psychiatric assessments were performed before and at one year follow-up using qualitative interviews and quantitative assessment of motor status, dispositional optimism, depression, anxiety, apathy, and well-being., Results: PAP was well tolerated. It significantly improved the patient's overall pessimistic outlook on her future and decreased her anxious ruminations and worries about potential handicap due to PD. Her general well-being improved, as well as all psychometric scores except for the apathy scale. Motor status remained unchanged. Better acceptance of PD allowed her to accept pharmacological treatment adjustment., Conclusions: PAP could be a safe and useful treatment for PD patients with dispositional pessimism and difficulties accepting their disease by promoting profound decentration from habitual thoughts and emotions, improving mood and PD acceptance. Randomized, controlled studies are needed to confirm this result., (C)2025Sage Publications"
"OVID","Control group improvement lower in psilocybin trials for depression.",2025,"10.1002/pu.31371",NA,"sin_crudo_emparejado",NA,NA,NA
"OVID","The pharmacological treatment of anxiety in people with eating disorders: A systematic review.",2025,"10.1016/j.phrs.2025.107782",NA,"sin_crudo_emparejado",NA,NA,"People with eating disorders experience high rates of psychiatric comorbidities, including anxiety disorders such as generalised anxiety disorder, social anxiety disorder and specific phobias. Anxiety can influence the prognosis of an eating disorder, by worsening symptoms, and acting as a barrier to treatment. Therefore, targeting treatment efforts towards anxiety may improve eating disorder outcomes. The primary aim of this systematic review was to summarise the evidence base for the pharmacological treatment of anxiety symptoms in people with eating disorders. An electronic search of three databases (PubMed, Medline, and PsycInfo) was conducted. Papers were included if they investigated pharmacotherapy (antidepressants, antipsychotics, antianxiety, psychedelics, etc.) in eating disorder samples, with primary or secondary outcomes of anxiety. A total of 51 studies were included, and results were mixed across drug classes documenting both favourable and non-significant anxiety outcomes. There was evidence for the use of fluoxetine for anxiety in anorexia and bulimia nervosa, but not for binge eating disorder. Evidence for the use of olanzapine was documented for anxiety in AN, and preliminary case reports suggested its use in ARFID for anxiety symptoms. Preliminary evidence for developing pharmacological agents, such as psilocybin and ketamine, reported favourable outcomes in AN patients. More RCTs are required to explore efficacy and safety of pharmacological agents in treating anxiety in people with eating disorders., * People with EDs often experience anxiety as a comorbidity which can influence the prognosis of the ED., * There is positive, but preliminary, evidence for using fluoxetine in treating anxiety in anorexia and bulimia nervosa., * There is preliminary evidence for the use of novel drugs, like psilocybin, in treating anxiety in anorexia nervosa., * More RCTs are needed to explore efficacy and safety of pharmacological treatment for anxiety in EDs, (C) 2025Elsevier, Inc."
"OVID","Trial finds psilocybin improves symptoms in treatment-resistant depression.",2025,"10.1002/pu.31317",NA,"sin_crudo_emparejado",NA,NA,NA
"OVID","Control Group Outcomes in Trials of Psilocybin, SSRIs, or Esketamine for Depression: A Meta-Analysis.",2025,"10.1001/jamanetworkopen.2025.24119",NA,"sin_crudo_emparejado",NA,NA,"Importance: Psilocybin has demonstrated rapid and sustained antidepressant efficacy, with acute-phase effect sizes often more than double those for conventional antidepressants. However, concerns have been raised that high rates of functional unblinding in combination with trial participants with positive expectations of psychedelic use might bias treatment outcomes., Objective: To compare outcomes for patients receiving control treatments in randomized clinical trials of psilocybin for depression with control treatment outcomes from trials of selective serotonin reuptake inhibitors (SSRIs) and esketamine., Data Sources: Two previous meta-analyses and 1 US Food and Drug Administration review published between March 2019 and December 2024 were used to identify double-blind trials on adult major depressive disorder (MDD) or treatment-resistant depression (TRD) that had a relevant control treatment arm and used the Montgomery-Asberg Depression Rating Scale (MADRS) for symptom rating., Study Selection: Following the Preferred Reporting Items for Systematic Reviews and Meta-Analyses reporting guideline, trials of psilocybin for MDD and TRD, esketamine for TRD, and a selective serotonin reuptake inhibitor (SSRI) for MDD were selected. Studies that included only individuals aged younger than 18 years or older than 65 years, used a crossover design, or had a duration less than 2 weeks were excluded., Data Extraction and Synthesis: All authors assessed the 3 reviews for includable trials. Three authors independently extracted data for all trials, with disagreements resolved by consensus discussion. Data were pooled using random-effects models., Main Outcomes and Measures: Standardized mean change (SMC) in MADRS scores from baseline to up to 6 weeks after randomization was used to assess within-group effect sizes, and standardized mean difference (SMD) was used to assess between-group effect sizes. Omnibus Test of Moderators (QM) was used to test whether the study population significantly moderated effect sizes., Results: The study included 17 trials: 4 of psilocybin (n = 373), 2 of esketamine (n = 573), and 11 of SSRIs (n = 4014). Pretreatment to posttreatment SMCs (SEMs) were 1.21 (0.15) for psilocybin, 1.28 (0.06) for SSRIs, and 1.43 (0.15) for esketamine and were 0.50 (0.15), 1.00 (0.08), and 1.12 (0.17) for their respective control treatments. Study population was a significant moderator of between-group SMDs (QM, 10.7; df, 2; P = .005) and pre- to post-control treatment SMCs (QM, 10.4; df, 2; P = .005) but not of pre- to post-active treatment SMCs (QM, 1.21; df, 2; P = .55). MADRS response rates for control treatments in SSRI trials were 14 percentage points higher than in psilocybin trials and in esketamine trials were 23 percentage points higher than in psilocybin trials. Dropout rates for psilocybin (active treatment: 10 of 186 [5%]; control: 20 of 187 [11%]) and esketamine (active treatment: 43 of 349 [12%]; control: 18 of 224 [8%]) were similar and considerably lower than for SSRIs (active treatment: 866 of 2694 [32%]; control: 467 of 1320 [35%])., Conclusions and Relevance: In this meta-analysis of control treatment outcomes in trials of psilocybin, SSRIs, or esketamine for depression, participants receiving control treatment in psilocybin trials had significantly less improvement in depression ratings than participants receiving control treatment in trials of SSRIs or esketamine. This might indicate that psilocybin's antidepressant efficacy is overestimated compared with that of SSRIs and esketamine., Copyright 2025 by the American Medical Association.  All Rights Reserved.  Applicable FARS/DFARS Restrictions Apply to Government Use.  American Medical Association, 515 N. State St, Chicago, IL 60610."
"OVID","Neurobiological mechanisms of antidepressant properties of psilocybin: A systematic review of blood biomarkers.",2025,"10.1016/j.pnpbp.2025.111251",NA,"sin_crudo_emparejado",NA,NA,": Psilocybin represents a novel therapeutic approach for individuals with major depressive disorder (MDD) who do not respond to conventional antidepressant treatment. Investigating the influence of psilocybin on the pathophysiological processes involved in MDD could enhance our neurobiological understanding of the presumed antidepressant action mechanism. This systematic review aims to summarize the results of human studies investigating changes in blood-based biomarkers of MDD to guide future research on potentially relevant analytes that could be monitored in clinical trials. A systematic search was performed in MEDLINE, Embase, and Web of Science to retrieve studies investigating changes in serum and plasma levels of neurotrophic, immunologic, neuroendocrine, and metabolic markers. Nine studies were included, describing findings on 15 biomarkers, exclusively in healthy participants. Studies consistently reported a decrease in interleukin-6, C-reactive protein, and eosinophils, and an increase in cortisol, prolactin, oxytocin, thyroid-stimulating hormone, adrenocorticotropic hormone, brain-derived neurotrophic factor, and free fatty acids following psilocybin administration. Less consistent effects were observed on interleukin-1[beta], interleukin-8, tumour necrosis factor-alpha, soluble urokinase plasminogen activator receptor, and growth hormone. The results are in line with preclinical studies and provide initial support from human studies that psilocybin potentially leads to beneficial effects on biomarkers of MDD. However, given the limited number of studies, findings should be approached with caution prior to replication. Further research should include larger samples, clinical populations, longer-term assessment, rigorous experimental designs, and account for the potential confounding of psychological stress related to the psychedelic experience., Highlights:, * Psilocybin may influence pathophysiological mechanisms of MDD., * Psilocybin potentially reduces levels of inflammation., * Psilocybin can promote neuroendocrine activity of the HPA and HPT axis., * Psilocybin likely increases levels of neurotrophic factors., (C) 2025Elsevier, Inc."
"OVID","Psilocybin for clinical indications:  A scoping review.",2024,"10.1177/02698811241269751",NA,"sin_crudo_emparejado",NA,NA,"Background: Psychedelic drugs have been of interest in medicine since the early 1950s. There has recently been a resurgence of interest in psychedelics., Aims: The objective of this study is to determine the extent of the available literature on psilocybin for medical indications including the designs used, study characteristics, indications studied, doses, and authors' conclusions. We identify areas for further study where there are research gaps., Methods: We conducted a systematic scoping review of clinical indications for psilocybin, encompassing psychiatric and medical conditions. We systematically searched Medline and Embase using keywords related to psilocybin. We reviewed titles and texts in duplicate using Covidence software. We extracted data individually in duplicate using Covidence software and a senior reviewer resolved all author conflicts. We analyzed data descriptively., Results: We included 193 published and 80 ongoing studies. Thirty-seven percent of included studies were systematic reviews. Only 12% of included studies were randomized controlled trials. The median number of participants was 22 with a median of 18 participants who had taken psilocybin. Thirty-eight percent of studies reported at least one potential conflict of interest. The most common indication was depression (28%). Also commonly studied were substance use (14%), mental health in life-threatening illness (9%), headaches (6%), depression and anxiety (6%), obsessive-compulsive disorder (3%), and anxiety disorders (3%)., Conclusions: Most studies involving the administration of psilocybin have small sample sizes and the most common focus has been psychiatric disorders. There is a need for high-quality randomized trials on psilocybin and to expand consideration to other promising indications, such as chronic pain., (C)2024Sage Publications"
"OVID","EXPRESSION OF CONCERN: Efficacy of psilocybin for treating symptoms of depression: systematic review and meta-analysis.",2024,"10.1136/bmj.q1025",NA,"sin_crudo_emparejado",NA,NA,NA
"OVID","Psilocybin reduces symptoms in treatment resistant depression, trial results show.",2024,"10.1136/bmj.o2623",NA,"sin_crudo_emparejado",NA,NA,NA
"OVID","Psilocybin Therapy for Clinicians With Symptoms of Depression From Frontline Care During the COVID-19 Pandemic: A Randomized Clinical Trial.",2024,"10.1001/jamanetworkopen.2024.49026",NA,"sin_crudo_emparejado",NA,NA,"Importance: The psychological morbidity experienced by physicians, advanced practice practitioners (APPs), and nurses from working during the COVID-19 pandemic includes burnout, depression, and posttraumatic stress disorder (PTSD)., Objective: To investigate whether psilocybin therapy could improve symptoms of depression, burnout, and PTSD in US clinicians who developed these symptoms from frontline clinical work during the pandemic., Design, Setting, and Participants: This double-blind randomized clinical trial enrolled participants from February to December 2022. Participants included physicians, APPs, and nurses who provided frontline care for more than 1 month during the pandemic and had no prepandemic mental health diagnoses but had moderate or severe symptoms of depression at enrollment. Participants were randomly assigned to either the psilocybin or niacin arm. Data analysis was conducted between December 2023 and May 2024 and was based on the intention-to-treat principle., Intervention: One intervention episode consisted of 2 preparation visits, 1 medication session, and 3 integration visits. At the medication session, participants received psilocybin, 25 mg, or niacin, 100 mg, orally., Main Outcome and Measures: The primary outcome was a change from baseline (preparation 1 session) to day 28 (after medication administration) in symptoms of depression as measured by the clinician-administered Montgomery-Asberg Depression Rating Scale (MADRS) used by blinded raters. The secondary outcomes were a change in symptoms of burnout (measured with the Stanford Professional Fulfillment Index [SPFI]) and symptoms of PTSD (measured with the Posttraumatic Stress Disorder Checklist for Diagnostic and Statistical Manual of Mental Disorders, Fifth Edition [PCL-5])., Results: A total of 30 clinicians (15 females [50%]; mean [range] age, 38 [29-60] years) participated, of whom 15 were randomly assigned to receive psilocybin and 15 to receive niacin. The mean change in symptoms of depression (MADRS scores) from preparation 1 session to day 28 was -21.33 (7.84) in the psilocybin arm compared with -9.33 (7.32) in the niacin arm, with a mean difference between arms of -12.00 (95% CI, -17.67 to -6.33; P < .001), a decrease in MADRS scores indicating improvement. The mean change in SPFI scores from preparation 1 session to day 28 showed a numerically larger improvement in symptoms of burnout in the psilocybin compared with the niacin arm (-6.40 [5.00] vs -2.33 [5.97]; P = .05) but was not statistically significant. Since the SPFI score change did not reach statistical significance, the PCL-5 score change was evaluated descriptively. The mean change in PCL-5 scores showed a numerically larger decrease in symptoms of PTSD from preparation 1 session to day 28 in the psilocybin vs the niacin arm (-16.67 [15.04] vs -6.73 [10.69]), but this difference was not statistically tested., Conclusions and Relevance: This randomized clinical trial found that psilocybin therapy resulted in a significant, sustained reduction in symptoms of depression experienced by clinicians after frontline work during the COVID-19 pandemic. The findings establish psilocybin therapy as a new paradigm of treatment for this postpandemic condition., Trial Registration: ClinicalTrials.gov Identifier: NCT05163496, Copyright 2024 by the American Medical Association.  All Rights Reserved.  Applicable FARS/DFARS Restrictions Apply to Government Use.  American Medical Association, 515 N. State St, Chicago, IL 60610."
"OVID","Psilocybin Improved Depression Among Frontline COVID-19 Care Providers.",2025,"10.1056/nejm-jw.na58283",NA,"sin_crudo_emparejado",NA,NA,": Treating patients with trauma-related distress might turn out to be the preferred application for this drug., Copyright (C) 2025 Massachusetts Medical Society. All rights reserved."
"OVID","Psilocybin-assisted group therapy in patients with cancer diagnosed with a major depressive disorder.",2024,"10.1002/cncr.35010",NA,"sin_crudo_emparejado",NA,NA,NA
"OVID","Exploring psychedelic use in athletes and their attitudes toward psilocybin-assisted therapy in concussion recovery.",2024,"10.1177/20451253241264812",NA,"sin_crudo_emparejado",NA,NA,"Background: Psychedelics are receiving growing interest among clinical researchers for their effects on mood and cognition. Psilocybin is one of the most widely studied classic psychedelics which has shown good safety and clinical benefit for major depression and substance use disorders. Athletes frequently sustain concussions and often experience myriad symptoms, including cognitive and mood issues, which can persist for weeks or months in 10%-30% of athletes. Psilocybin may be a potential symptom management option for athletes with persisting concussion symptoms., Objectives: This study sought to summarize athlete psychedelic use, among other substances, and to examine the willingness of the sports community to engage in or support psilocybin-assisted therapy (PAT) for concussion recovery and management of persisting concussion symptoms., Methods: In total, 175 (n = 85 athletes; n = 90 staff) respondents completed an online survey distributed in Canada and the United States which queried sport involvement and demographics, substance use, concussion history, and knowledge and willingness about psilocybin. The reporting of this study conforms to the Checklist for Reporting Results of Internet E-Surveys (CHERRIES) statement., Design: Substance use rates were summarized across athletes and team staff members and a path analysis was used for each sample to identify predictors of willingness to use PAT (athletes) or support PAT (staff) for concussion recovery. Participants were also asked to identify perceived barriers to the implementation of PAT for sports-related concussions, and to indicate their overall willingness., Results: Psychedelics were the third most used substance in the past year among athletes (35.8%) while regular psychedelic use was quite low in athletes (7.5%). A path analysis conducted in RStudio found that attitudes toward psilocybin and knowledge of psilocybin were significant predictors for both athletes and staff members of their willingness to use or support PAT for concussion recovery. Athletes reported likely engaging in PAT (61.2%) and staff (71.1%) reported that they would support their athletes using PAT., Conclusion: The results of this study suggest that the sports community may be receptive to PAT and athletes would be willing to engage in it for concussion recovery and/or the management of persisting post-concussion symptoms (PPCS). Future research should examine the effects of psilocybin for PPCS to inform whether there is any impact while addressing concerns regarding long-term effects of psilocybin use., (C)2024Sage Publications"
"OVID","Treating Bipolar Depression Using Psilocybin-Validity Threats Regarding Efficacy and Safety-Reply.",2024,"10.1001/jamapsychiatry.2024.0423",NA,"sin_crudo_emparejado",NA,NA,NA
"OVID","Treating Bipolar Depression Using Psilocybin-Validity Threats Regarding Efficacy and Safety.",2024,"10.1001/jamapsychiatry.2024.0420",NA,"sin_crudo_emparejado",NA,NA,NA
"OVID","Psilocybin for depression.",2024,"10.1136/bmj.q798",NA,"sin_crudo_emparejado",NA,NA,NA
"OVID","Efficacy of psilocybin for treating symptoms of depression: systematic review and meta-analysis.",2024,"10.1136/bmj-2023-078084",NA,"sin_crudo_emparejado",NA,NA,"Objective: To determine the efficacy of psilocybin as an antidepressant compared with placebo or non-psychoactive drugs., Design: Systematic review and meta-analysis., Data sources: Five electronic databases of published literature (Cochrane Central Register of Controlled Trials, Medline, Embase, Science Citation Index and Conference Proceedings Citation Index, and PsycInfo) and four databases of unpublished and international literature (ClinicalTrials.gov, WHO International Clinical Trials Registry Platform, ProQuest Dissertations and Theses Global, and PsycEXTRA), and handsearching of reference lists, conference proceedings, and abstracts., Data synthesis and study quality: Information on potential treatment effect moderators was extracted, including depression type (primary or secondary), previous use of psychedelics, psilocybin dosage, type of outcome measure (clinician rated or self-reported), and personal characteristics (eg, age, sex). Data were synthesised using a random effects meta-analysis model, and observed heterogeneity and the effect of covariates were investigated with subgroup analyses and metaregression. Hedges' g was used as a measure of treatment effect size, to account for small sample effects and substantial differences between the included studies' sample sizes. Study quality was appraised using Cochrane's Risk of Bias 2 tool, and the quality of the aggregated evidence was evaluated using GRADE guidelines., Eligibility criteria: Randomised trials in which psilocybin was administered as a standalone treatment for adults with clinically significant symptoms of depression and change in symptoms was measured using a validated clinician rated or self-report scale. Studies with directive psychotherapy were included if the psychotherapeutic component was present in both experimental and control conditions. Participants with depression regardless of comorbidities (eg, cancer) were eligible., Results: Meta-analysis on 436 participants (228 female participants), average age 36-60 years, from seven of the nine included studies showed a significant benefit of psilocybin (Hedges' g=1.64, 95% confidence interval (CI) 0.55 to 2.73, P<0.001) on change in depression scores compared with comparator treatment. Subgroup analyses and metaregressions indicated that having secondary depression (Hedges' g=3.25, 95% CI 0.97 to 5.53), being assessed with self-report depression scales such as the Beck depression inventory (3.25, 0.97 to 5.53), and older age and previous use of psychedelics (metaregression coefficient 0.16, 95% CI 0.08 to 0.24 and 4.2, 1.5 to 6.9, respectively) were correlated with greater improvements in symptoms. All studies had a low risk of bias, but the change from baseline metric was associated with high heterogeneity and a statistically significant risk of small study bias, resulting in a low certainty of evidence rating., Conclusion: Treatment effects of psilocybin were significantly larger among patients with secondary depression, when self-report scales were used to measure symptoms of depression, and when participants had previously used psychedelics. Further research is thus required to delineate the influence of expectancy effects, moderating factors, and treatment delivery on the efficacy of psilocybin as an antidepressant., Systematic review registration: PROSPERO CRD42023388065., (C) 2024 BMJ Publishing Group Ltd"
"OVID","Is psilocybin effective for treatment of depression?.",2024,"10.1097/ebp.0000000000002021",NA,"sin_crudo_emparejado",NA,NA,NA
"OVID","Personality Change in a Trial of Psilocybin Therapy vs Escitalopram Treatment for Depression - CORRIGENDUM.",2024,"10.1017/s0033291723002039",NA,"sin_crudo_emparejado",NA,NA,NA
"OVID","Single dose of psilocybin improves depressive symptoms in Phase 2 study.",2023,"10.1002/pu.31093",NA,"sin_crudo_emparejado",NA,NA,NA
"OVID","Psilocybin therapy to reduce depression following a terminal diagnosis.",2023,"10.1097/01.jaa.0000994952.07847.2d",NA,"sin_crudo_emparejado",NA,NA,NA
"OVID","Psilocybin, escitalopram have comparable effects on personality in patients with depression.",2023,"10.1002/pu.31080",NA,"sin_crudo_emparejado",NA,NA,NA
"OVID","Single-Dose Psilocybin Treatment for Major Depressive Disorder: A Randomized Clinical Trial.",2023,"10.1001/jama.2023.14530",NA,"sin_crudo_emparejado",NA,NA,"Importance: Psilocybin shows promise as a treatment for major depressive disorder (MDD)., Objective: To evaluate the magnitude, timing, and durability of antidepressant effects and safety of a single dose of psilocybin in patients with MDD., Design, Setting, and Participants: In this phase 2 trial conducted between December 2019 and June 2022 at 11 research sites in the US, participants were randomized in a 1:1 ratio to receive a single dose of psilocybin vs niacin placebo administered with psychological support. Participants were adults aged 21 to 65 years with a Diagnostic and Statistical Manual of Mental Disorders, Fifth Edition diagnosis of MDD of at least 60 days' duration and moderate or greater symptom severity. Exclusion criteria included history of psychosis or mania, active substance use disorder, and active suicidal ideation with intent. Participants taking psychotropic agents who otherwise met inclusion/exclusion criteria were eligible following medication taper. Primary and secondary outcomes and adverse events (AEs) were assessed at baseline (conducted within 7 days before dosing) and at 2, 8, 15, 29, and 43 days after dosing., Interventions: Interventions were a 25-mg dose of synthetic psilocybin or a 100-mg dose of niacin in identical-appearing capsules, each administered with psychological support., Main Outcomes and Measures: The primary outcome was change in central rater-assessed Montgomery-Asberg Depression Rating Scale (MADRS) score (range, 0-60; higher scores indicate more severe depression) from baseline to day 43. The key secondary outcome measure was change in MADRS score from baseline to day 8. Other secondary outcomes were change in Sheehan Disability Scale score from baseline to day 43 and MADRS-defined sustained response and remission. Participants, study site personnel, study sponsor, outcome assessors (raters), and statisticians were blinded to treatment assignment., Results: A total of 104 participants (mean [SD] age, 41.1 [11.3] years; 52 [50%] women) were randomized (51 to the psilocybin group and 53 to the niacin group). Psilocybin treatment was associated with significantly reduced MADRS scores compared with niacin from baseline to day 43 (mean difference,-12.3 [95% CI, -17.5 to -7.2]; P <.001) and from baseline to day 8 (mean difference, -12.0 [95% CI, -16.6 to -7.4]; P < .001). Psilocybin treatment was also associated with significantly reduced Sheehan Disability Scale scores compared with niacin (mean difference, -2.31 [95% CI, 3.50-1.11]; P < .001) from baseline to day 43. More participants receiving psilocybin had sustained response (but not remission) than those receiving niacin. There were no serious treatment-emergent AEs; however, psilocybin treatment was associated with a higher rate of overall AEs and a higher rate of severe AEs., Conclusions and Relevance: Psilocybin treatment was associated with a clinically significant sustained reduction in depressive symptoms and functional disability, without serious adverse events. These findings add to increasing evidence that psilocybin-when administered with psychological support-may hold promise as a novel intervention for MDD., Trial Registration: ClinicalTrials.gov Identifier: NCT03866174, Copyright 2023 by the American Medical Association.  All Rights Reserved.  Applicable FARS/DFARS Restrictions Apply to Government Use.  American Medical Association, 515 N. State St, Chicago, IL 60610."
"OVID","Comparative antidepressant effects and safety of intravenous racemic ketamine, psilocybin and theta burst stimulation for major depressive disorder:  A systematic review and network meta-analyses of randomized controlled trials.",2024,"10.1002/pcn5.70042",NA,"sin_crudo_emparejado",NA,NA,NA
"OVID","Psilocybin therapy:  A novel approach to treating depression.",2023,"10.1097/gh9.0000000000000175",NA,"sin_crudo_emparejado",NA,NA,NA
"OVID","Long term efficacy of psilocybin in patients with cancer and major depressive disorder (MDD).",2023,"10.1200/jco.2023.41.16_suppl.12021",NA,"sin_crudo_emparejado",NA,NA,"12021, Background: Up to 25% of people living with cancer have depression. Existing psychological interventions have limited efficacy in treating depression. Psilocybin, a 5-hydroytrptamintergic psychedelic, coupled with group therapy is safe and effective in ameliorating symptoms of depression (Agrawal et al, ASCO 2022). Response to psilocybin treatment was observed in 83.3% of patients at 8 weeks, and 50% of patients showed full remission of depressive symptoms. This study evaluates the efficacy of psilocybin-assisted group therapy in relieving depression in cancer patients over 18 months. Methods: Adults with curable or metastatic cancer and MDD (according to DSM-5) underwent psychological assessments at baseline. They were treated with single-dose psilocybin 25 mg administered simultaneously in group cohorts of 3-4, supported with group and individual psychological therapy, and evaluated at 8 weeks and 18 months. Primary objectives were long-term effectiveness on depression and anxiety severity (as measured by change in Montgomery Asberg Depression Rating Scale [MADRS] and Hamilton Depression Rating Scale [HAM-A] scores by independent rater assessments) as well as clinical response (>=50% decrease in MADRS total score from baseline to 18 months) and remission (defined as patients with a MADRS total score <=10 at 18 months). Results: Of 30 patients enrolled in the parent study, 2 died and 4 were lost to follow-up. Clinical response was demonstrated in 18/28 patients (64.2%) from baseline to 18 months follow-up (see table); 16/28 patients (57.1%) demonstrated remission of depression at 18 months. In 24 evaluable patients, continued reduction in mean depression severity scores was also demonstrated from baseline to week 8 (MADRS by 20.6 points [95% CI 23.2, 18.0, p < 0.001] and HAMA-A by 16.7 points [95% CI 19.7, 13.7, p < 0.001]) and from baseline to 18 months (MADRS by 16.7 points [95% CI 20.4, 12.9, p < 0.001] and HAMA-A by 14.4 points [95% CI 17.3, 11.4, p < 0.001]). Conclusions: Long-term follow-up suggests continued robust clinical response and remission from depression with a single dose of psilocybin and simultaneous psychological support in patients with cancer and MDD. These findings indicate psilocybin may play a role in treatment of depression in cancer patients, and further investigations are ongoing., (C) 2023 American Society of Clinical Oncology"
"OVID","Assessment of Psilocybin Therapy for Patients With Cancer and Major Depression Disorder.",2023,"10.1001/jamaoncol.2023.0351",NA,"sin_crudo_emparejado",NA,NA,NA
"OVID","Psilocybin for Treatment-Resistant Depression.",2023,"10.1056/nejmc2215459",NA,"sin_crudo_emparejado",NA,NA,NA
"OVID","Novel Approaches for Managing Depression.",2023,"10.1056/nejm-jw.na56885",NA,"sin_crudo_emparejado",NA,NA,": In randomized trials, researchers examined the efficacy of ketamine, esketamine, probiotics, and psilocybin., Copyright (C) 2023 Massachusetts Medical Society. All rights reserved."
"OVID","Efficacy and safety of psilocybin-assisted treatment for major depressive disorder:  Prospective 12-month follow-up.",2022,"10.1177/02698811211073759",NA,"sin_crudo_emparejado",NA,NA,"Background: Preliminary data suggest that psilocybin-assisted treatment produces substantial and rapid antidepressant effects in patients with major depressive disorder (MDD), but little is known about long-term outcomes., Aims: This study sought to examine the efficacy and safety of psilocybin through 12 months in participants with moderate to severe MDD who received psilocybin., Methods: This randomized, waiting-list controlled study enrolled 27 patients aged 21-75 with moderate to severe unipolar depression (GRID-Hamilton Depression Rating Scale (GRID-HAMD) >= 17). Participants were randomized to an immediate or delayed (8 weeks) treatment condition in which they received two doses of psilocybin with supportive psychotherapy. Twenty-four participants completed both psilocybin sessions and were followed through 12 months following their second dose., Results: All 24 participants attended all follow-up visits through the 12-month timepoint. Large decreases from baseline in GRID-HAMD scores were observed at 1-, 3-, 6-, and 12-month follow-up (Cohen d = 2.3, 2.0, 2.6, and 2.4, respectively). Treatment response (>=50% reduction in GRID-HAMD score from baseline) and remission were 75% and 58%, respectively, at 12 months. There were no serious adverse events judged to be related to psilocybin in the long-term follow-up period, and no participants reported psilocybin use outside of the context of the study. Participant ratings of personal meaning, spiritual experience, and mystical experience after sessions predicted increased well-being at 12 months, but did not predict improvement in depression., Conclusions: These findings demonstrate that the substantial antidepressant effects of psilocybin-assisted therapy may be durable at least through 12 months following acute intervention in some patients., (C)2022Sage Publications"
"OVID","Single-Dose Psilocybin for a Treatment-Resistant Episode of Major Depression.",2022,"10.1056/nejmoa2206443",NA,"sin_crudo_emparejado",NA,NA,"Background: Psilocybin is being studied for use in treatment-resistant depression., Methods: In this phase 2 double-blind trial, we randomly assigned adults with treatment-resistant depression to receive a single dose of a proprietary, synthetic formulation of psilocybin at a dose of 25 mg, 10 mg, or 1 mg (control), along with psychological support. The primary end point was the change from baseline to week 3 in the total score on the Montgomery-Asberg Depression Rating Scale (MADRS; range, 0 to 60, with higher scores indicating more severe depression). Secondary end points included response at week 3 (>=50% decrease from baseline in the MADRS total score), remission at week 3 (MADRS total score <=10), and sustained response at 12 weeks (meeting response criteria at week 3 and all subsequent visits)., Results: A total of 79 participants were in the 25-mg group, 75 in the 10-mg group, and 79 in the 1-mg group. The mean MADRS total score at baseline was 32 or 33 in each group. Least-squares mean changes from baseline to week 3 in the score were -12.0 for 25 mg, -7.9 for 10 mg, and -5.4 for 1 mg; the difference between the 25-mg group and 1-mg group was -6.6 (95% confidence interval [CI], -10.2 to -2.9; P<0.001) and between the 10-mg group and 1-mg group was -2.5 (95% CI, -6.2 to 1.2; P=0.18). In the 25-mg group, the incidences of response and remission at 3 weeks, but not sustained response at 12 weeks, were generally supportive of the primary results. Adverse events occurred in 179 of 233 participants (77%) and included headache, nausea, and dizziness. Suicidal ideation or behavior or self-injury occurred in all dose groups., Conclusions: In this phase 2 trial involving participants with treatment-resistant depression, psilocybin at a single dose of 25 mg, but not 10 mg, reduced depression scores significantly more than a 1-mg dose over a period of 3 weeks but was associated with adverse effects. Larger and longer trials, including comparison with existing treatments, are required to determine the efficacy and safety of psilocybin for this disorder. (Funded by COMPASS Pathfinder; EudraCT number, 2017-003288-36; ClinicalTrials.gov number, NCT03775200.), Effect of Psilocybin on Treatment-Resistant Depression: A single 25-mg dose of psilocybin was more effective than a 1-mg dose at alleviating treatment-resistant depression over a period of 3 weeks. The effect was attenuated at 12 weeks., Copyright (C) 2022 Massachusetts Medical Society. All rights reserved."
"OVID","The safety and efficacy of psilocybin therapy in patients with cancer and major depressive disorder.",2022,"10.1200/jco.2022.40.16_suppl.12097",NA,"sin_crudo_emparejado",NA,NA,"12097, Background: More than 17 million people in the U.S. live with cancer and up to 25% of them have major depression. Depression leads to lower treatment adherence, reduced quality of life, and higher rates of mortality in cancer. Yet, interventions used to treat depression in patients with cancer have limited success. Prior trials using psilocybin to treat anxiety and depression associated with cancer suggested improvements in psychological distress. However, treatment in a homogenous psychiatric sample has yet to be investigated. Further, psilocybin has not been given in groups, and in a setting conducive to the ""whole person"" approach to treatment. This trial built upon previous studies and tested the safety, feasibility, and efficacy of psilocybin therapy in cancer patients diagnosed with major depressive disorder (MDD), with the novel use of group treatment in a cancer center setting. Methods: Phase II, single-center, open label trial, where 30 patients received a dose of 25 mg of psilocybin. Inclusion criteria: 1) age >= 18 years, 2) met criteria for MDD, 3) a Hamilton Depression Rating Scale score >= 18 at baseline, 4) diagnosis of a malignant neoplasm. Patients who had curative treatment for cancer as well as those with advanced metastatic disease were included. Patients were divided into cohorts and they received 1 group preparation session, simultaneous administration of psilocybin, and 2 group integration sessions. Therapeutic care was also provided before, during, and after the session using the 1:1 model of psychological support. The primary outcome measures for safety were adverse events, vital signs, ECGs, blood tests, and suicidality scores (C-SSRS). The secondary and exploratory outcome measures consisted of 15 assessments conducted at baseline and post-treatment at day 1, week 1, week 3, and week 8 to determine the efficacy of treatment. Results: A total of 30 patients were enrolled over the course of only 8 months with an attrition rate of 0%. All completed the trial with no serious adverse events. Beyond high tolerability of the treatment, we also found a clinically meaningful change in depressive symptoms. After a single administration of psilocybin therapy, the average score on the Montgomery Asberg Depression Rating Scale (MADRS) dropped by 19.1 points (95% CI, 22.3 to 16.0, p < 0.0001). A sustained response rate (a decrease of >= 50% in the MADRS score from baseline to week 8) was seen by 24 patients. 50% of patients showed complete remission of depression symptoms (a MADRS score < 10) one week after treatment, which was sustained for up to 8 weeks. Conclusions: This study adds to the growing body of psilocybin research with promising results showing the safety, feasibility, and efficacy of simultaneous psilocybin treatment in patients with cancer with MDD. The value of group support for patients with cancer was also explored, with implications for increased scalability of psilocybin therapy in real-world settings. Clinical trial information: NCT04593563., (C) 2022 American Society of Clinical Oncology"
"OVID","Evaluation of a facilitator training program in a randomized controlled trial of psilocybin treatment for depression",2026,"10.1186/s12909-026-09124-8",NA,"sin_crudo_emparejado",NA,NA,"BACKGROUND: Major depression is a prevalent condition among patients with life-threatening illnesses, such as cancer, and recent findings suggest that psilocybin may hold promising treatment potential. Contemporary trials of psilocybin generally employ a model that includes psychotherapeutic support consisting of preparation and integration sessions surrounding the dosing. However, there is limited research on the psychotherapeutic component of treatment, including the skills, professional qualifications and training needed to provide it., METHODS: In this study, nine nurses completed a 15-week online and on-site training program as facilitators in an ongoing randomized controlled trial of psilocybin treatment for depression. The training evaluation consisted of a subjective evaluation by the facilitators collected during and after completion of training, and an objective evaluation of the facilitators' verbal relational skills assessed with standardized role-plays before and after completion of training. The recorded role-plays were assessed using the relational components of the Motivational Interviewing Treatment Integrity (MITI) code 4.2 and analyzed with the Wilcoxon Signed Rank Test., RESULTS: The facilitators' subjective evaluations indicated that the online and on-site training sessions had supported their knowledge- and skill acquisition. However, most facilitators reported that additional practical in-person training would have been necessary for them to feel adequately prepared to provide the treatment. The objective assessment of the facilitators' verbal relational skills showed a significant increase in one of twelve MITI variables and medium to large effect sizes for six of the measures pre- to post-training., CONCLUSIONS: The training model used in this study showed potential to improve outcomes, though effects were modest and only demonstrated in role-play. The facilitators also indicated a need for additional training to feel adequately prepared. The exact requirements for the psychotherapeutic support surrounding the dosing in these treatments, including the specific skills and professional qualifications needed to provide it, remain unclear. Nonetheless, the results of this study suggest that different professionals may require distinct types of training to deliver these treatments effectively. Future studies should design training programs based on the facilitators' baseline skills and provide clear descriptions and objective measures of both the training intervention and outcome, along with adherence measures throughout treatment., TRIAL REGISTRATION: EudraCT: 2023-505532-35-00; Clinicaltrails.gov ID: NCT06319378. Registered 8 November 2023."
"OVID","Human brain changes after first psilocybin use",2026,"10.1038/s41467-026-71962-3",NA,"sin_crudo_emparejado",NA,NA,"Psychedelics have robust effects on acute brain function and long-term behavior but whether they also cause enduring functional and anatomical brain changes is largely unknown. In an exploratory, placebo-controlled, within-subjects, electroencephalography (EEG), and magnetic resonance imaging (MRI) study in 28 healthy, entirely psychedelic-naive participants, anatomical and functional brain changes are detected from one-hour to one-month after a single high-dose (25 mg) of psilocybin. Increases in cognitive flexibility, psychological insight, and well-being are seen at one-month. Diffusion tensor imaging (DTI) done before and one-month after 25 mg psilocybin reveals decreased axial diffusivity bilaterally in prefrontal-subcortical tracts that correlate with decreases in brain network modularity (fMRI) over the same month. Enduring functional brain changes are largely absent, but network modularity change (numerical decrease) negatively correlates with well-being change (significant increase), in line with previous findings in depression. Increased cortical signal entropy (EEG) at 1- and 2-hours post-dosing predicts improved psychological well-being at one-month. Next-day psychological insight mediates the entropy to well-being relationship. All effects are exclusive to 25 mg psilocybin; no effects occur with a 1 mg psilocybin placebo."
"OVID","COMBINATION OF PSILOCYBIN AND COGNITIVE BEHAVIORAL THERAPY IMPROVES OXYTOCIN LEVELS AND DEPRESSIVE SYMPTOMS IN PATIENTS WITH MAJOR DEPRESSIVE DISORDER",2026,"10.4238/e91xh631",NA,"sin_crudo_emparejado",NA,NA,"Background: Major depressive disorder is a prevalent psychological condition that is characterized by sustained low mood, dysfunction and biological dysregulation. Depression can be treated with cognitive behavioral therapy, and newer studies indicate that psilocybin-based therapy may improve depressive symptoms when used under supervised psychological support. Oxytocin, a neuropeptide that plays a role in stress, emotions and bonding, may help us understand treatment effects. Objective: To evaluate the effect of psilocybin therapy, cognitive behavioral therapy, and combined psilocybin assisted cognitive behavioral therapy on depressive symptoms and serum oxytocin levels among patients with major depressive disorder. Methods: This randomized controlled trial was carried out at the Psychiatry Department of Hayatabad Medical Complex and Khyber Medical University, Peshawar from 1st December 2024 to 30th July 2025. Sixty-seven patients with major depressive disorder were included and randomly distributed into four groups: ‘SSRI treatment, CBT, psilocybin therapy, and psilocybin combined with CBT’. Hamilton Depression Rating Scale was used to measure the severity of depression at baseline, week 6 and week 10. Serum oxytocin levels were also evaluated. Data was analyzed using SPSS 25. Repeated-measures ANOVA, Bonferroni post hoc comparisons were applied. Results: The control group showed minimal change in HAM-D scores, while marked reductions were observed in all active intervention groups. By week 10, mean HAM-D scores decreased to 2.84 ± 2.01 in the CBT group, 3.24 ± 1.56 in the psilocybin group, and 2.50 ± 1.51 in the psilocybin assisted CBT group. Repeated-measures ANOVA showed a significant effect of time on HAM-D scores and a significant time × group interaction (p<0.001). Serum oxytocin levels increased in CBT, psilocybin, and combined treatment groups, with the greatest rise being observed in the psilocybin assisted CBT. Between-group differences in oxytocin were ‘not significant’ (p=0.649), but significant rises were observed within all intervention groups. Conclusion: Patients treated with psilocybin, CBT, or their combined approach showed significant improvement in depressive symptoms. Serum oxytocin levels increased most significantly in the combined treatment group, suggesting a possible neurobiological role of oxytocin in treatment response."
"OVID","Microdosing psilocybin for major depressive disorder: study protocol for a phase II double-blind placebo-controlled randomised partial crossover trial - CORRIGENDUM",2026,"10.1192/bjo.2026.12000",NA,"sin_crudo_emparejado",NA,NA,NA
"OVID","Psilocybin-assisted psychotherapy improves psychiatric symptoms across multiple dimensions in patients with cancer",2024,"10.1038/s44220-024-00331-0",NA,"sin_crudo_emparejado",NA,NA,"Psilocybin-assisted psychotherapy (PAP) has shown promise in treating mood and anxiety disorders in patients with cancer. However, patients with cancer often suffer from more than just depression and anxiety, and so far, PAP's effect on other psychiatric symptoms remains largely unknown. To address this gap, we pooled previously unpublished data from two phase II, randomized, placebo-controlled crossover trials involving 79 participants with cancer-related distress and analyzed PAP's effect on 9 psychiatric symptom dimensions: anxiety, depression, interpersonal sensitivity, hostility, obsession-compulsion, somatization, phobia, paranoia and psychosis. PAP significantly improved anxiety, depression, interpersonal sensitivity, hostility, obsession-compulsion and somatization without inducing any lasting phobia, paranoia or psychosis. Clinical improvements were consistent between trials. Together, our findings suggest that PAP has the potential to be a comprehensive mental health treatment for patients with cancer."
"OVID","Single-dose psilocybin for a treatment-resistant episode of major depression: impact on patient-reported depression severity, anxiety, function, and quality of life",2023,"10.1016/j.jad.2023.01.108",NA,"sin_crudo_emparejado",NA,NA,"BACKGROUND: COMP360 is a proprietary, synthetic formulation of psilocybin being developed for treatment-resistant depression (TRD), a burdensome, life-threatening illness with high global impact. Here, we expand upon the previous report of primary outcomes from a phase 2 study of COMP360 in individuals with TRD-the largest randomised controlled clinical trial of psilocybin-to discuss findings of the exploratory efficacy endpoints. METHODS: In this phase 2, double-blind trial, 233 participants with TRD were randomised to receive a single dose of psilocybin 25 mg, 10 mg, or 1 mg (control), administered alongside psychological support from trained therapists. Efficacy measures assessed patient-reported depression severity, anxiety, positive and negative affect, functioning and associated disability, quality of life, and cognitive function. RESULTS: At Week 3, psilocybin 25 mg, compared with 1 mg, was associated with greater improvements from Baseline total scores in all measures. The 10 mg dose produced smaller effects across these measures. LIMITATIONS: Interpretation of this trial is limited by the absence of an active comparator and the possibility of functional unblinding in participants who received a low dose of psilocybin. CONCLUSIONS: Three weeks after dosing, psilocybin 25 mg and, to a lesser degree, 10 mg improved measures of patient-reported depression severity, anxiety, affect, and functioning. These results extend the primary findings from the largest randomised clinical trial of psilocybin for TRD to examine other outcomes that are of importance to patients."
"OVID","How does psilocybin therapy work? An exploration of experiential avoidance as a putative mechanism of change",2023,"10.1016/j.jad.2023.04.105",NA,"sin_crudo_emparejado",NA,NA,"Background: Psilocybin therapy is receiving attention as a mental health intervention with transdiagnostic potential. In line with psychotherapeutic research, qualitative research has highlighted the role of reductions in experiential avoidance (and increases in connectedness) within psilocybin therapy. However, no quantitative research has examined experiential avoidance as a mechanism underlying psilocybin therapy's therapeutic effects. Method: Data was used from a double-blind randomized controlled trial that compared psilocybin therapy (two 25 mg psilocybin session plus daily placebo for six weeks) with escitalopram (two 1 mg psilocybin sessions plus 10-20 mg daily escitalopram for six weeks) among individuals with major depressive disorder (N = 59). All participants received psychological support. Experiential avoidance, connectedness, and treatment outcomes were measured at pre-treatment and at a 6 week primary endpoint. Acute psilocybin experiences and psychological insight were also measured. Results: With psilocybin therapy, but not escitalopram, improvements in mental health outcomes (i.e., well-being, depression severity, suicidal ideation, and trait anxiety) occurred via reductions in experiential avoidance. Exploratory analyses suggested that improvements in mental health (except for suicidal ideation) via reduction in experiential avoidance were serially mediated through increases in connectedness. Additionally, experiences of ego dissolution and psychological insight predicted reductions in experiential avoidance following psilocybin therapy. Limitations: Difficulties inferring temporal causality, maintaining blindness to condition, and reliance upon self-report. Conclusions: These results provide support for the role of reduced experiential avoidance as a putative mechanism underlying psilocybin therapy's positive therapeutic outcomes. The present findings may help to tailor, refine, and optimize psilocybin therapy and its delivery."
"OVID","Psilocybin-assisted therapy for major depressive disorder: an exploratory placebo-controlled, fixed-order trial",2023,"10.1177/02698811231154852",NA,"sin_crudo_emparejado",NA,NA,"BACKGROUND: Several early phase studies have demonstrated that psilocybin-assisted therapy has rapid-acting and persisting antidepressant effects from just one or two doses. However, methodological limitations (e.g., placebo-control, blinding) limit interpretability of the existing literature. METHODS: In an exploratory placebo-controlled, within-subject, fixed-order study, individuals with moderate to severe major depressive disorder were administered placebo (n = 19) followed by psilocybin (0.3 mg/kg) (n = 15) 4 weeks later. Dosing sessions were embedded within an manualized course of psychotherapy. Enhanced blinding procedures were used. Depression, anxiety, and quality of life were measured over a 16-week study period. RESULTS: Depression and anxiety significantly improved following both placebo and psilocybin with no significant difference in the degree of change between the two conditions. However, antidepressant effect sizes were larger after psilocybin (d' = 1.02-2.27) than after placebo (d' = 0.65-0.99) and there were high rates of response (66.7%) and remission (46.7%) following psilocybin administration. Antidepressant effects following psilocybin persisted, on average, for 2 months and there were persisting improvements in mood-related quality of life domains. The strength of mystical-type experience during psilocybin dosing was not correlated with subsequent antidepressant effects. CONCLUSIONS: The results of this exploratory study highlight the complex interplay between expectancy, therapy effects, and drug/placebo effects in psychedelic-assisted psychotherapy studies. Nonetheless, the acute and persisting clinical improvements observed following psilocybin support further study of its potential in the treatment of major depression. Future studies should more explicitly mitigate and measure expectancy effects and assess the impact of repeated dosing and different forms of psychotherapeutic support."
"OVID","Sub-acute effects of psilocybin on EEG correlates of neural plasticity in major depression: relationship to symptoms",2023,"10.1177/02698811231179800",NA,"sin_crudo_emparejado",NA,NA,"BACKGROUND: Evidence suggests that serotonergic psychedelics (e.g. psilocybin), have rapid-acting and long-lasting antidepressant effects after a single dose. However, the mechanism underlying these effects remain unclear. One proposed mechanism is that these drugs promote neuroplasticity. However, this has not been conclusively demonstrated in humans., AIMS: We hypothesized that relative to placebo, psilocybin would: (1) increase electroencephalographic (EEG) correlates of neuroplasticity, (2) reduce depression symptoms, and (3) changes in EEG would correlate with improvements in depression., METHODS: In this double-blind, placebo-controlled, within-subject study, individuals with major depressive disorder (MDD; n = 19) were administered placebo followed by psilocybin (0.3 mg/kg) in a fixed order (placebo, followed by psilocybin 4 weeks later). EEG indices of neuroplasticity (tetanus-induced long-term potentiation) as assessed via auditory evoked theta (4-8 Hz) power and measures of depression (GRID Hamilton Rating Scale for Depression-17 (GRID-HAM-D-17)) were measured at several time-points after placebo and psilocybin (24 h and 2 weeks after each session)., RESULTS: EEG theta power doubled in amplitude 2 weeks after a single psychedelic dose of psilocybin but not after placebo. Further, improvements in depression symptoms 2 weeks after psilocybin were correlated with increases in theta power., CONCLUSIONS: The increased theta power observed represents evidence of sustained changes in the brain following psilocybin. Given the correlation with enhancement in depressive symptoms, changes in theta may represent an EEG biomarker of the sustained effects of psilocybin, and may shed light on potential mechanisms of psilocybin's antidepressant effect. Taken together, these results complement the emerging notion that psilocybin, and perhaps other psychedelics, can produce long-term alterations in neuroplasticity."
"OVID","Psychological flexibility as a mechanism of change in psilocybin-assisted therapy for major depression: results from an exploratory placebo-controlled trial",2024,"10.1038/s41598-024-58318-x",NA,"sin_crudo_emparejado",NA,NA,"Several phase II studies have demonstrated that psilocybin-assisted therapy shows therapeutic potential across a spectrum of neuropsychiatric conditions, including major depressive disorder (MDD). However, the mechanisms underlying its often persisting beneficial effects remain unclear. Observational research suggests that improvements in psychological flexibility may mediate therapeutic effects. However, no psychedelic trials to date have substantiated this finding in a clinical sample. In an exploratory placebo-controlled, within-subject, fixed-order study, individuals with moderate to severe MDD were administered placebo (n = 19) followed by psilocybin (0.3 mg/kg) (n = 15) 4 weeks later. Dosing sessions were embedded within a manualized psychotherapy that incorporated principles of Acceptance and Commitment Therapy. Depression severity, psychological flexibility, mindfulness, and values-congruent living were measured over a 16-weeks study period. Psychological flexibility, several facets of mindfulness, and values-congruent living significantly improved following psilocybin and were maintained through week 16. Additionally, improvements in psychological flexibility and experiential acceptance were strongly associated with reductions in depression severity following psilocybin. These findings support the theoretical premise of integrating psilocybin treatment with psychotherapeutic platforms that target psychological flexibility and add to emerging evidence that increasing psychological flexibility may be an important putative mechanism of change in psilocybin-assisted therapy for MDD and potentially, other mental health conditions."
"OVID","Psilocybin increases emotional empathy in patients with major depression",2025,"10.1038/s41380-024-02875-0",NA,"sin_crudo_emparejado",NA,NA,"Empathy plays a crucial role in interpersonal relationships and mental health. It is decreased in a variety of psychiatric disorders including major depression. Psilocybin, a promising candidate for treating depression, has been shown to acutely increase emotional empathy in healthy volunteers. However, no study has investigated this effect and its relevance for symptom improvement in a clinical population. This study examines the enduring effects of psilocybin-assisted therapy on empathy in depressed patients using a randomized, placebo-controlled design. Fifty-one depressed patients were randomly assigned to receive a single dose of psilocybin (0215 mg/kg body weight) or a placebo embedded in a 4-week psychological support intervention. Empathy was measured using the Multifaceted Empathy Test at baseline and 2 days, 1 week, and 2 weeks after substance administration. Changes in empathy were compared between treatment conditions. Patients who received psilocybin showed significant improvements in explicit emotional empathy driven by an increase in empathy towards positive stimuli compared to the placebo group for at least two weeks. This study highlights the potential of psychedelics to enhance social cognition in individuals living with depression and contributes to a better understanding of the psychological mechanisms of action of psychedelics. Further studies are necessary to investigate the interaction between social cognition and clinical efficacy. The trial is registered on clinicaltrials.gov (Identifier: NCT03715127) and KOFAM (Identifier: SNCTP000003139)."
"OVID","Reduced Brain Responsiveness to Emotional Stimuli With Escitalopram But Not Psilocybin Therapy for Depression",2025,"10.1176/appi.ajp.20230751",NA,"sin_crudo_emparejado",NA,NA,"OBJECTIVE: Psilocybin is an emerging intervention for depression that may be at least as effective as selective serotonin reuptake inhibitors (SSRIs), but effects of the two treatments on the neural correlates of emotional processing have never been directly compared., METHODS: The authors assessed neural responses to emotional faces using blood-oxygen-level-dependent (BOLD) functional MRI (fMRI) in two groups with major depression. One group (N=25; 9 women and 16 men) received two dosing sessions with 25 mg psilocybin plus 6 weeks of daily inert placebo, and the second group (N=21; 6 women and 15 men) received 6 weeks of escitalopram plus two dosing sessions with a nonpsychoactive (placebo) dose of 1 mg psilocybin. Both groups had equal psychological support throughout: 3 hours of preparation, one in-person integration session following the psilocybin dosing sessions, and two further integration sessions conducted via video call or telephone. An emotional face fMRI paradigm was completed before treatment and at the 6-week posttreatment primary end point (3 weeks following psilocybin dosing sessions)., RESULTS: Patient group (psilocybin versus escitalopram) interacted with time point (before versus after treatment) on a distributed set of cortical regions. Post hoc within-condition analyses showed that posttreatment BOLD responses to emotional faces of all types were significantly reduced in the escitalopram group, with no change or a slight increase in the psilocybin group. Analyses of amygdala responsivity showed a reduction of response to fearful faces in the escitalopram group, but lesser effects for the psilocybin group., CONCLUSIONS: Despite large improvements in depressive symptoms in the psilocybin group, psilocybin therapy had only a minor effect on brain responsiveness to emotional stimuli. These results are consistent with prior findings that the antidepressant action of SSRIs is often accompanied by a reduction in emotional responsiveness, but this effect may not occur in psychedelic therapy."
"OVID","The effects of psilocybin therapy versus escitalopram on cognitive bias: a secondary analysis of a randomized controlled trial",2025,"10.1016/j.euroneuro.2025.06.003",NA,"sin_crudo_emparejado",NA,NA,"BACKGROUND: Patients with Major Depressive Disorder (MDD) have more dysfunctional attitudes than healthy individuals and these pessimistic biases are correlated with depression severity. Psilocybin has demonstrated sustained remission in depression., METHODS: Secondary analysis of a two-arm randomized controlled trial assessing the effect of psilocybin therapy versus escitalopram on 'maladaptive' cognitive biases relevant to the construct of depression. Primary outcomes were post-treatment changes in biases at six weeks compared with baseline, as measured using three validated psychological scales., FINDINGS: Fifty-nine MDD patients were randomly allocated to the psilocybin (n = 30) or escitalopram (n = 29) groups. Self-reported optimism showed a large increase six-weeks after psilocybin treatment (Mdiff=6·63 p < 0·0001; 95 % CI [4·06, 9·20], d = 1·1), whereas there was no change following escitalopram (Mdiff=1·52, p = 0·205; 95 % CI [-0·59, 3·62], d = 0·4). Behavioral results found that patients were more optimistic about desirable life events after psilocybin treatment (Mdiff=0·16, p = 0·0002; 95 % CI [0·08, 0·23], d = 1·1), but they were also less pessimistic about negative life events after escitalopram treatment (Mdiff=0·07, p = 0·018; 95 % CI [0·01, 0·13], d = 0·5). We found improvements in all three domains of dysfunctional attitudes following psilocybin treatment: achievement (Mdiff=10·37, p < 0·0001; 95 % CI [6·38, 14·53], d = 1·0); dependency (Mdiff=7·97, p < 0·0001; 95 % CI [4·00, 11·93], d = 0·9) and self-control (Mdiff=6·40, p = 0·0006; 95 % CI [2·60, 10·20], d = 0·8)), whereas only the achievement domain improved after escitalopram (Mdiff=4·10, p = 0·005; 95 % CI [1·35, 6·86], d = 0·6)., INTERPRETATION: These results suggest that two high-dose sessions with psilocybin therapy are superior to a six-week daily course of a selective serotonin-reuptake inhibitor antidepressant, in remediating negative cognitive biases in depression."
"OVID","PSILOCYBIN FOR TREATMENT-RESISTANT MAJOR DEPRESSION - RESULTS FROM AN ACADEMIC PHASE 2B RANDOMIZED-CONTROLLED TRIAL",2024,"10.1038/s41386-024-02013-y",NA,"sin_crudo_emparejado",NA,NA,"Background: ilocybin is intensively researched in the treatment of depressive disorders with promising results (Goodwin et al., 2022), although methodological limitations do not allow firm conclusions and warrant further research. Methods: Aim of this bicentric, double-blind, phase 2b, active placebo-controlled trial (EudraCT: 2019-003984-24; NCT04670081) was to investigate the efficacy and safety of a high-dose oral psilocybin (25 mg) administered in a psychotherapeutic context in 144 adults of both sexes with treatment-resistant depression (TRD) (Mertens et al., 2022). The trial was conducted from July 2021 until February 2024 at two German trial sites (follow-up still ongoing). Patients were randomly assigned to one of four treatment arms, receiving 1) placebo (100 mg nicotinamide) first and a high-dose psilocybin (25 mg) second; 2) a low-dose psilocybin (5 mg) first and a high-dose second; 3a) a high-dose psilocybin first and a low-dose second; 3b) a high-dose psilocybin at both sessions, over a period of 13 weeks. The two dosing sessions were separated by 6 weeks and embedded in 7 psychotherapeutic preparatory and integration sessions (lasting up to 2 hours each). The primary endpoint was treatment response, defined as a minimum of 50% reduction in symptoms, measured with the Hamilton Rating Scale for Depression (HAMD-17; range: 0-52), six weeks after the first dose (i.e. one day before the second dose). Secondary endpoints were at 1 week after the first dose, 1 and six weeks after the second dose as well as longterm follow-ups after six and 12 months; secondary efficacy parameters were change from baseline on the HAMD-17 and rate of remission (Mertens et al., 2022). Results: 144 patients (59% male; mean age: 42.6 years, SD=10.83; 98% white) were randomized into the trial, of which 143 received the first dose, 137 completed the primary endpoint by protocol after six weeks and 137 received both dosings. The mean HAMD-17 scores ranged from 21.46 to 22.40 in all treatment groups at baseline, indicating a similar and moderate depression level. Of those patients who received 25 mg psilocybin first, 8 (17 %) classified as responders at six weeks, while in the 5 mg psilocybin arm 6 (13 %) and in the active placebo arm 4 patients (9 %) met the response criterion. A logistic regression model on response rates after six weeks, tested at one-sided significance levels of 0.025, revealed no significant differences between nicotinamide and the 25 mg dose (z=0.99, p=0.162) and the 5 mg dose (z=0.41, p=0.342); however, one week after the first dose, there were significantly more responder in the 25 mg group (34%) when compared to nicotinamide (6%; z=3.02, p=0.001, Odds Ratio=7.60 [95% Confidence Interval: 2.29 - 34.75] and the 5 mg group (10%; X2=7.08, p=0.004). Mean changes from baseline on the HAMD-17 after one week and six weeks were -7.15 and -6.06 for 25 mg, -3.81 and -3.55 for 5 mg and -2.30 and -1.12 for the nicotinamide group respectively. An Analysis of Covariance (ANCOVA) was calculated on the HAMD-17 change from baseline scores one and six weeks after the first dose, with HAMD17 baseline score and trial centre added as covariates and tested at one-sided significance levels of 0.025. The results showed that the 25 mg group had a significantly larger decrease in depression scores after one and six weeks than the nicotinamide (1 week: b = -4.87, p < 0.001, 6 weeks: b = -4.83, p < 0.001) and the 5 mg group (1 week: b = -3,54, p = 0.002, 6 weeks: b = -2.65, p = 0.018) with the latter not differing significantly from nicotinamide at either timepoint (1 week: b = -1.33, p = 0.138, 6 weeks: b = -2.18, p = 0.047). (Temporary) worsening of suicidal ideations after baseline until six weeks after the first dose (intervention phase 1) and until six weeks after the second dose (intervention phase 2) occurred in all treatment groups with no significant group differences (X2 = 0.007, p = 0.997 and X2 = 0.82, p = 0.85 for intervention phases 1 and 2 respectively). Suicidal behavior in form of preparatory actions occurred in 1 person in the nicotinamide arm during intervention phase 1 (i.e. before the second dose). After the second dose, 2 people performed preparatory actions and one aborted suicide attempt occurred. Serious Adverse Events (SAEs) rated as unrelated to the study drug occurred in 2 patients in form of a colon cancer diagnosis and worsening of depression requiring hospitalization in the weeks after dose 2; SAEs evaluated as related to the study drug occurred in 2 patients in form of a hypertensive urgency during the dosing session and worsening of anxiety/panic paired with dissociative symptoms 2 days after dosing. Conclusions: Psilocybin when administered in a psychotherapeutic setting appears to be a safe treatment option, although dynamic changes in depression severity and suicidality should be carefully monitored. While the primary endpoint in terms of categorical response was not met, the results still provide strong evidence for the efficacy of a high-dose psilocybin (25 mg) in reducing depressive symptoms in patients with TRD when administered in a psychotherapeutic setting with the strongest effect after one week."
"OVID","PSILOCYBIN THERAPY FOR DEPRESSION AND ANXIETY IN PARKINSON'S DISEASE: AN OPEN-LABEL PILOT STUDY",2024,"10.1038/s41386-024-02012-z",NA,"sin_crudo_emparejado",NA,NA,"Background: Depression and anxiety are common in Parkinson's disease (PD), frequently treatment-resistant, and associated with reduced quality of life as well as accelerated physical and cognitive decline. Early evidence suggests that the serotonergic psychedelic psilocybin may be a promising novel intervention for treatment-resistant depression and mood dysfunction in people with terminal cancer. However, no prior psilocybin trials have enrolled participants with PD or any other neurodegenerative illness. Methods: To investigate the safety, tolerability, and preliminary efficacy of oral synthetic psilocybin paired with psychotherapeutic support for people with PD and comorbid mood dysfunction. In this open-label, single-arm pilot study, we recruited people aged 40-75 with mild to moderate idiopathic PD (Hoehn and Yahr stages 1-3) who also met criteria for a depressive and and/or anxious disorder and all other inclusion/exclusion criteria. We used a dose escalation protocol where participants first received a 10 mg safety dose of psilocybin and, if this was well-tolerated, received a 25 mg treatment dose approximately 2 weeks later. Participants received psilocybin under medical supervision and were observed overnight following each administration session. Participants also completed manualized psychotherapy sessions with a licensed mental health provider before and after each administration session. This provider was present throughout both administration sessions for safety monitoring and psychological support. Primary outcomes were safety and tolerability measured by the incidence, severity, and treatment-relatedness of adverse events (AEs) elicited through assessments of vital signs, acute subjective drug effects, changes in motor and non-motor symptoms, psychotic symptoms, suicidality, cognitive performance, and care partner distress. The secondary outcome was feasibility measured by recruitment and retention rates as well as treatment satisfaction. We explored preliminary efficacy via clinician-rated assessments of depression and anxiety. As this was a pilot study, no formal sample size calculation was performed. We used mixed effects linear models to examine changes in assessment scores from pre- to post-treatment. This study is registered at ClinicalTrials.gov, NCT04932434. Results: 12 participants (mean age 63.2 [SD 8.2] years, 5 women) enrolled; all completed the full protocol, receiving both doses of psilocybin. As a safety precaution, the initial 3 participants to enroll were not treated with any dopaminergic medications; the subsequent 9 participants were on stable regimens of levodopa formulations. There were no serious adverse events and no medications were required to manage acute cardiovascular or psychotomimetic effects of psilocybin. Ten of 12 participants experienced treatment-emergent adverse events; the most frequent were anxiety, nausea, and increased blood pressure during the period of acute psilocybin effects. We observed no worsening of psychotic symptoms or negative effects on cognitive performance. Non-motor symptoms of PD were improved posttreatment (Movement Disorders Society revision of the Unified Parkinson's Disease Rating Scale [MDS-UPDRS] Part I at 1-week follow-up: -13.5 ± 1.3, p < 0.001&ast;&ast;&ast;, Hedges' g = 3.1; at 1-month follow-up: -13.8 ± 1.3, p < 0.001&ast;&ast;&ast;, g = 3.0). Motor symptoms were also improved (MDS-UPDRS Part II at 1-week follow-up: -6.8 ± 0.8, p < 0.001&ast;&ast;&ast;, g = 1.1; at 1-month follow-up: -7.5 ± 0.9, p < 0.001&ast;&ast;&ast;, g = 1.2), as were motor examination scores (MDS-UPDRS Part III at 1-week follow-up: -3.6 ± 1.3, p = 0.011&ast;, g = 0.3; at 1-month follow-up: -4.6 ± 1.3, p = 0.001&ast;&ast;; g = 0.3). Care partners reported improvements in both the severity of and distress associated with participants' neuropsychiatric symptoms, which persisted to the 3-month follow-up (severity: -5.2 ± 1.0, p < 0.001&ast;&ast;&ast;; g = 1.8; distress: -6.2 ± 1.3, p < 0.001&ast;&ast;&ast;, g = 1.6). Ten of 12 participants strongly agreed or agreed that the treatment was helpful and they would recommend it to others. Depression was improved posttreatment (Mongomery-Asberg Depression Rating Scale [MADRS] at 1-week follow-up: -7.9 ± 2.7, p = 0.007&ast;&ast;, g = 1.0; at 1-month follow-up: -7.4 ± 2.7, p = 0.008&ast;&ast;, g = 0.8). Anxiety was also improved at the 1-week follow-up (Hamilton Anxiety Rating Scale [HAM-A]: -4.5 ± 1.7, p = 0.012&ast;, g = 0.9), but changes were not significant after 1 month (-3.2 ± 1.7; p = 0.073, g = 0.5). Both depression and anxiety were improved at the 3-month follow-up (MADRS: -9.3 ± 2.7, p = 0.001&ast;&ast;, g = 1.0; HAM-A: -3.8 ± 1.7; p = 0.031&ast;, g = 0.7). Conclusions: This study provides the first data on psilocybin's safety and tolerability in people with PD. Results suggest that randomized clinical trials to examine the effects of psilocybin therapy on mood dysfunction as well as other PD symptoms are warranted."
"OVID","CYB003 Produces Robust and Enduring Antidepressant Effects in Patients With Major Depressive Disorder (MDD)",2024,"10.1038/s41386-024-02011-0",NA,"sin_crudo_emparejado",NA,NA,"Background: Available medication treatments for Major Depressive Disorder (MDD) have limited efficacy, require daily dosing, are associated with short and long-term side effects, and do not address the maladaptive patterns of thinking underlying these conditions. Clinical studies1 have demonstrated that short-term administration of psilocybin has the potential for long-lasting therapeutic benefits in MDD and may therefore meet a significant need in this area. CYB003 is a novel deuterated analog of psilocin that may offer benefits over psilocybin. The aim of this clinical study was to determine safety, PK and tolerability of ascending doses of CYB003, and to evaluate the short-term and long-term efficacy of CYB003 in treating symptoms of MDD. We previously presented top line short-term (up to Day 42) efficacy data from this study at the ACNP2. This poster will present the 12-month durability of effect data. Methods: A seamless Phase 1/2 study was designed to evaluate safety, tolerability, and therapeutic efficacy of ascending doses of CYB003. In this study patients suffering from moderate to severe MDD (scoring ≥21 on the Montgomery-Asberg Depression Rating Scale (MADRS)) who were inadequately responding to their ongoing antidepressant treatment and were not treatment resistant, were enrolled in a double-blind, randomized, placebocontrolled manner across three cohorts with 12 patients per cohort. Patients remained on a stable dose of their antidepressant medication during the trial. 36 MDD patients were randomized to placebo or CYB003 at a 1:3 ratio for the first dose, with all patients receiving CYB003 as the second dose. Doses were administered 3 weeks apart. All participants received psychological support based on Cybin's EMBARKTM framework. MADRS scores were collected at baseline and up to 16 weeks after the first dose to assess acute and medium-term (Day 126) efficacy. The primary endpoint for the efficacy assessment was the change from baseline at the end of the double-blind phase of the study (Day 21, MADRS total score). A responder analysis (improvement of at least 50%) and the number of subjects going into remission (MADRS scores of 10 or below) was performed after unblinding at Days 21, 42, and 126. To further evaluate the durability of effect of two doses of CYB003 up to 12 months, a follow-up study (CYB003-001b) was initiated for patients who had completed the CYB003-001 study Results: CYB003 demonstrated a favorable safety and tolerability profile. Side effects for all doses were mild or moderate and mostly self-limiting, and no severe or serious AEs occurred. Most common AEs reported were headache and nausea. Transient and self-limiting increases in systolic and diastolic blood pressure, which were not clinically significant, were noted. CYB003 showed a rapid improvement with a difference of 14 points on the MADRS total score compared to the placebo-group, leading to a clinically meaningful effect size of 2.15 (P=0.0005) at the end of the double-blind phase (Day 21) for the 12 mg dose. Similar results were obtained in the 16 mg dose group with a difference of 13-point improvement over placebo (Effect size 2.54, P=0.008). This resulted in a response rate of 53.3% and 44.4% and a remission rate of 20% and 22.2%, compared to 0% response and remission in the placebo group for the 12 mg and 16 mg groups, respectively, at the end of the double-blind phase (Day 21). A second dose of CYB003 on Day 22 led to further improvement of the response and remission rates for the 12 mg (78.6% and 78.6%) and 16 mg (75% and 50%) groups, respectively, 3 weeks after a 2nd dose (Day 42). On Day 126, the last assessment in the study CYB003-001, the 12 mg group showed a mean difference of 22.9 points improvement over baseline with corresponding 73% responders and 60% remitters. In the 16mg group, 75% of patients were responders/remitters. Long term efficacy was assessed in the follow-up study (CYB003-001b) with clinical and safety assessments at Days 270 and 364. Within the 12 mg group, an improvement of 18 points on the MADRS total score from baseline was observed at the 1 year follow up, with responder and remitted rates of 60% and 50% respectively. In the 16 mg dose group, a difference of 19 points on the MADRS total score relative to baseline was observed at the Day 270 follow up, which translated into responder and remitted rates of 71% and 57% respectively. Data for Day 364 is outstanding and will be presented at the conference. No relevant safety concerns were noted during the long-term follow-up. Conclusions: CYB003 is safe and well tolerated and shows a rapid and sustained improvement in depressive symptoms. These improvements weremaintained long-term as seen by the decreases in MADRS scores and clinically meaningful improvement and response and remission rates even after 12 months of follow-up."
"OVID","Preliminary Effects of Psilocybin in Patients With Major Depressive Disorder and Co-Occurring Alcohol Use Disorder",2024,"10.1038/s41386-024-02010-1",NA,"sin_crudo_emparejado",NA,NA,"Background: Major depressive disorder (MDD) and alcohol use disorder (AUD) are two of the most common co-occurring disorders, with a high prevalence of AUD in patients with MDD (> 23%). We and others have demonstrated potential efficacy of psilocybin for the treatment of mood or substance use disorders and specifically alcohol use disorder. Deficits in cognitive control accompany both disorders. The claustrum may support instantiation of cortical brain networks to subserve cognitive control. Psilocybin reduces claustrum activity and connectivity to default mode (DMN) and frontal parietal control networks (FPN) in healthy participants, but claustrum involvement in MDD and AUD is not yet known. Methods: 25 male and 25 female adults with MDD and cooccurring AUD received placebo or 25 mg psilocybin during experimental drug administration. 3 months later, all were administered open-label 25 mg psilocybin. Blinded clinician ratings of depression severity were collected at screening and 1 month after each drug administration. The Time-Line Follow Back procedure and liver function tests from peripheral blood samples at screening and 3 months after each session were used to assess self-report and biological measures of drinking. A subset of patients completed a task-switching paradigm during fMRI measurement before and 1 week after drug administration. Results: Depression (p < 1.05e-09, d = 3.9), heavy drinking (p < 0.0005, d = 1.62), days abstinent (p < 0.00005, d = 1.61), and GGT levels (p < 0.05, d = 0.51) were reduced from baseline following the open-label session. Subjective effects during experimental sessions were negatively correlated with response time (r = -0.34) and accuracy (r = -0.51) during task switching. Stronger subjective effects predicted a post-session shift towards greater effort selection (e.g. choosing higher-effort blocks over lower-effort blocks). We will test the hypothesis that greater effort selection after psilocybin is associated with DMN disengagement and FPN engagement during high-effort trials, and that this is mediated by greater claustrum connectivity to DMN and FPN. Conclusions: Psilocybin reduces depression severity and both self-report and biological measures of drinking in patients with MDD and co-occurring AUD. This response is accompanied by greater effort selection, possibly reflecting increased metacognition."
"OVID","Methodological challenges in psychedelic drug trials: efficacy and safety of psilocybin in treatment-resistant major depression (EPIsoDE) - Rationale and study design",2022,"10.1016/j.nsa.2022.100104",NA,"sin_crudo_emparejado",NA,NA,"Psychedelics such as psilocybin have recently gained remarkable interest in both the specialist literature and the lay press because studies suggest that these substances may have great therapeutic potential in various psychiatric disorders, including major depression. However, clinical trials with psychedelic drugs pose particular methodological challenges to researchers, some of which differ considerably from those with other psychotropic drugs. These include the problem of successful blinding, which can hardly be guaranteed in clinical trials with psychedelic substances and - directly related - the high risk of expectation bias and nocebo effects. Some of these challenges are being addressed in the given clinical trial on the efficacy and safety of psilocybin in treatment-resistant major depression. It is a phase II randomized, double-blind, active placebo-controlled parallel group trial with 144 patients. The rationale, the study design, and the core features of the study are presented here. The trial (EPIsoDE trial; EudraCT number: 2019-003984-24; NCT04670081) is funded by the German Federal Ministry of Education and Research (BMBF 01EN2006 A/B)."
"OVID","LONG-TERM EFFICACY OF PSILOCYBIN IN TREATMENTRESISTANT MAJOR DEPRESSION (EPISODE): 6- AND 12-MONTH OBSERVATIONAL FOLLOW-UP OF A PHASE 2B TRIAL",2026,"10.1038/s41386-025-02281-2",NA,"sin_crudo_emparejado",NA,NA,"Background: Psilocybin has shown promising short-term efficacy for depressive disorders, including treatment-resistant depression (TRD). Long-term follow-up data, however, are scarce and limited by small sample sizes. The aim of this study was to investigate the antidepressant effect of one or two doses of psilocybin with adjunct psychotherapy in TRD until twelve months. Methods: This is an observational 12-months follow-up of a phase 2b, randomized, active placebo-controlled trial in male and female patients with TRD of moderate to severe degree. Patients were recruited predominantly from out-patient settings at two university hospitals in Germany. Eligibility criteria included 25-65 years of age, no somatic or psychiatric contraindication and withdrawal from antidepressant medications. Participants were randomly assigned to receive two doses six weeks apart, embedded in seven psychotherapeutic sessions: (i) placebo (100 mg nicotinamide) followed by 25 mg psilocybin, (ii) 5 mg followed by 25 mg psilocybin, or (iii) 25 mg psilocybin followed by either 5 mg or 25 mg psilocybin. The primary endpoint was treatment response (≥50% reduction on the Hamilton Rating Scale for Depression [HAMD17]) six weeks after the first dose, which has been reported elsewhere. The end-of-study of the main trial was 12 weeks after the first dose, after which participants were free to use other forms of treatments. Follow-up assessments were scheduled after six- and twelve-months. All participants who completed at least one follow-up assessment were included in the follow-up analysis set. Primary efficacy endpoint was the Hamilton Rating Scale for Depression (HAMD17), evaluated in terms of change from baseline, response, remission (HAMD17 score < 8) as well as sustained response and remission since the end-of-study. Change from baseline (primary follow-up endpoint) was evaluated using a generalized additive mixed regression model, including treatment, time, treatment x time interactions, center and center x time interactions as covariates (fixed effects) and participantspecific intercepts (random effects). Time was treated on a continuous scale (days since first dose) with the effects modeled by smooth functions based on penalized B-splines. Response and sustained response were analyzed by logistic regression models comparing treatment groups, including center and baseline HAMD17 as covariates; remission and sustained remission were each analyzed descriptively. The trial is registered at Clinical- Trials.gov, NCT04670081. Results: Between June 10, 2021 and December 5, 2023, 144 patients (59 females [41%], 85 males [59%]) were enrolled and randomly assigned across treatment groups. Of these, 126 participants (51 females [40%], 75 males [60%]) completed at least one follow-up visit, with similar drop-out rates across groups. Mean baseline HAMD17 scores ranged from 21.6-22.2. A generalized additive mixed model for change in HAMD17 scores showed a significant time effect across all groups for both follow-up timepoints, with estimated average changes from baseline of -7.93 (95% CI: -9.17, -6.70, adj. p < 0.0001) at six months and -7.74 (95% CI: -9.04, -6.43, adj. p < 0.0001) at twelve months. No significant differences between treatment groups were apparent at either timepoint. Results were consistent when controlling for antidepressant pharmacotherapy and psychedelic use during the follow-up period. They indicated a strong positive association of antidepressant pharmacotherapy with HAMD17 scores (&bgr; = 3.79, 95% CI: 1.98 to 5.60), whereas no association for psychedelic use (&bgr; = -0.27, 95% CI: -2.23 to 1.69) was found. Response rates did not differ significantly across groups: They ranged from 29.5% to 50.0% at six-months (p = 0.65) and from 34.1% to 50.0% at twelve-months (p = 0.71). Sustained response rates (since end-of-study) were also similar across groups and ranged from 20.0% to 25.0% at six-months (p = 0.94) and from 17.5% to 25.0% at twelve-months (p = 0.45). Conclusions: This is by far the largest systematic follow-up of patients treated with a psychedelic drug for any psychiatric disorder. The findings demonstrate a stable and clinically meaningful antidepressant effect of one or two doses of psilocybin with adjunct psychotherapy lasting up to twelve months in TRD. These results provide strong evidence for the treatment's long-term efficacy. While this study did not find an added benefit of a repeated25mgpsilocybin dose, future studies should investigate different treatment regimens, optimally in randomized-controlled study designs. Funding: Funded by the German Federal Ministry of Education and Research (BMBF, grant number: 01EN2006 A/B)."
"OVID","PRELIMINARY FINDINGS OF AN 8-WEEK PROOF OF CONCEPT TRIAL EVALUATING PSILOCYBIN-ASSISTEDPSYCHOTHERAPY IN ADULTS WITH CANNABIS USE DISORDER",2026,"10.1038/s41386-025-02280-3",NA,"sin_crudo_emparejado",NA,NA,"Background: Cannabis use has become increasingly prevalent in North America and worldwide, particularly among males and young adults. A subset of users develop Cannabis Use Disorder (CUD), (12-31% of active users) characterized by significant impairment in social, occupational, and psychological functioning. [1] Unfortunately, current pharmacological and psychosocial treatments have demonstrated limited efficacy and high relapse rates. Recent research examining the use of psychedelics combined with psychotherapy, particularly psilocybin, suggests potential efficacy in treating substance use disorders, including alcohol dependence and smoking cessation [2-4], with substantial benefits reported after a single psychedelic administration. [2] However, there are no published reports examining psychedelics in the treatment of CUD. Given the evidence of psilocybin's therapeutic potential in the treatment of substance use disorders and the paucity in the CUD literature, we have been conducting a proof-of-concept study to evaluate the safety and tolerability of psilocybin-assisted psychotherapy for CUD, with secondary aims of examining the feasibility and the impact of treatment on CUD symptoms. The results in this abstract are preliminary as enrollment is ongoing. We anticipate that it will be presented in full when the poster is presented. Methods: Using an open-label, within-subject, prospective design, we propose enrolling 16 participants aged 18-65 who meet DSM-5 criteria for moderate to severe CUD. The 8-week intervention period consists of Motivational Enhancement Therapy (MET) and supportive psychotherapy (including preparatory and integration sessions) combined with two, 8-hour dosing sessions. During each dosing session, 25 mg of oral psilocybin is administered under controlled conditions with physician supervision. The primary outcome of safety will be measured by the incidence of spontaneously reported adverse events from baseline to the 8-week endpoint; tolerability will be assessed by the % recruited participants who discontinue or are lost to follow up before the 8-week endpoint. Feasibility will be determined by the % eligible and % enrolled. Secondary outcome of efficacy for CUD symptoms will be changes in frequency and amount of cannabis used measured by Timeline Follow-Back (TLFB) reports, using metrics of sessions/week and grams/week; response will be determined by % reduction in use; salivary and urinary cannabinoid levels will be used as verifiers. Exploratory outcomes will involve validated subject-rated measures of withdrawal, craving, anxiety, depression, attention deficit hyperactivity disorder (ADHD), OCD, functional impairment, cognitive functioning and well-being and clinician-rated clinical global impression severity and improvement (CGI-S, CGI-I). Results: In a preliminary analysis of the first 7 participants, 71% were female, 57% Caucasian, 43% university graduates, 43% worked full-time. The mean age was 29.14 ± 6.9 years; At baseline, the mean CGI-S was 6.0 ± 0.0, indicating severe illness. Comorbidity within the sample was high, with 100% having at least one comorbid psychiatric disorder. The most prevalent comorbidities included ADHD (86%) and generalized anxiety disorder (GAD) (71%). With regard to the primary outcomes, the most common adverse events have included feeling tired, difficulty sleeping and loss of appetite; all of which were transient; two of the seven participants (28.6%) declined their second dose, completing all other components of the study protocol (including MET sessions). Both of these participants had achieved cannabis cessation prior to the second dose. One participant (14%) dropped out after the first dose and withdrew from the study. All participants reported a reduction in cannabis use by Week-8; 71% (5/7) reported at least 50% reduction in cannabis use and 29% (2/7) achieved complete cessation. Urinary cannabinoid tests supported reports of decreased cannabis; salivary samples have not yet been analysed. All (100%) participants had an endpoint CGI-I of 1 or 2 (much or very much improved). In terms of feasibility, 77.8 % of those eligible, actually enrolled in the study (7/9). The mean CGI-S at Week 8 was 3.6 ± 1.3 indicating mild-moderate severity. Conclusions: Preliminary findings suggest that the protocol has sufficient safety, tolerability and feasibility to warrant an adequately powered, randomized controlled trial. The substantial CUD symptom reductions found in these first participants seem promising."
"OVID","Impact of Psilocybin on Peripheral Cytokine Production",2024,"10.1089/psymed.2023.0039",NA,"sin_crudo_emparejado",NA,NA,"BACKGROUND: Psilocybin is a psychedelic drug with potential therapeutic effects in patients with mood and substance use disorders. Little is known about its impact on the immune system., METHODS: Multiplex immunoassay pro-inflammatory cytokine panels (Meso-Scale Discovery, Rockville, MD) were used to examine the serum from participants in three separate randomized controlled clinical trials (randomized controlled trials [RCTs]) wherein a range of doses of psilocybin were administered (methods reported previously). Participants represented a range of clinical histories including those with no-known health problems/long-term meditation practice (n = 35), depression (n = 25), anxiety, and cancer (various types; n = 31). Linear mixed models with random effects for each participant were fit to determine relative cytokine levels both immediately before and at various time points after psilocybin administration, adjusted for multiple comparisons. Serum extracted during a waitlist, where applicable, was not included., RESULTS: Sera from 91 participants were included from our three prior RCTs. In our linear models of pooled data, sera collected &les;1-week postpsilocybin revealed increased levels of interleukin (IL)-8 (&bgr; = 0.164, 95% confidence interval [0.10 to 0.23]; p = 0.042). At ≥4-week time points compared to baseline, there were no changes in cytokine levels. In our linear models of individual studies, no changes in cytokine levels at each time point were observed., CONCLUSION: This preliminary study suggests that a transient increase in cytokine production &les;1-week postpsilocybin may be found, although not consistently across patient populations. More broadly, peripheral cytokine production is possibly altered by psilocybin administration. ClinicalTrials.gov Identifier: NCT01988311."
"OVID","Changes in symptoms of anhedonia with psilocybin-assisted psychotherapy: a secondary analysis of a randomized clinical trial for treatment-resistant depression",2024,"10.1111/bdi.13476",NA,"sin_crudo_emparejado",NA,NA,"Introduction: Anhedonia is a core symptom of major depressive disorder (MDD) and is characterized by a decreased ability to experience pleasure, enjoyment or reward. Across all psychiatric disorders, anhedonia is associated with poorer outcomes, higher levels of functional impairment, impaired quality of life, and treatment non-response. Psilocybin assisted psychotherapy (PAP) has shown promising results for treatment resistant depression (TRD), however, specific effects on anhedonia have been minimally studied. Objective: Determine changes in symptoms of anhedonia following PAP in a TRD sample. Method: We conducted a randomized, waitlist-controlled clinical trial evaluating PAP in 30 individuals with TRD as part of MDD (n = 26) and bipolar II disorder (BDII). All subjects received 25 mg dose of psilocybin accompanied by preparatory and integration psychotherapy. The primary clinical outcomes was antidepressant efficacy. For the present analysis, we evaluated anhedonia through the Snaith-Hamilton Pleasure Scale (SHAPS) as a secondary outcome of interest. Results: In Canada's first psilocybin clinical trial, 30 participants received PAP for TRD. As reported previously, rapid and robust antidepressant effects were observed with good tolerability and no serious adverse events. Symptoms of anhedonia as measured by the SHAPS showed clinically meaningful improvements post-psilocybin session that were sustained over the course of the 6-month follow- up period. Conclusion: The present secondary analysis provides preliminary results in support of potential benefits with PAP for symptoms of anhedonia in TRD, including in a subset of bipolar patients. Future study is needed and merited to evaluate the effects of PAP on anhedonia in rigorously designed clinical trials."
"OVID","Psilocybin-Assisted Group Psychotherapy + Mindfulness Based Stress Reduction (MBSR) for Frontline Healthcare Provider COVID-19 Related Depression and Burnout: a Randomized Clinical Trial",2025,"10.1101/2024.12.31.24319806",NA,"sin_crudo_emparejado",NA,NA,"OBJECTIVE: This clinical trial sought to evaluate the safety and preliminary efficacy of psilocybin and MBSR for frontline healthcare providers with symptoms of depression and burnout related to the COVID-19 pandemic., METHODS: This was a randomized controlled trial that enrolled physicians and nurses with frontline clinical work during the COVID-19 pandemic and symptoms of depression and burnout. Participants were randomized in a 1:1 ratio to either an 8-week MBSR curriculum alone or an 8-week MBSR curriculum plus group psilocybin-assisted psychotherapy (PAP) with 25mg psilocybin. Symptoms of depression and burnout were assessed at baseline, and 2-weeks and 6-months post intervention utilizing the Quick Inventory of Depressive Symptoms (QIDS-SR-16) and Maslach Burnout Inventory Human Services Survey for Medical Professionals (MBI-HSS-MP), respectively. Secondary outcome measures included the Demoralization Scale (DS-II) and the Watt's Connectedness Scale (WCS). Adverse events and suicidality were assessed through 6-month follow-up., RESULTS: 25 participants were enrolled and randomized. There were 12 study-related AEs recorded that were Grade 1-2 and no serious AEs. There was larger decrease in QIDS score for the MBSR+PAP arm compared to MBSR-only from baseline to 2-weeks post-intervention and significant between-group differences favoring MBSR+PAP on subscales of the MBI-HSS-MP as well as the DS-II and WCS., CONCLUSIONS: Group psilocybin-assisted therapy plus MBSR was associated with clinically significant improvement in depressive symptoms without serious adverse events and with greater reduction in symptoms than MBSR alone. Study findings suggest that integrating psilocybin with mindfulness training may represent a promising treatment for depression and burnout among physicians and nurses."
"OVID","Stepping back into life: how Psychedelic Assisted Psychotherapy transforms the way of life of the terminally ill",2026,"10.1016/j.genhosppsych.2025.12.002",NA,"sin_crudo_emparejado",NA,NA,"This qualitative study of how successful Psychedelic Assisted Psychotherapy (PAP) transforms the way of life of terminally ill subjects provides new knowledge for researchers and clinicians contemplating its use. Using an interpretive phenomenological approach (IPA) and interviews with subjects before and after PAP from a recent randomised control trial, we find that participants with extreme death anxiety have become displaced from their own life, afraid and alone in an all-encompassing present. PAP can enable them to fully inhabit their life in a more abundant and joyful present, even in the face of death. The psilocybin component is found to be necessary but not sufficient for this achieving this outcome. These novel findings expand our conceptualisation of death anxiety and of the personal transformation that constitutes successful PAP. Clinical trial details Australian New Zealand Clinician Trials Registry. https://www.anzctr.org.au/Trial/Registration/TrialReview.aspx?id=378101&isReview=true registration: ACTRN12619001225101."
"OVID","Ketamine and Psilocybin Differentially Impact Sensory Learning During the Mismatch Negativity",2025,"10.1101/2025.11.06.687023",NA,"sin_crudo_emparejado",NA,NA,"Ketamine and psilocybin show potential as therapies for various mental illnesses, including major depressive disorder. However, further investigation into their neural mechanisms is required to understand their effects on the brain. By combining computational modelling with electroencephalography (EEG), we examine the effects of ketamine and psilocybin on hierarchical sensory pwPE learning in the context of the auditory mismatch negativity, an event-related potential consistently shown to be reduced under psychotomimetic interventions. We employed a Bayesian framework and re-analyzed a previously acquired EEG dataset (Schmidt et al., 2012) by modelling single-trial EEG data using the Hierarchical Gaussian Filter. Using a placebo-controlled within-subject crossover design, healthy subjects were administered either S-ketamine or psilocybin during an auditory roving paradigm of pure sinusoidal tones. Our findings elucidate distinct neural impacts of ketamine and psilocybin on sensory learning: ketamine led to a larger reduction in the effect of sensory precision compared to placebo from 207 to 316 ms peaking at 277 ms in the frontal central channels, while psilocybin showed no significant effect. Both drugs reduced the expression of belief precision between 160 to 184 ms, peaking at 172 ms. For higher-level volatility pwPEs, ketamine reduced the expression at 312 ms while psilocybin had a null effect. For perception of elementary imagery, ketamine had a greater effect than psilocybin on sensory and volatility precision, while psilocybin had a greater effect on volatility pwPEs. Our findings suggest hallucinogens have distinct effects on sensory learning that could inform tailored therapies for major depression."
"OVID","PSILOCYBIN AND KETANSERIN VS RTMS IN TREATMENT-RESISTANT DEPRESSION: ENHANCING TOLERABILITY BY MITIGATING PSYCHEDELIC EFFECTS",2025,"10.1093/ijnp/pyaf052.093",NA,"sin_crudo_emparejado",NA,NA,"Background: Among the innovative treatments investigated for depression, psilocybin appears to play an extremely promising role, with several studies showing remission rates up to 70% in patients with treatment-resistant depression (TRD) treated with protocols involving a single or double dose administration [1,2]. Psilocybin is a psychedelic compound belonging to the tryptamine class, known for its hallucinogenic properties related to its action of partial agonist on serotonin receptors, specifically the 5-HT2A receptors. Recent preclinical studies suggest that the psychedelic and antidepressant actions of psilocybin may be independent, with the former related to direct action on 5-HT2A receptors, and the latter induced bymodulation of TRK&bgr; receptors [3]. Removing psilocybin's psychedelic effects with 5-HT2A receptor antagonists (i.e ketanserin) would reduce bias of suggestion, due to the so called ""mystical experience"", enabling more reliable studies and improving its clinical feasibility. Aims & Objectives: The primary aim is to compare the effectiveness of non-psychedelic psilocybin and rTMS, two treatment strategies that have recently shown promise in treatmentresistant depression. Method: We will recruit 68 TRD patients, who will be randomly assigned to 2 groups: PSILO Group: Patients will receive one capsule of psilocybin (25 mg) on day 1 (T1) and one capsule of psilocybin (25 mg) on day 22 (T4). Both administrations will be preceded (1.5 hours) by two ketanserin tablets (20 mg each) to minimize the psychedelic effects. In addition, these patients will receive sham arTMS from day 4 (T2) to day 9 (T3). TMS Group: Patients will undergo an accelerated and personalized arTMS protocol, using intermittent theta-burst stimulation (iTBS), guided by fMRI for five consecutive days (fromday 4, T2, to day 9, T3), with placebo doses of psilocybin and ketanserin on day 1 and on day 22. At baseline (T0) and on day 60 (T5) patients will undergo a battery of psychometric tests, an EEG recording and a fMRI. Results: Study design: Discussion & Conclusions: By co-administering ketanserin, psilocybin can be ""cleaned"" of its psychedelic effects, thereby reducing bias, enabling more reliable comparative studies, and greatly increasing its feasibility in clinical settings. A comparison with rTMS would represent a valid non-pharmacological option, given its promising results in treatment-resistant depression."
"OVID","Psilocybin-assisted therapy for severe alcohol use disorder: protocol for a double-blind, randomized, placebo-controlled, 7-month parallel-group phase II superiority trial",2024,"10.1186/s12888-024-05502-y",NA,"sin_crudo_emparejado",NA,NA,"BACKGROUND: A significant number of individuals with alcohol use disorder remain unresponsive to currently available treatments, which calls for the development of new alternatives. In parallel, psilocybin-assisted therapy for alcohol use disorder has recently yielded promising preliminary results. Building on extant findings, the proposed study is set to evaluate the feasibility and preliminary clinical efficacy of psilocybin-assisted therapy when incorporated as an auxiliary intervention during inpatient rehabilitation for severe alcohol use disorder. Moreover, it intends to pinpoint the modifications in the two core neurocognitive systems underscored by dual-process models of addiction., METHODS: In this double-blind, randomized, placebo-controlled, 7-month parallel-group phase II superiority trial, 62 participants aged 21-64 years will be enrolled to undergo psilocybin-assisted therapy as part of a 4-week inpatient rehabilitation for severe alcohol use disorder. The experimental group will receive a high dose of psilocybin (30 mg), whereas the control group will receive an active placebo dose of psilocybin (5 mg), both within the context of a brief standardized psychotherapeutic intervention drawing from key elements of acceptance and commitment therapy. The primary clinical outcome is the between-group difference regarding the change in percentage of heavy drinking days from baseline to four weeks posthospital discharge, while safety and feasibility metrics will also be reported as primary outcomes. Key secondary assessments include between-group differences in terms of changes in (1) drinking behavior parameters up to six months posthospital discharge, (2) symptoms of depression, anxiety, trauma, and global functioning, (3) neuroplasticity and key neurocognitive mechanisms associated with addiction, and (4) psychological processes and alcohol-related parameters., DISCUSSION: The discussion outlines issues that might arise from our design., TRIAL REGISTRATION: EudraCT 2022-002369-14 and NCT06160232."
"OVID","Psilocybin's Effects on Headache Frequency are Not Related to Acute Psychedelic Effects or Measures of Mental Health: secondary Analysis of Clinical Trials in Migraine and Cluster Headache",2025,"10.1212/wnl.0000000000210945",NA,"sin_crudo_emparejado",NA,NA,"Objective: To examine the relationship of acute psychedelic effects and measures of mental health with headache frequency in clinical trials of psilocybin in migraine and cluster headache. Background: While clinical psychedelic research largely utilizes a psychotherapeutic framework and implicates a role for acute psychedelic effects, several lines of evidence suggest that the benefits of the drug class in headache disorders stem from direct action on the neurological condition itself (i.e., migraine, cluster headache). Recognition of distinct therapeutic frameworks is still lacking, however, which hinders the advancement of psychedelic medicine. Design/Methods: In three clinical trials of psilocybin in migraine (n=10) and cluster headache (n=24) carried out by the authors, subjects maintained headache diaries, rated acute psychedelic effects (5 dimensional altered states of consciousness [5D-ASC] scale), and completed the Centers for Disease Control Health-related Quality of Life questionnaire, which begins with a 'general health' rating and includes questions related to mental health (poor mental health, depression, anxiety, poor sleep). In a secondary analysis, pooled outcomes were compared between placebo and psilocybin groups (ANOVA), and correlations with headache frequency carried out (Spearman rank). Results: The percent total 5D-ASC score was not correlated with change in headache frequency after drug administration (p=0.453). 'General health' was the only rating with significant group x time interaction (p=0.016), with post-hoc analysis showing worsening after placebo (p=0.037) and non-significant improvement after psilocybin (p=0.167). There was no correlation between change in 'general health,' or any mental health rating, and headache frequency change after drug administration. Conclusions: In these preliminary migraine and cluster headache clinical trials, headache frequency changes after psilocybinadministration were independent from either acute psychedelic effects or measures of mental health. Further rigorousscientific investigation of psilocybin in headache disorders is needed, though must incorporate thoughtful designs andoutcomes that are relevant for the disorder and patient population being examined."
"OVID","Safety pharmacology of acute psilocybin administration in healthy participants",2024,"10.1016/j.nsa.2024.104060",NA,"sin_crudo_emparejado",NA,NA,"Psilocybin is being studied for its therapeutic potential in various mental health disorders, such as depression, anxiety, and addiction. Initial studies suggested that psilocybin is generally safe when used under controlled conditions, but more research is needed to better understand its safety profile. We report safety pharmacology data from a pooled analysis of three randomized crossover studies that included 85 healthy participants and 113 single-dose administrations of psilocybin. Single oral doses included 15 mg, 20 mg, 25 mg, and 30 mg psilocybin dihydrate. We investigated subjective effects, blood pressure, heart rate, body temperature, acute and subacute adverse effects, reports of flashbacks, and liver and kidney function before and after the studies. The 20, 25, and 30 mg doses of psilocybin produced stronger effects than the 15 mg dose. Psilocybin at all doses induced higher ""good drug effects"" than ""bad drug effects."" Only the 25 and 30 mg doses increased anxiety. Psilocybin elevated autonomic effects only moderately. Tachycardia (>100 beats/min) was observed with 7% of all psilocybin administrations. Body temperature >38° was reached in 7%, 9%, 17%, and 32% of the participants with the 15, 20, 25, and 30 mg doses, respectively. Kidney and liver function parameters were unaltered at the end of the study. Five participants (6%) reported transient flashback phenomena. No serious adverse reactions occurred. These findings suggest that a single administration of psilocybin is safe with regard to acute psychological and physical harm in healthy participants in a controlled research setting."
"OVID","Correction: psilocybin Therapy for Clinicians With Symptoms of Depression From Frontline Care During the COVID-19 Pandemic: a Randomized Clinical Trial (JAMA Network Open (2024) 7: 12 (e2449026) DOI: 10.1001/jamanetworkopen.2024.49026)",2025,"10.1001/jamanetworkopen.2025.25303",NA,"sin_crudo_emparejado",NA,NA,"In the Original Investigation titled ""Psilocybin Therapy for Clinicians With Symptoms of Depression From Frontline Care During the COVID-19 Pandemic: A Randomized Clinical Trial,""1 which was published on December 5, 2024, several author affiliations were incorrect. The affiliation for Dr Back, Ms Freeman-Young, and Ms Morgan should be the Department of Medicine, University of Washington School of Medicine, Seattle. The affiliation for Dr Sethi should be the Department of Family Medicine, University of Washington School of Medicine, Seattle. The affiliation for Drs Tai, Kollefrath, and Thomas should be the Department of Psychiatry, University of Washington School of Medicine, Seattle. The article has been corrected."
"OVID","IDENTIFICATION OF BLOOD BIOMARKERS OF PSILOCYBIN-ASSISTED THERAPY TREATMENT RESPONSE FOR GENERALISED ANXIETY DISORDER",2025,"10.1093/ijnp/pyaf052.154",NA,"sin_crudo_emparejado",NA,NA,"Background: Early intervention and management of Generalised Anxiety Disorder (GAD) is essential to effectively reduce both symptom severity and the risk of developing other psychiatric disorders. However, current first-line treatments are only about 50% effective, with high rates of relapse and many adverse effects. Psychedelic medicines, such as psilocybin, have emerged as promising medications for treatment-refractory mood and anxiety disorders. However, between a third to a half of clinical trial participants fail to respond to psychedelic therapies, subjecting them to intensive but ultimately successful treatments and delaying more effective treatment strategies. A recent Phase II clinical trial examining the efficacy of psilocybin assisted therapy (PAT) for the treatment of GAD found that 44% of participants with GAD responded to treatment with 27% of participants achieving symptom remission at 11 weeks after commencing treatment (primary endpoint). Thus, there is a need to identifywhich individuals with GAD are likely to respond to PAT and direct probable non-responders to alternate therapies. Aims & Objectives: We aimed to identify potential blood biomarkers of PAT treatment-response using a multi-omic approach. Method: Following a 6-week treatment regime of PAT, whole blood was collected from 11 participants with GAD who responded to PAT at primary endpoint (≥50% reduction in HAM-A score) and 13 PAT non-responders. Total RNA and genomic DNA was isolated from the blood. RNAseq at 50 million reads/sample was used to measure differential gene expression and Infinium MethylationEPIC v2.0 bead chips were used to identify differential DNA methylation in the samples. Variation in gene sequence was examined using NGS whole genome sequencing at 30x coverage. Results: Following FDR correction, 5 genes were found to be differentially expressed in PAT responders vs non-responders: CTXN2- AS1 (F.C. log2 = 4.6; q < 0.001), DUT-AS1 (F.C. log2 = 2.6; q < 0.001), HLA-V (F.C. log2 = -4.8; q < 0.001), PARP16 (F.C. log2 = 0.3 q < 0.05), and SAXO2 (F.C. log2 = -2.52; q < 0.05). Cluster analysis identified the expression levels of a panel of 4 genes: CTXN2-AS1, DUT-AS1, HLA-V and PARP16, were able to separate 45% of the participants with GAD that responded to PAT at primary endpoint from all other participants. Discussion & Conclusions: This is a first of its kind, multi-omic study of psychedelic treatment for a mental illness in a clinical cohort. We have identified a panel of 4 genes that may be useful in identifying whether a patient with GAD is likely to respond to PAT. Further study is needed to validate these genes as treatment response biomarkers in a larger cohort, and to determine whether these or other genes predict treatment response prior to commencing PAT."
"OVID","CAN WE RE-MEDICALISE THE PSYCHEDELIC EXPERIENCE?",2025,"10.1093/ijnp/pyaf052.159",NA,"sin_crudo_emparejado",NA,NA,"Background: Despite the widespread availability of multiple antidepressant treatments, depression remains a common and sometimes debilitating disorder. A significant proportion of patients with major depressive disorder fail two or more antidepressant treatments and are considered to have treatmentresistant depression (TRD). Recent attention has turned to psilocybin and other psychedelic compounds as potential rapidly acting and durable episodic treatments for psychiatric disorders including depression. Aims & Objectives: To explore the efficacy and safety of crystalline psilocybin in the treatment of TRD Method: COMP 001 was the first large, multinational, randomized controlled trial to evaluate the investigational drug COMP360, a proprietary pharmaceutical-grade synthetic psilocybin formulation, optimized for stability and purity, developed by the sponsor COMPASS Pathfinder Ltd in patients with TRD. Results: This was a dose-ranging study that randomized 233 participants equally to 25mg or 10mg, or the 1mg control treatment. Participants down-tapered and washed out any previous antidepressant medications, and received a single administration of COMP360 as monotherapy, after which they were followed for 12 weeks. On the primary efficacy measure, large dose-dependent reductions from baseline in Montgomery- Asberg Depression Rating Scale (MADRS) scores were evident starting from Day 2. Clinically meaningful differences in MADRS score improvements between the 25mg and 1mg doses were statistically significant throughweek 6 and remained numerically evident at week 12. Results of secondary and additional efficacy measures were consistent with MADRS results. The intensity of the psychedelic experience entailing boundlessness was associated with clinical outcome. Discussion & Conclusions: COMP360 was generally welltolerated; in both studies over 90% of adverse events were either mild or moderate in severity. Suicidality remains a concern in TRD studies. These results suggested that COMP360 has potential to become an important contribution to the treatment for TRD. Further clinical development of COMP360 in rigorous, large, randomized controlled studies is underway."
"OVID","ECONOMIC EVALUATIONS OF EMERGING PHARMACOLOGICAL THERAPIES FOR TREATMENT RESISTANT DEPRESSION",2025,"10.1093/ijnp/pyaf052.399",NA,"sin_crudo_emparejado",NA,NA,"Background: Treatment resistant depression (TRD) affects approximately 30% of people with major depressive disorder (MDD) and is associated with significant individual and societal burden. Emerging pharmacological therapies (i.e.ketamine, esketamine, psilocybin) have evidence of efficacy in TRD; however, there is less data on their cost-effectiveness which is important for funding through governments and insurers. Without being subsidised, access to these treatments will likely be limited. Aims & Objectives: Describe the essential components economic evaluation through the example of a within trial cost-utility analysis of racemic ketamine for TRD fromhealth sector (primary) and societal perspectives. Method: The cost-utility analysis alongside the KADS randomised controlled trial involved 179 participants receiving ketamine or midazolam (active control) for 4 weeks. Data on healthcare resource use, transportation, carer time and lost productivity were collected with self-reported questionnaires at baseline, posttreatment (4-weeks) and 8-weeks. Quality-adjusted life years (QALYs) were calculated using AQoL-8D utility values. Initial dosing was fixed (cohort 1) and changed to response-guided dosing (cohort 2). Base-case 1 included control arm treatment costs for cohort 2 participants. Base-case 2 excluded control arm treatment costs. Results: After 4 weeks of randomised treatment, utility values were significantly higher for ketamine (0.435 vs. 0.352; p<0.05). In base-case 1, health sector incremental cost-effectiveness ratios (ICERs)were dominant (less costly and more effective) with probabilities of falling below$50,000/QALY of 89% (4-weeks) and 91% (8- weeks). Base-case 2 ICERs were $251,250/QALY (95% CI: $268,715 to $6,531,253) at 4-weeks and $108,500/QALY (95% CI $49,306 to $3,609,179) at 8-weeks with probabilities of falling below $50,000/QALY of 0% (4-weeks) and 2% (8-weeks). From a societal perspective, the probabilities of falling below $50,000/QALY were 30-32% (base-case 1) and 0-5% (base-case 2). Discussion & Conclusions: The initial four-week treatment phase with racemic ketamine is cost-effective when control arm costs are included. At commonly used Australian cost-effectiveness thresholds, racemic ketamine would not be considered costeffective when excluding control arm costs or from the societal perspective. Economic modelling is needed to estimate the longerterm cost-utility of this treatment."
"OVID","Five Years Later: contextual Factors and Subjective Experiences Reported by Participants in a Psilocybin for Depression Randomized Clinical Trial",2025,"10.1111/bdi.70046",NA,"sin_crudo_emparejado",NA,NA,"Introduction: Depression profoundly impairs psychosocial functioning and quality of life. Many people demonstrate inadequate responses to existing treatments, underscoring the urgent need for innovative approaches. Psilocybin-assisted therapy (PAT) has demonstrated potential for rapid/sustained antidepressant effects, but little is known about factors that predict positive outcomes. This study uniquely explores the contextual factors and subjective experiences that contribute to long-term outcomes, addressing a critical gap in the literature. Method: Using a convergent parallel mixed-methods design, participants (n = 18, 75% of original 24 trial participants) completed self-report measures assessing functional impairment, nature relatedness, and retrospective acute subjective effects (Insight, Challenging Experience, Mystical Experiences). A semi-structured interview elicited detailed accounts of participant experiences during the follow-up period. Reflexive thematic analysis was employed to examine subjective experiences and contextual factors influencing outcomes. Results: An integrative summary of quantitative and qualitative findings will be presented. Three major themes were developed: (1) Life before PAT, characterized by emotional struggles and cautious hope; (2) Experiences during PAT marked by emotional shifts and the role of therapeutic support; and (3) Life after PAT, encompassing enduring changes in relationships, self-awareness, and behavior, alongside a desire for further integration. Conclusion: Findings underscore the importance of mixed-methods in capturing the nuanced, long-term impact of PAT to further understanding of mechanisms of change. Additionally, we emphasize the need for more robust theoretical models to inform integration therapies and psychedelic-informed education to equip providers and participants with clear guidelines that mitigate risks, enhance safety, and foster ongoing integration for sustained therapeutic benefit over time."
"OVID","ASSOCIATIONS BETWEEN ESCITALOPRAM AND PSILOCYBIN THERAPY AND BRAIN RESTING-STATE FUNCTIONAL CONNECTIVITY IN MAJOR DEPRESSIVE DISORDER",2025,"10.1093/ijnp/pyae059.237",NA,"sin_crudo_emparejado",NA,NA,"Major Depressive Disorder (MDD) is a highly prevalent mental health condition characterized by symptoms including anhedonia, which is defined as diminished pleasure, and impulsivity, which has been linked to increased substance abuse, self-harm and suicidal tendencies. Both anhedonia and impulsivity have been contributed to alterations in reward system function, with the striatum being a central hub involved in processing and regulating reward-related information. Selective serotonin reuptake inhibitors are currently the first-line treatment for patients with MDD. In recent years, there has been growing interest in the potential therapeutic benefits of psilocybin for the treatment of depression and there is mounting evidence suggesting that psychedelics may modulate the reward system.Here, we aim to employ seed-voxel analysis on resting-state functional magnetic resonance imaging (fMRI) data to investigate the effects of escitalopram and psychedelic therapy on the reward pathways within the associative, limbic and sensorimotor striatal subdivisions as well as the amygdala and hippocampus in patients with MDD. In this secondary analysis of a trial, 45 MDD patients were randomly assigned to either psilocybin therapy (n=24) or escitalopram (n=21) treatment groups. Participants underwent a 10 min long resting-state functional magnetic resonance imaging scan both before and after a 6-week intervention. Analyses examined the connectivity of three striatal networks and the amygdala and hippocampus using seed-based analysis methods. Changes in between-network connectivity, within-network connectivity and intra-striatal connectivity were examined. Changes in anhedonia and impulsivity from pre-to post-treatment were assessed. Both Escitalopram and psilocybin therapy groups demonstrated reductions in impulsivity and anhedonia scores. Significant interaction effects were found with the amygdala network, where there was a significant psilocybin >escitalopram change in connectivity with a region in the left anterior insula extending into the left putamen. There was a significant escitalopram >psilocybin change in connectivity with a region in the right cerebellum around Crus I extending up to the occipital cortex. There was a significant psilocybin >escitalopram change in connectivity in the limbic striatal network with the bilateral insula, the paracingulate and the temporoparietal junction. Post-hoc analysis revealed this interaction effect was driven by a reduction in connectivity in with the insula in the escitalopram group. A significant correlation was found between the escitalopram induced reduction in connectivity with the insula and the limbic striatum and a reduction in anhedonia. Reduced connectivity between the limbic striatal network and insula correlated with reductions in anhedonia in the escitalopram group. The insula is an area linked to salience and attentional control, which may reveal the reduction in influence of emotional processing from the limbic regions on the bottom-up detection of salient events. In psilocybin, an increase in connectivity between the amygdala and temporoparietal regions was observed, which may indicate enhanced sensory integration and with reward processing. These results show varying treatment effects on striatal connectivity and the implicit difference in treatment effect on underlying neural circuitry.."
"OVID","Psilocybin-assisted psychotherapy for depression and anxiety associated with life threatening illness: a phase 2b randomized controlled trial",2025,"10.1016/j.genhosppsych.2025.08.001",NA,"sin_crudo_emparejado",NA,NA,"IMPORTANCE: Psilocybin-assisted psychotherapy may offer a novel approach to treating depression, anxiety, and existential distress in individuals with life threatening illnesses, where current treatments show limited efficacy., OBJECTIVE: To evaluate the efficacy and safety of psilocybin-assisted psychotherapy versus active placebo and psychotherapy in adults with life-threatening illnesses., DESIGN: Double-blind, randomized controlled phase 2b trial (RCT) with an open-label extension and 6-month follow-up (January 2020 - October 2023)., SETTING: Single-site study at a tertiary hospital's palliative care department (St. Vincent's Hospital Melbourne affiliated with the University of Melbourne)., PARTICIPANTS: Adults aged 18-80 with a life-threatening illness and clinically significant depression and/or anxiety., INTERVENTIONS: Participants were randomized to receive 25 mg psilocybin or 100 mg niacin (active placebo), alongside three preparatory psychotherapy and six post-dose integration psychotherapy sessions. After 6-7 weeks post double blind dose, all participants received 25 mg psilocybin in an open-label extension, enabling a two dose versus one dose group comparator. Participants were followed up to 26 weeks post open label dose., MAIN OUTCOMES AND MEASURES: Primary outcome was change in depression and anxiety symptoms, assessed using the Hospital Anxiety and Depression Scale (HADS), from baseline to 6-7 weeks post-dose. Key secondary outcomes included the Beck Depression Inventory-II (BDI-II) and the State-Trait Anxiety Inventory - State version (STAI-S), which provided complementary, dimensional measures of depression and anxiety over the same time period. Additional secondary outcomes included Death Attitudes Profile, WHOQOL-BREF, State-Trait Anxiety Inventory (STAI-Trait scale), Mystical Experiences Questionnaire, and Persisting Effects Questionnaire. Exploratory outcomes included spiritual well-being, hopelessness, demoralization, and HADS-Trait scores., RESULTS: Thirty-five participants (mean age 56.0; 54.3 % female) were randomized (psilocybin: n = 17; placebo: n = 18). At 6-7 weeks, psilocybin produced significantly greater reductions in HADS depression (B = -2.49; P = .02; d = 1.12), BDI-II (B = -7.56; P = .004; d = 2.97), and STAI-State anxiety (B = -12.59; P = .005; d = 4.51) compared to placebo. Benefits were sustained at 26 weeks. Exploratory outcomes demonstrated enhanced spiritual well-being, quality of life, and significant reductions in demoralization, death anxiety and hopelessness. No serious treatment-emergent adverse events occurred. Psilocybin was associated with more mild-to-moderate adverse events. One participant withdrew due to anxiety during dosing., CONCLUSIONS AND RELEVANCE: Psilocybin-assisted psychotherapy appears safe and may offer durable relief from depression and anxiety in individuals with a life-threatening illness."
"OVID","Psilocybin therapy for treatment resistant depression: prediction of clinical outcome by natural language processing",2025,"10.1007/s00213-023-06432-5",NA,"sin_crudo_emparejado",NA,NA,"Rationale: Therapeutic administration of psychedelics has shown significant potential in historical accounts and recent clinical trials in the treatment of depression and other mood disorders. A recent randomized double-blind phase-IIb study demonstrated the safety and efficacy of COMP360, COMPASS Pathways’ proprietary synthetic formulation of psilocybin, in participants with treatment-resistant depression. Objective: While the phase-IIb results are promising, the treatment works for a portion of the population and early prediction of outcome is a key objective as it would allow early identification of those likely to require alternative treatment. Methods: Transcripts were made from audio recordings of the psychological support session between participant and therapist 1 day post COMP360 administration. A zero-shot machine learning classifier based on the BART large language model was used to compute two-dimensional sentiment (valence and arousal) for the participant and therapist from the transcript. These scores, combined with the Emotional Breakthrough Index (EBI) and treatment arm were used to predict treatment outcome as measured by MADRS scores. (Code and data are available at https://github.com/compasspathways/Sentiment2D .) Results: Two multinomial logistic regression models were fit to predict responder status at week 3 and through week 12. Cross-validation of these models resulted in 85% and 88% accuracy and AUC values of 88% and 85%. Conclusions: A machine learning algorithm using NLP and EBI accurately predicts long-term patient response, allowing rapid prognostication of personalized response to psilocybin treatment and insight into therapeutic model optimization. Further research is required to understand if language data from earlier stages in the therapeutic process hold similar predictive power."
"OVID","Error in Byline",2024,"10.1001/jama.2024.0828",NA,"sin_crudo_emparejado",NA,NA,"The Original Investigation titled “Single-Dose Psilocybin Treatment for Major Depressive Disorder: A Randomized Clinical Trial,”1 published in the September 5, 2023, issue of JAMA, was corrected to fix an error in the 95% CI for the mean difference in Sheehan Disability Scale scores and to add an additional author to the byline. This article was corrected online."
"OVID","Error in Title and Text",2024,"10.1001/jamapsychiatry.2024.0481",NA,"sin_crudo_emparejado",NA,NA,"The Original Investigation titled “Single-Dose Synthetic Psilocybin With Psychotherapy for Treatment-Resistant Bipolar Type II Major Depressive Episodes: A nonrandomized Open-Label Trial,”1 published on December 6, 2023, was corrected to revise the study type in the title and text from “a non randomized controlled trial” to “a nonrandomized open-label trial.” This article was corrected online."
"OVID","323. Comparing Antidepressant Effects of Psilocybin-Assisted Psychotherapy in Individuals That Were Unmedicated at Initial Screening Versus Individuals Discontinuing Medications for Study Participation",2025,"10.1016/j.biopsych.2025.02.561",NA,"sin_crudo_emparejado",NA,NA,"Background: Tapering antidepressant medications is standard for eligibility in psilocybin-assisted psychotherapy (PAP) clinical trials for depression due to concerns of serotonergic toxicity and dampened treatment effects. Medication tapering can cause adverse effects and reduce accessibility to PAP treatment, but the influence of tapering on clinical outcomes is unclear. Methods: Participants (n=30) with treatment-resistant depression (TRD) received at least one 25 mg dose of psilocybin with psychotherapy (PAP) in an open-label clinical trial. The primary outcome was change in clinician-rated depression symptoms (Montgomery-Åsberg Depression Rating Scale [MADRS]). Secondary outcomes included change in anxiety symptom severity (Generalized Anxiety Disorder 7-Item [GAD-7]), suicidality (MADRS Item-10), self-reported depression symptoms (Quick Inventory for Depression Symptomatology [QIDS-SR]), and intensity of psychedelic experience (Mystical Experience Questionnaire 30-item [MEQ30]). Clinical outcomes were compared from baseline to two months post-dose between participants unmedicated at screening (UAS) and those discontinuing antidepressant medications (MDC) for eligibility using a mixed ANOVA. Results: Comparable significant improvements were found between MDC (n=21) and UAS (n=9) participants in MADRS (p = 0.759), QIDS-SR (p=0.215) and GAD-7 (p=0.178) scores. Both groups had similar trends of reduced suicidality (p=0.882). The UAS group trended towards greater intensity of psychedelic experience that did not reach statistical significance (p=0.191). Conclusions: Comparable antidepressant effects were observed in MDC and UAS groups, contrasting with recent literature on the effects of medication tapering leading up to PAP. Further clinical research is needed to evaluate the influence of medication tapering on the efficacy and psychedelic effects of PAP. Funding Source: The Brain and Cognition Discovery Foundation (BCDF) was the study sponsor, with additional in-kind support provided by Usona (supplying synthetic psilocybin at no cost) and Braxia Scientific Corp. (allowing for use of clinic facilities and administrative support at no cost). Keywords: Depression, Psilocybin, Treatment-resistant depression, Mood disorders, Psilocybin-assisted psychotherapy"
"OVID","187. Changes in Symptoms of Anhedonia With Psilocybin-Assisted Psychotherapy: a Secondary Analysis of a Randomized Clinical Trial for Treatment-Resistant Depression",2025,"10.1016/j.biopsych.2025.02.424",NA,"sin_crudo_emparejado",NA,NA,"Background: Across all psychiatric disorders, anhedonia is associated with poorer outcomes, higher levels of functional impairment, impaired quality of life, and treatment non-response. Psilocybin assisted psychotherapy (PAP) has shown promising results for treatment resistant depression (TRD), however, specific effects on anhedonia have been minimally studied. Methods: Participants (n=30) with a primary diagnosis of Major Depressive Disorder or Bipolar II Disorder received at least one 25 mg oral dose of synthetic psilocybin with accompanying psychotherapy as part of a randomized, waitlist controlled, clinical trial. The primary outcome of this analysis examined changes in anhedonia, measured through the Snaith-Hamilton Pleasure Scale (SHAPS). A linear regression was conducted to examine whether high baseline anhedonia (SHAPS) was correlated with antidepressant efficacy (changes in Montgomery-Asberg Depression Rating Scale (MADRS) scores at Week 2 primary endpoint). Results: A significant reduction in SHAPS scores over time was observed, t(28) = 4.088, p= < 0.001, 95% confidence interval [1.548, 4.667], with a mean difference of 3.107 (standard deviation = 4.022); however, symptoms of anhedonia returned 6-10 weeks after the first psilocybin dose. Repeated doses of psilocybin reproduced improvements in anhedonia over the course of 6 months. No correlation between baseline anhedonia and antidepressant efficacy was observed. Conclusions: The present analysis provides preliminary results in support of potential benefits with PAP for symptoms of anhedonia in TRD. Unlike conventional antidepressants, higher baseline anhedonia was not associated with reduced antidepressant efficacy. Future research is needed and merited to evaluate the effects of PAP on anhedonia in rigorously designed clinical trials. Funding Source: The Brain and Cognition Discovery Foundation (BCDF) was the study sponsor, with additional in-kind support provided by Usona (supplying synthetic psilocybin at no cost) and Braxia Scientific Corp. (allowing for use of clinic facilities and administrative support at no cost). Keywords: Psilocybin-assisted psychotherapy, Treatment Resistant Depression, Anhedonia"
"OVID","186. Assessing Cognitive Outcomes in Treatment-Resistant Depression Following Psilocybin-Assisted Psychotherapy",2025,"10.1016/j.biopsych.2025.02.423",NA,"sin_crudo_emparejado",NA,NA,"Background: Cognitive deficits within treatment-resistant depression (TRD) often do not improve with conventional antidepressants. Psilocybin-assisted psychotherapy (PAP) has shown promise as a novel intervention for TRD; however, few studies have assessed its effects on cognition. Methods: In this post-hoc analysis of a pilot PAP trial (NCT05029466), we assessed cognitive outcomes (Digit Symbol Substitution Test [DSST], Trail Making Tests A and B [TMT-A/-B]) in TRD patients randomized to a PAP treatment arm (n = 12; 25 mg psilocybin plus psychotherapy) or a delayed-treatment waitlist control arm (n = 14). We analyzed within- and between-group changes with paired and independent t-tests or Wilcoxon and Mann-Whitney U tests and conducted a mediation analysis to examine whether depressive symptom changes (Montgomery- Åsberg Depression Rating Scale scores) mediated cognitive outcomes. Results: After two weeks, we observed significant within-group improvements in the treatment arm on the TMT-A (mean difference= -8.67, p < .001, d = 1.29) and TMT-B (median difference = -13.50, z = -2.554, p = .011), but no significant changes in the waitlist arm for any cognitive outcomes. Between-group comparisons showed that TMT-B improvements in the treatment arm significantly exceeded those of the waitlist arm (U = 37.00, p = .016), while TMT-A improvements did not differ significantly between arms (p = .133). Our mediation analysis revealed depressive symptom reductions did not significantly mediate TMT-B performance gains (b = 0.81, 95% CI [-6.57, 16.62]). Conclusions: These preliminary findings suggest that PAP may have mood-independent pro-cognitive effects in TRD patients, warranting further research with larger samples. Funding Source: The Brain and Cognition Discovery Foundation (BCDF) was the study sponsor, with additional in-kind support provided by Usona (supplying synthetic psilocybin at no cost) and Braxia Scientific Corp. (allowing for use of clinic facilities and administrative support at no cost). Keywords: Treatment Resistant Depression, Psilocybin-assisted psychotherapy, Cognitive Impairment, Randomized clinical trial, Psychedelic"
"OVID","194. Improving Workplace and Psychosocial Function in Treatment-Resistant Depression: exploratory Outcomes From an Open-Label Feasibility Trial of Psilocybin-Assisted Psychotherapy",2025,"10.1016/j.biopsych.2025.02.431",NA,"sin_crudo_emparejado",NA,NA,"Background: Cognitive concerns in treatment-resistant depression (TRD) are associated with significant functional impairment. There is an urgent need to identify treatments that are effective in improving workplace and psychosocial functioning. Methods: 31 participants with TRD were randomized in an open-label trial of psilocybin-assisted psychotherapy (25mg) and were followed for 6 months. Functional outcomes were measured using the Sheehan Disability Scale at baseline, week 2 (n = 29), and 6 months (n = 21). Paired t-tests were conducted between baseline and each timepoint. To achieve 80% power with an alpha level of .05 and a sample size of 29, an effect size of .54 or greater is required. With a sample size of 21, an effect size of .64 or greater is required. Results: The size of the effect on family functioning was small-to-medium from baseline to week 2 and month 6 (Cohen’s d = 0.28; 0.23). Social functioning significantly improved from baseline to week 2 with a medium effect (p = .015, Cohen’s d = 0.49), and a large effect was sustained at month 6 (p = .001, Cohen’s d = 0.85). Small-to-medium effects were observed in workplace functioning from baseline to week 2 and month 6 (Cohen’s d = 0.33; 0.49). Workplace presenteeism significantly improved from baseline to week 2 (p = .047, Cohen’s d = 0.39). Effects remained small-to-medium at month 6 (Cohen’s d = 0.31). Effects on workplace absenteeism were small-to-medium (Cohen’s d = 0.30; 0.16). Conclusions: Psilocybin-assisted psychotherapy may improve workplace presenteeism as well as maintained improvements in social functioning. Funding Source: Brain and Cognition Discovery Foundation; Usona Scholarship; Braxia Scientific Keywords: treatment-resistant depression, Psilocybin-assisted psychotherapy, Psychosocial Functioning, Functional Disability"
"OVID","Error in the Byline...Back AL, Freeman-Young TK, Morgan L, et al. Psilocybin Therapy for Clinicians With Symptoms of Depression From Frontline Care During the COVID-19 Pandemic: a Randomized Clinical Trial. JAMA Network Open. 2024;7(12): e2449026",2025,"10.1001/jamanetworkopen.2024.59278",NA,"sin_crudo_emparejado",NA,NA,NA
"OVID","PSILOCYBIN ASSISTED PSYCHOTHERAPY FOR PATIENTS WITH OVARIAN CANER: a SUBSET ANALYSIS OF A RANDOMIZED, DOUBLE-BLIND, PLACEBO-CONTROLLED, PHASE II CLINICAL TRIAL",2024,"10.1136/ijgc-2024-igcs.54",NA,"sin_crudo_emparejado",NA,NA,"Introduction Anxiety and depression are common treatmentrefractory sequelae of ovarian cancer. The objective of our analysis was to evaluate whether psilocybin, the psychoactive component in magic mushrooms, could alleviate affective symptoms patients with ovarian cancer. Methods 7 patients with ovarian cancer were identified from a randomized, double-blind, placebo-controlled, phase II, clinical trial of psilocybin-assisted psychotherapy (PAP) for treating cancer-related anxiety and depression (NCT00957359). 3 patients received psilocybin (21 mg/70 kg) and 4 patients received control (250mg niacin). Psychotherapy preceded and followed drug administration for all participants. The primary outcome measure was Hospital Anxiety and Depression Scale (HADS), a composite measure of anxiety and depression. Data was collected for 6 weeks after dosing. A mixed-effects repeated measures model with fixed baseline covariates was conducted in SPSS. Results Patients who received psilocybin reported significantly less anxiety and depression than control (figure 1). Composite measure of HADS after dosing was higher for the control vs treatment group (mean [SD], 14.3 [±2.6] vs. 7.1 [±2.7]; mean difference, -7.2; 95% CI, -12.5 to -1.9, p = 0.015). The benefit relative to control was apparent the day following dosing and became more pronounced by week 6. As indicated by unfilled symbols, HADS score was significantly lower than the baseline visit at all time points post-dosing in the treatment group, while the benefit was transient in the control group. There were no serious adverse events in either arm. Conclusion/Implications PAP significantly improved anxiety and depression in patients with ovarian cancer over 6 weeks relative to placebo."
"OVID","Enhanced visual contrast suppression during peak psilocybin effects: psychophysical results from a pilot randomized controlled trial",2024,"10.1167/jov.24.12.5",NA,"sin_crudo_emparejado",NA,NA,"In visual perception, an effect known as surround suppression occurs wherein the apparent contrast of a center stimulus is reduced when it is presented within a higher-contrast surrounding stimulus. Many key aspects of visual perception involve surround suppression, yet the neuromodulatory processes involved remain unclear. Psilocybin is a serotonergic psychedelic compound known for its robust effects on visual perception, particularly texture, color, object, and motion perception. We asked whether surround suppression is altered under peak effects of psilocybin. Using a contrast-matching task with different center-surround stimulus configurations, we measured surround suppression after 25 mg of psilocybin compared with placebo (100 mg niacin). Data on harms were collected, and no serious adverse events were reported. After taking psilocybin, participants (n = 6) reported stronger surround suppression of perceived contrast compared to placebo. Furthermore, we found that the intensity of subjective psychedelic visuals induced by psilocybin correlated positively with the magnitude of surround suppression. We note the potential relevance of our findings for the field of psychiatry, given that studies have demonstrated weakened visual surround suppression in both major depressive disorder and schizophrenia. Our findings are thus relevant to understanding the visual effects of psilocybin, and the potential mechanisms of visual disruption in mental health disorders."
"OVID","DOES THE PHENOMENOLOGY OF THE PSILOCYBIN EXPERIENCE PREDICT LONG-TERM EFFECTS ON MOOD AND WELL-BEING IN HEALTHY VOLUNTEERS?",2023,"10.1016/j.ibneur.2023.08.1240",NA,"sin_crudo_emparejado",NA,NA,"INTRODUCTION: The mechanisms by which the psychedelic drug psilocybin, a novel rapid-acting antidepressant, improves depressive symptoms are still unclear. One candidate mechanism is the impact of the phenomenology of the psychedelic experience, with positive phenomenology hypothesised to be associated with positive long-term outcomes and fearful phenomenology hypothesised to be associated with negative long-term outcomes. The present study investigated how phenomenology influences long-term effects on mood, spirituality, and relationships with self, life, and others following single and repeated experiences in healthy volunteers. MATERIALS AND METHODS: In a placebo-controlled cross-over study, healthy volunteers participated in two consecutive arms of two sessions each of psilocybin 0.26 mg/kg orally or placebo, separated by at least 28 days. Phenomenology of the experience was assessed using the Altered State of Consciousness Scale (ASCs) and the Visual Analog Scale on the Emotional Valence of the Experience (VAS-E); long-term effects on mood, spirituality, and relationships with self, life, and others were assessed using the Persisting Effects Scale (PEQ) 28 days after each treatment (both positive and negative effects). RESULTS: 39 volunteers completed the first arm of the study and 27 continued into the second arm. There were no differences in ASC and PEQ between the first and second arms. Correlations between ASC and PEQ showed that the intensity of the experience, driven mainly by the oceanic boundlessness component, was associated with the long-term positive effect. The negative/anxious experiences on ASC and VAS-E were not associated with a negative effect on PEQ. CONCLUSIONS: Our study shows for the first time that repeated experience with psilocybin in a controlled environment can keep comparable acute as well as long-term effect on an individual's well-being, which supports rational for safe repeated use in a therapeutic context. SUPPORTED BY PROJECTS: NU21-04-00307, 20-25349S, RVO 00023752, 260648/SVV/2023, Cooperatio and PSYRES, Psychedelic Research Foundation (https://psyresfoundation.eu) Declaration of Interest Statement: TP, JH, MB and FT were involved in Compass Pathways trials with psilocybin outside of the submitted work."
"OVID","The phenomenology of psilocybin´s experience mediates subsequent persistent psychological effects independently of sex, previous experience or setting",2024,"10.1101/2024.08.26.24311611",NA,"sin_crudo_emparejado",NA,NA,"Background: Recent studies have intensively explored the potential antidepressant effects of psilocybin. However, important variables such as previous experience, repeated administration, setting and sex remain underexplored. This study describes the acute psilocybin experience and long-term effects in a small sample of healthy individuals. Methods: In a double-blind, placebo-controlled, cross-over study, 40 healthy participants (20 females, mean age 38, sd 8) received two doses of psilocybin 0.26 mg/kg per os at least 56 days apart (mean 354 days) in two study arms (EEG and fMRI). Near half of participants had experience with psychedelics. The Altered State of Consciousness Scale (ASC) and a visual analogue scale (VAS) on emotional valence of the phenomenology assessed acute phenomenology. The Persisting Effects Questionnaire (PEQ) assessed long-term effects. Venous blood samples were taken to measure serum psilocin levels. Results: All results were independent of previous experience, sex, EEG or fMRI arm/setting. Acute psychedelic effects were of moderate intensity on ASC. The VAS showed mostly pleasant and fluctuating, and only one unpleasant only experience. All experiences resolved in a positive or neutral state at the end of the session. Psilocybin induced sustained positive effects on all domains of the PEQ, with negligible negative effects. Oceanic Boundlessness and Visual Restructuralization were associated with positive effects on PEQ. Contrary to expectations, Dread of Ego Dissolution, typically associated with fearful experiences, was not associated with PEQ negative outcomes. The type of experience (pleasant or mixed) did not correlate with the intensity or direction of the lasting effect; however, peak experiences culminating in a positive mood were associated with positive long-term effects. Conclusion: In our sample repeated administration of psilocybin to healthy volunteers, induces positive, lasting effects. This underscores the psychological safety of psilocybin in a laboratory setting and supports its repeated use in clinical trials. In particular, challenging or anxiety-provoking experiences in controlled environments did not lead to adverse long-term outcomes."
"OVID","The psychedelic renaissance: the next trip for psychiatry?",2022,"10.1017/ipm.2019.39",NA,"sin_crudo_emparejado",NA,NA,"The psychedelic research renaissance is gaining traction. Preliminary clinical studies of the hallucinogenic fungi, psilocybin, with psychological support, have indicated improvements in mood, anxiety and quality of life. A seminal, open-label study demonstrated marked reductions in depression symptoms in participants with treatment-resistant depression (TRD). The associated neurobiological processes involve alterations in brain connectivity, together with altered amygdala and default mode network activity. At the cellular level, psychedelics promote synaptogenesis and neural plasticity. Prompted by the promising preliminary studies, a randomized, double-blind trial has recently been launched across Europe and North America to investigate the efficacy of psilocybin in TRD. One of these centres is based in Ireland - CHO Area 7 and Tallaght University Hospital. The outcome of this trial will determine whether psilocybin with psychological support will successfully translate into the psychiatric clinic for the benefit of patients."
"OVID","Acute Psychedelic Effects and Clinical Outcomes are Associated With Therapeutic Alliance Among Participants Receiving Psilocybin Therapy",2024,"10.1016/j.drugalcdep.2023.110609",NA,"sin_crudo_emparejado",NA,NA,"Select Drug Category Psychedelics Topic Behavioral Pharmacology Abstract Detail Clinical - Experimental Abstract Category Original Research Aim: Research has demonstrated an association between therapeutic alliance between therapist and client and positive treatment outcomes in psychotherapy. Here we explore whether therapeutic alliance is associated with acute psilocybin effects and depression outcomes following psilocybin therapy. Methods: A randomized, waiting list-controlled trial for Major Depressive Disorder (N=24). Participants were randomized to an immediate (N=13) or delayed (N=11) treatment condition and all participants received two oral doses of psilocybin approximately 2 weeks apart (Session 1: 20 mg/70 kg; Session 2: 30 mg/70 kg), as well as psychotherapy prior to and following the psilocybin sessions. We used the bond subscale of the Working Alliance Inventory – Short Form as a measure of therapeutic alliance and examined the relationship between bond scores and peak mystical-type and insight experiences as well as depression scores (using the GRID-HAMD) post-intervention using Pearson correlations. Results: A stronger bond before the first psilocybin session was correlated with higher peak ratings of mystical-type experiences (r=.50, p<.05) and psychological insight (r=.54, p<.05) across the two psilocybin sessions. Additionally, peak ratings of mystical-type experiences (r=-.44; p<.05) and psychological insight (r=-0.75, p<.001) were correlated with depression scores at 4 weeks post-intervention. A stronger bond was also correlated with depression scores at 4 weeks (r=-.49, p<.05). A stronger bond before the first psilocybin session did not predict long term depression scores (ps>.05), but a stronger bond one week after the final psilocybin session predicted depression scores at 3-months (r=-.57, p<.01), 6-months (r=-.66, p<.001), and 12-months (r=-.71, p<.001) post-intervention. Conclusions: A stronger bond was associated with higher peak ratings of mystical-type and psychologically insightful experiences and clinical outcomes of psilocybin therapy. These findings show the importance of the therapeutic relationship in clinical trials of psilocybin therapy and provide evidence for the rationale that characteristics of (mind)set and setting impact the acute effects of psilocybin. Financial Support: This study was funded in part by a crowd-sourced funding campaign organized by Tim Ferriss; a grant from the Riverstyx Foundation; and grants from Tim Ferriss, Matt Mullenweg, Craig Nerenberg, Blake Mycoskie, and the Steven and Alexandra Cohen Foundation. Drs Davis and Levin and Mx. Lancelotta and Mr. Sepeda are supported by the Center for Psychedelic Drug Research and Education at Ohio State University."
"OVID","SPONTANEOUS CHANGES IN CIGARETTE SMOKING FOLLOWING PSILOCYBIN-ASSISTED TREATMENT FOR ALCOHOL USE DISORDER",2024,"10.1016/j.drugalcdep.2023.110063",NA,"sin_crudo_emparejado",NA,NA,"Drug Category: Nicotine/Tobacco Topic: Treatment Aim: Emerging research suggests psilocybin-assisted psychotherapy (PAP) may be efficacious for smoking cessation. However, it is unclear if PAP may spontaneously facilitate smoking cessation in other patient populations with different therapeutic targets such as alcohol use disorder (AUD) and major depression. Methods: This study examined pre-to-post treatment changes in a subsample of male and female tobacco smokers (n=22) and marijuana user (n=19) from a double-blind, placebo-controlled PAP trial in patients with AUD (n=93). The timeline followback interview was used to assess daily tobacco smoking and cannabis use, yielding estimates of the percentage of days that each drug was used during the double-blind follow-up period (8 1-month periods after first medication session). Mixed models for repeated measures (MMRMs, one for tobacco and one for cannabis) evaluated the effects of treatment (psilocybin versus active placebo control), time, the time-by-treatment interaction, and pre-treatment use of the respective substance on post-randomization use of tobacco and cannabis. Results: For tobacco smoking, the MMRM identified a trending main effect of treatment (p=0.060), with significant group differences at 4 months (p=0.038) and 5 months (p=0.022) post-treatment. Paired samples t-tests showed a reduction in percent days smoking for the psilocybin group (p=0.032), but not the placebo group (p=0.660). The effect of time and the time-by-treatment interaction were not significant. No significant effects of treatment or time were observed for marijuana use. Pre-treatment use of tobacco and marijuana were strong predictors of post-treatment use of tobacco and marijuana (p<0.001). Conclusions: Findings suggest psilocybin may elicit spontaneous reductions in tobacco smoking in patients undergoing PAP for AUD. Studies with larger sample sizes are needed to confirm these findings, compare efficacy with PAP targeted toward smoking cessation, and determine if findings generalize to other clinical populations. Financial Support: Support for this research was provided by the Heffter Research Institute, the New York University-Health and Hospitals Corporation Clinical and Translational Science Institute (grant UL1 TR000038 from the National Center for Advancing Translational Sciences, National Institutes of Health), Mind Medicine, Inc., Tilray Canada, MAPS, B.More, Inc, and individual donations from Carey and Claudia Turnbull, Efrem Nulman, Rodrigo Niño, the Fournier Family Foundation, Dr. Bronner's Family Foundation, The Riverstyx Foundation and Cody Swift. Psilocybin was provided by the Usona Institute, Nicholas Cozzi at the University of Wisconsin-Madison, and David Nichols at Purdue University. BAP is a post-doctoral fellow in the NYU Langone Psychedelic Medicine Research Training program funded by MindMed."
"OVID","Corrigendum to 'Single-dose psilocybin-assisted therapy in major depressive disorder: a placebo-controlled, double-blind, randomised clinical trial'",2023,"10.1016/j.eclinm.2023.101841",NA,"sin_crudo_emparejado",NA,NA,"[This corrects the article DOI: 10.1016/j.eclinm.2022.101809.]."
"OVID","Therapeutic Alliance and Rapport Modulate Responses to Psilocybin Assisted Therapy for Depression",2022,"10.3389/fphar.2021.788155",NA,"sin_crudo_emparejado",NA,NA,"Background: Across psychotherapeutic frameworks, the strength of the therapeutic alliance has been found to correlate with treatment outcomes; however, its role has never been formally assessed in a trial of psychedelic-assisted therapy. We aimed to investigate the relationships between therapeutic alliance and rapport, the quality of the acute psychedelic experience and treatment outcomes. Methods: This 2-arm double-blind randomized controlled trial compared escitalopram with psychedelic-assisted therapy for moderate-severe depressive disorder (N = 59). This analysis focused on the psilocybin condition (n = 30), who received two oral doses of 25 mg psilocybin, 3-weeks apart, with psychological preparation, in-session support, and integration therapy. A new psychedelic therapy model, called “Accept-Connect-Embody” (ACE), was developed in this trial. The primary outcome was depression severity 6 weeks post treatment (Quick Inventory of Depressive Symptomatology, QIDS-SR-16). Path analyses tested the hypothesis that therapeutic alliance (Scale To Assess the Therapeutic Relationship Patient Version, STAR-P) would predict depression outcomes via its influence on the acute psychedelic experience, specifically emotional-breakthrough (EBI) and mystical-type experiences (MEQ). The same analysis was performed on the escitalopram arm to test specificity. Results: The strength of therapeutic alliance predicted pre-session rapport, greater emotional-breakthrough and mystical-type experience (maximum EBI and MEQ scores across the two psilocybin sessions) and final QIDS scores (&bgr; = −0.22, R2 = 0.42 for EBIMax; &bgr; = −0.19, R2 = 0.32 for MEQMax). Exploratory path models revealed that final depression outcomes were more strongly affected by emotional breakthrough during the first, and mystical experience during the second session. Emotional breakthrough, but not mystical experience, during the first session had a positive effect on therapeutic alliance ahead of the second session (&bgr; = 0.79, p < 0.0001). Therapeutic alliance ahead of the second session had a direct impact on final depression scores, not mediated by the acute experience, with a weaker alliance ahead of the second psilocybin session predicting higher absolute depression scores at endpoint (&bgr; = −0.49, p < 0.001) Discussion: Future research could consider therapist training and characteristics; specific participant factors, e.g., attachment style or interpersonal trauma, which may underlie the quality of the therapeutic relationship, the psychedelic experience and clinical outcomes; and consider how therapeutic approaches might adapt in cases of weaker therapeutic alliance. Clinical Trial Registration: This trial is registered at http://clinicaltrials.gov, identifier (NCT03429075)."
"OVID","A proof-of concept randomized controlled trial to show that the antidepressant effect of psilocybin does not require a psychedelic experience: study protocol",2023,"10.1192/j.eurpsy.2023.1175",NA,"sin_crudo_emparejado",NA,NA,"Introduction: During the last decade there has been a resurgence of interest on the use of psychedelics as novel treatments for mental disorders, including treatment-resistant depression (TRD). Psilocybin, the chemical component of magic mushrooms , has been administered with psychotherapy in randomized clinical trials (RCTs) showing large and sustained antidepressant effects. As the use of psilocybin expands, it is becoming more important to understand whether psilocybin's psychedelic effects are required for psilocybin's antidepressant effects. Psilocybin's psychedelic effects are known to be dependent on serotonin 2A receptor (5-HT2AR) activation. Given the safety concerns associated with psilocybin's psychedelic effects, all studies have used it in conjunction with at least 12 hours of intensive psychotherapy. This makes psilocybin-assisted psychotherapy (PAP) highly resource intensive and impedes scalability given limited resources and access to trained therapists in most jurisdictions. Studies in healthy volunteers have shown that psilocybin's psychedelic effects are blocked by 5-HT2AR antagonists like risperidone and ketanserin. In a preclinical study using a mouse model of depression, administration of ketanserin followed by psilocybin had the same antidepressant effect as psilocybin alone. We propose to conduct the first study to test in humans whether the antidepressant effects of psilocybin are attenuated by 5-HT2AR blockade from risperidone. Objectives: Aim 1: To evaluate the feasibility and tolerability of administering psilocybin with risperidone in adults with TRD by evaluating recruitment, retention, tolerability, and safety. Aim 2: To evaluate psychedelic effects (measured with the 5-Dimensional Altered States of Consciousness Rating Scale) in the three groups. Aim 3: To evaluate antidepressant effects (measured with the Montgomery Asberg Depression Rating Scale; MADRS) in the three groups. . Methods: A three-arm, 4-week, double blind, proof-of-concept RCT for patients with a DSM-5 major depressive episode that has failed to respond to at least two adequate trials of antidepressants. Participants will be randomized to: 1) psilocybin 25 mg plus risperidone 1 mg; 2) psilocybin 25 mg plus placebo; 3) placebo plus risperidone 1 mg. All participants will receive 12 hours of manualized psychotherapy. Results: Ethics approval for the proposed study has been obtained. We will present preliminary feasibility data at the meeting in March. Conclusions: If the study demonstrates that psilocybin's psychedelic effects are not necessary for psilocybin's antidepressant effects, the combination of psilocybin and a 5-HT2AR antagonist, such as risperidone, could increase acceptability and access to the use of psilocybin to treat MDD and related conditions."
"OVID","Improvement in Depression Symptoms Measured by Montgomery-Åsberg Depression Rating Scale and Quick Inventory of Depressive Symptomatology-Self Rated Items after Randomised Double-blind COMP360 Psilocybin Therapy for Treatment-resistant Depression",2023,"10.1192/j.eurpsy.2023.273",NA,"sin_crudo_emparejado",NA,NA,"Introduction: COMP360 is a synthetic, proprietary, purified form of psilocybin in development for treatment-resistant depression (TRD) with FDA Breakthrough Therapy designation. In a recent phase IIb study, COMP360 psilocybin 25mg was superior to 1mg on change from baseline (CFB) to Week 3 on the MontgomeryÅsberg Depression Rating Scale (MADRS) total score (primary efficacy endpoint), when administered alongside psychological support. Quick Inventory of Depressive Symptomatology-Self Rated (QIDS-SR16) total score (exploratory efficacy endpoint) showed similar results. Objectives: To analyse changes in specific depression symptoms after psilocybin treatment in the aforementioned study, as measured by individual item scores on the MADRS and QIDS-SR16 (range 0-6 and 0-3). Methods: Participants with TRD were randomised to single doses of psilocybin 25mg (n=79), 10mg (n=75), or 1mg (n=79). A remote, blinded rater assessed the MADRS at Baseline, Day 2 (the day post-psilocybin), and Weeks 1, 3, 6, 9, and 12. The QIDS-SR16 was self-rated at Baseline, Day 1, Day 2, and Weeks 1, 2, 3, 6, 9, and 12. At each time point, descriptive statistics were calculated for each MADRS and QIDS-SR16 individual item score. Results: At Week 3, MADRS items with the largest differences in mean CFB in the 25mg arm were Inability to Feel, Apparent Sadness, Lassitude, and Reported Sadness. Greater improvement in the 25mg arm was apparent from Day 2 and remained to Week 12 (Lassitude remained to Week 6 only). On the QIDS-SR16, the item with the largest difference in mean CFB at Week 3 in the 25mg arm was in Feeling Sad and remained evident to Week 12 (Table 1). Conclusions: A single administration of COMP360 psilocybin therapy rapidly and dose-relatedly improved symptoms of depressed mood and anhedonia - the two key symptoms of depression. As anhedonia is predictive of poorer treatment response, and improvements in anhedonia correlate with improvements in functioning, it is important to understand the impact of treatments on this symptom."
"OVID","Psilocybin Assisted Therapy for Treatment-Resistant Depression: a Phase II, Randomized, Feasibility Study",2022,"10.1038/s41386-022-01484-1",NA,"sin_crudo_emparejado",NA,NA,"Background: Emerging preliminary evidence suggests that psilocybin-assisted therapy may be associated with rapid, robust and potentially enduring antidepressant effects in individuals with major depressive disorder (MDD). Given several challenging regulatory and logistical barriers, there have been no investigator-initiated psilocybin trials in Canada for several decades. Our study aimed to assess the feasibility, safety, and efficacy of single and repeat doses of psilocybin (25 mg) in persons with treatment-resistant depression (including both MDD and bipolar II disorder). The primary objective was to evaluate the feasibility of repeated high-doses of psilocybin in adults with treatment-resistant depression. The secondary objectives were to assess the antidepressant efficacy and tolerability of psilocybin-assisted therapy in a real-world, complex patient population with minimal exclusion criteria and no upper limit for degree of treatment resistance. Exploratory objectives of this pilot trial were to determine the effects of psilocybin on quality of life, wellbeing, functioning, disability, cognitive function, anxiety, anhedonia and mystical experiences. Methods: In this phase 2 randomized, wait-list controlled clinical trial, participants were randomized to immediate (n = 15) or delayed treatment (n = 15). Participants in the delayed treatment group (waitlist control condition) waited two weeks after enrolment before commencing the study interventions. The study intervention combines up to three high dose of oral synthetic psilocybin (25 mg; supplied by Usona) with psychotherapy over a 6-month period. With considerations for costeffectiveness and scalability in mind, an ultra-brief four-session therapy model was evaluated (i.e., four sessions total for each psilocybin dose, including preparation, dosing and integration sessions). Within the four-session model, psychotherapy consists of one 2 hour preparatory session (one week before dosing session), one 6-8 hour supportive psilocybin dosing session and two integration therapy sessions (2 hours each session; one day after and one week after the dosing session). Participants received a single 25 mg dose of psilocybin with accompanying psychotherapy and were assessed weekly for six weeks and then biweekly for 18 weeks. Participants who responded and then relapsed could receive up to two repeated doses (e.g., maximum of three doses total, including first dose) of psilocybin over the course of the 6-month trial. Eligibility Criteria: Male and female outpatients, between the ages of 18 and 70, who met DSM-5-defined criteria for a current major depressive episode as part of major depressive or bipolar II disorder. Participants were required to have previously failed two or more first-line treatments with no upper limit to failed treatment trials. Personal and family history of psychosis, active suicidality requiring admission and moderate/severe substance use disorders were key exclusion criteria. Personality disorders, passive suicidality and history of hypomania were NOT exclusion criteria. Primary Outcome: The primary outcome of the study was feasibility. Feasibility was judged based on meeting regulatory requirements, recruitment, retention, safety, tolerability and preliminary efficacy. This trial received Health Canada and research ethics board approval and was registered with ClinicalTrials.gov: NCT05029466. Results: At the time of abstract submission, 22/30 participants (100% MDD to date) were enrolled and randomized with the trial to be completed by December 2022 (final trial results to be presented at ACNP). To date, feasibility results have been positive with all federal and local regulatory requirements met, rapid recruitment (159 patients referred for screening in first 6 weeks) and adequate retention (21/22 retained to primary endpoint). The safety and tolerability profile was positive, with zero serious adverse events (SAEs), zero suicide attempts, one dropout due to acute psychedelic effects, no psychedelic effects persisting past 12 hours and no emergency medications required during dosing sessions. 19/22 requested to receive a second dose believing benefits outweighed side effects. Preliminary efficacy testing was positive with statistically and clinically significant antidepressant effects observed with psilocybin treatment, as measured by the Montgomery-Åsberg Depression Rating Scale (MADRS) (p < 0.01 at all time points compared to baseline and wait list control). Significant reductions of suicidal thoughts and anxiety were also observed with subjective improvements in overall function, quality of life and wellbeing. Mean MADRS scores reduced by 8.9 points (SD = 7) 2-weeks after the first psilocybin dose (primary endpoint), as compared to 3.7 (5.1) in the waitlist control group, with a significant between group difference (p < 0.01). Greater reductions were observed 2-weeks after the second dosing session with an overall mean MADRS reduction of 17.5 (7.9), significantly greater than the MADRS reduction with the first dose (p < 0.01). Analysis of third dose effects are still pending. Conclusions: Interim results supported feasibility with adequate recruitment, retention and safety. Preliminary efficacy results suggest that the ultra-brief psilocybin-assisted therapy intervention was beneficial in an ultra-refractory patient population. Two-doses were associated with greater reduction in depressive symptoms than a single dosing session."
"OVID","Psilocybin microdosing does not affect emotion-related symptoms and processing: a preregistered field and lab-based study",2022,"10.1177/02698811211050556",NA,"sin_crudo_emparejado",NA,NA,"BACKGROUND: Microdoses of psychedelics (i.e. a sub-hallucinogenic dose taken every third day) can reduce symptoms of depression, anxiety and stress according to anecdotal reports and observational studies. Research with medium to high doses of psilocybin points towards potential underlying mechanisms, including the modulation of emotion and interoceptive processing., AIMS: In this preregistered study, we investigated whether psilocybin microdoses alter self-reported interoceptive awareness and whether repeated microdosing over 3 weeks modulates emotion processing and reduces symptoms of anxiety and depression., METHODS: We used a double-blind, placebo-controlled, within-subject crossover design. Participants completed the Multidimensional Assessment of Interoceptive Awareness Questionnaire 1½ h after self-administering their second dose (or placebo), and the emotional go/no-go task and the shortened Depression Anxiety Stress Scale 1½ h after self-administering their seventh dose., RESULTS: Our confirmatory analyses revealed that psilocybin microdosing did not affect emotion processing or symptoms of anxiety and depression compared with placebo. Our exploratory analyses revealed that psilocybin microdosing did not affect self-reported interoceptive awareness, that symptoms of depression and stress were significantly reduced in the first block compared with baseline, that participants broke blind in the second block and that there was no effect of expectations. Further research in a substance-naïve population with clinical range anxiety and depressive symptoms is needed to substantiate the potential beneficial effects of microdosing."
"OVID","The effects of psilocybin on cognitive and emotional functions in healthy participants: results from a phase 1, randomised, placebo-controlled trial involving simultaneous psilocybin administration and preparation",2022,"10.1177/02698811211064720",NA,"sin_crudo_emparejado",NA,NA,"BACKGROUND: Psilocybin, a psychoactive serotonin receptor partial agonist, has been reported to acutely reduce clinical symptoms of depressive disorders. Psilocybin's effects on cognitive function have not been widely or systematically studied., AIM: The aim of this study was to explore the safety of simultaneous administration of psilocybin to healthy participants in the largest randomised controlled trial of psilocybin to date. Primary and secondary endpoints assessed the short- and longer-term change in cognitive functioning, as assessed by a Cambridge Neuropsychological Test Automated Battery (CANTAB) Panel, and emotional processing scales. Safety was assessed via endpoints which included cognitive function, assessed by CANTAB global composite score, and treatment-emergent adverse event (TEAE) monitoring., METHODS: In this phase 1, randomised, double-blind, placebo-controlled study, healthy participants (n = 89; mean age 36.1 years; 41 females, 48 males) were randomised to receive a single oral dose of 10 or 25 mg psilocybin, or placebo, administered simultaneously to up to six participants, with one-to-one psychological support - each participant having an assigned, dedicated therapist available throughout the session., RESULTS: In total, 511 TEAEs were reported, with a median duration of 1.0 day; 67% of all TEAEs started and resolved on the day of administration. There were no serious TEAEs, and none led to study withdrawal. There were no clinically relevant between-group differences in CANTAB global composite score, CANTAB cognitive domain scores, or emotional processing scale scores., CONCLUSIONS: These results indicate that 10 mg and 25 mg doses of psilocybin were generally well tolerated when given to up to six participants simultaneously and did not have any detrimental short- or long-term effects on cognitive functioning or emotional processing., CLINICAL TRIAL REGISTRATION: EudraCT (https://www.clinicaltrialsregister.eu/) number: 2018-000978-30."
"OVID","Acute Effects of Psilocybin After Escitalopram or Placebo Pretreatment in a Randomized, Double-Blind, Placebo-Controlled, Crossover Study in Healthy Subjects",2022,"10.1002/cpt.2487",NA,"sin_crudo_emparejado",NA,NA,"The psychedelic psilocybin is being investigated for the treatment of depression and anxiety. Unclear is whether antidepressant treatments interact with psilocybin. The present study used a double-blind, placebo-controlled, crossover design with two experimental test sessions to investigate the response to psilocybin (25 mg) in healthy subjects after pretreatment with escitalopram or placebo. The treatment order was random and counterbalanced. Pretreatment consisted of 10 mg escitalopram daily for 7 days, followed by 20 mg daily for 7 days, including the day of psilocybin administration, or 14 days of placebo pretreatment before psilocybin administration. Psilocybin treatments were separated by at least 16 days. The outcome measures included self-rating scales that evaluated subjective effects, autonomic effects, adverse effects, plasma brain-derived neurotrophic factor (BDNF) levels, electrocardiogram QTc time, whole-blood HTR2A and SCL6A4 gene expression, and pharmacokinetics. Escitalopram pretreatment had no relevant effect on positive mood effects of psilocybin but significantly reduced bad drug effects, anxiety, adverse cardiovascular effects, and other adverse effects of psilocybin compared with placebo pretreatment. Escitalopram did not alter the pharmacokinetics of psilocin. The half-life of psychoactive free (unconjugated) psilocin was 1.8 hours (range 1.1-2.2 hours), consistent with the short duration of action of psilocybin. Escitalopram did not alter HTR2A or SCL6A4 gene expression before psilocybin administration, QTc intervals, or circulating BDNF levels before or after psilocybin administration. Further studies are needed with a longer antidepressant pretreatment time and patients with psychiatric disorders to further define interactions between antidepressants and psilocybin."
"OVID","19.3 Psilocybin-Assisted Therapy for MDD: current Evidence and Clinical Considerations",2022,"10.1016/j.jaac.2022.07.664",NA,"sin_crudo_emparejado",NA,NA,"Objectives: Psilocybin-assisted therapy is currently being investigated for its therapeutic potential in the treatment of MDD in adults. This talk will review the typical therapeutic approach, along with some of the major findings in this area to date, with a focus on the results from a prospective long-term follow-up study of patients with moderate to severe depression who received 2 doses of psilocybin in a supported setting. Methods: This randomized, waiting-list controlled study enrolled 27 patients aged 21 to 75 years with moderate to severe unipolar depression (GRID-HAMD ≥17). Participants were randomized to an immediate or delayed (8 weeks) treatment condition in which they received 2 doses of psilocybin with supportive psychotherapy. Twenty-four participants completed both psilocybin sessions and were followed through 12 months following their second dose. Results: All 24 participants attended all follow-up visits through the 12-month timepoint. Large decreases from baseline in GRID Hamilton Rating Scale for Depression (GRID-HAMD) scores were observed at 1-, 3-, 6-, and 12-month follow-up (Cohen d = 2.3, 2.0, 2.6, and 2.4, respectively). Treatment response (≥50% reduction in GRID-HAMD score from baseline) and remission were 75% and 58%, respectively, at 12 months. There were no serious adverse events judged to be related to psilocybin in the long-term follow-up period, and no participants reported psilocybin use outside of the context of the study. Participant ratings of personal meaning, spiritual experience, and mystical experience after the sessions predicted increased well-being at 12 months but did not predict improvement in depression. One-third of the participants began treatment with an antidepressant medication during the follow-up period. Conclusions: These findings demonstrate that the substantial antidepressant effects of psilocybin-assisted therapy may be durable at least through 12 months following acute intervention in some patients. Contextual factors and psychotherapy likely play a substantial role in the safety and efficacy of the treatment and will require careful consideration if this intervention is studied in younger patient populations. DDD, PTA, PSP"
"OVID","Psychological support for psilocybin treatment: Reply to letters on our commentary.",2024,"10.1176/appi.ajp.20230905",NA,"sin_crudo_emparejado",NA,NA,"Reply by the current authors the comments made by Kelley C. O'Donnell et al.(see record 2025-59881-008), Michael P. Bogenschutz (see record 2025-59881-009),Eduardo Ekman Schenberg(see record 2025-59881-010), Michael D. Alpert et al.(see record 2025-59881-011), Garrett Marie Deckel et al.(see record 2025-59881-012),Mitch Earleywine et al. (see record 2025-59881-013) on the original article (see record 2025-59881-001). O'Donnell et al. simply contradict our assertion that psilocybin-assisted therapy ""has not been shown to be a psychotherapy as normally understood."" The further dismissive comments about the COMP001 study are not very relevant to the argument, but they are misleading. First, this trial was conducted in a difficult-to- treat population, so it is unsurprising that it reported smaller effects than those in highly selected major depression samples. We agree that establishing how much psychological support or psychotherapy to layer in or layer out should be decided by future clinical trials and that patient safety should be the primary concern. In conclusion, we do not pretend to have all the answers. Indeed, we still believe we need to go on defining the questions. However, premature closure cannot be a good thing, so we have not settled here for bland accommodation. (PsycInfo Database Record (c) 2026 APA, all rights reserved)"
"OVID","Correction: The serotonin 1B receptor is required for some of the behavioral effects of psilocybin in mice.",2026,"10.1038/s41380-026-03488-5",NA,"sin_crudo_emparejado",NA,NA,"Reports an error in ""The serotonin 1B receptor is required for some of the behavioral effects of psilocybin in mice"" by Sixtine Fleury and Katherine M. Nautiyal (Molecular Psychiatry, 2026[May], Vol 31[5], 2685-2697; see record 2027-08764-001). In the article above the final sentence of the Abstract should have read ""Overall, our research implicates the 5-HT1BR, a nonhallucinogenic serotonin receptor, as a potential mediator of the behavioral and neural effects of psilocybin in mice."" The final sentence of the Introduction should have read ""Our findings suggest that the 5-HT1BR influences brain-wide neural changes following psilocybin administration and may contribute to its enduring antidepressant-like effects in mice."" The first sentence of the second paragraph of the Discussion should have read ""Though we find that 5-HT1BR contributes to the persisting effects of psilocybin, our data do not address its sufficiency. The original article has been corrected. (The following abstract of the original article appeared in record 2027-08764-001). Recent studies highlight the promising use of psychedelic therapies for psychiatric disorders, including depression. The persisting clinical effects of psychedelics such as psilocybin are commonly attributed to activation of the serotonin 2A receptor (5-HT2AR) based on its role in the acute hallucinatory effects. However, the active metabolite of psilocybin binds to many serotonin receptor subtypes, including the serotonin 1B receptor (5-HT1BR). Given the known role of 5-HT1BR in mediating depressive phenotypes and promoting neural plasticity, we hypothesized that it mediates the effects of psilocybin on neural activity and behavior. We first examined the acute neural response to psilocybin in mice lacking 5-HT1BR. We found that 5-HT1BR expression influenced brain-wide activity following psilocybin administration, measured by differences in the patterns of the immediate early gene c-Fos, across regions involved in emotional processing and cognitive function, including the amygdala and other subcortical limbic structures. Functionally, we demonstrated that 5-HT1BR mediates some of the acute and persisting behavioral effects of psilocybin. Although there was no effect of 5-HT1BR expression on the acute head twitch response, mice lacking 5-HT1BRs had attenuated hypolocomotion to psilocybin. We also measured the persisting effects of psilocybin on anhedonia and anxiety-like behavior using transgenic and pharmacological 5-HT1BR loss-of-function models. Although there were effects of sex and stress paradigms, we found that 5-HT1B is involved in mediating some of the longer-lasting behavioral responses to psilocybin. Finally, using a network analysis, we identified neural circuits through which 5-H1BR may modulate the response to psilocybin. Our findings suggest that the 5-HT1BR influences brain-wide neural changes following psilocybin administration and may contribute to its enduring antidepressant-like effects in mice. (PsycInfo Database Record (c) 2026 APA, all rights reserved)"
"OVID","Novel approaches in depression treatment: From rapid-acting antidepressants to personalized interventions.",2026,"10.1038/s41380-026-03722-0",NA,"sin_crudo_emparejado",NA,NA,"Major depressive disorder (MDD) and treatment-resistant depression (TRD) are prevalent and debilitating conditions. Over 50% of patients have inadequate response to first-line serotonergic antidepressants and are left with suboptimal treatment options. Rapid-acting and individually tailored treatments for MDD remain major unmet needs. This review discusses promising rapid-acting treatments, including psychedelic and neuroplastogen compounds, currently under investigation for the treatment of MDD and TRD. Among these, psilocybin has advanced to late-stage trials. In addition, we examine the emerging role of repetitive transcranial magnetic stimulation (rTMS), including novel personalized interventions, such as the Stanford Accelerated Intelligent Neuromodulation Therapy (SAINT) protocol, which has demonstrated rapid antidepressant effects and is now FDA-cleared for TRD, positioning it closest to clinical translation. We also highlight the ongoing ALTO-300 trial, which is evaluating an adjunctive treatment for MDD in patients identified by an EEG biomarker-representing another promising step toward personalized treatment. Finally, we review the results of a Phase 2 study reporting outcomes that vary by a specific genotype sequence, underscoring the potential for genetically guided personalized interventions. Despite these advances, key limitations, including unblinding in psychedelic trials, scalability challenges of intensive neuromodulation protocols, and the need for validated biomarkers, pose ongoing challenges for real-world implementation. (PsycInfo Database Record (c) 2026 APA, all rights reserved)"
"OVID","Unlocking the healing power of psilocybin: An overview of the role of psilocybin therapy in major depressive disorder, obsessive-compulsive disorder and substance use disorder.",2024,"10.3389/fpsyt.2024.1406888",NA,"sin_crudo_emparejado",NA,NA,"Resistance to traditional treatment methods is still a major obstacle in modern psychiatry. As a result, several studies are currently being conducted to find effective alternatives to traditional therapies. One of these alternatives is psilocybin, a psychedelic substance that has been tested in clinical trials as an adjunct to psychotherapy. These studies focus on patients with major depressive disorder (MDD), obsessive-compulsive disorder (OCD) and substance use disorder (SUD), particularly alcohol and nicotine dependence. This article looks at the current understanding of psilocybin, including data from clinical trials conducted, psilocybin's mechanism of action, its safety and the level of risk associated with it. (PsycInfo Database Record (c) 2026 APA, all rights reserved)"
"OVID","Efficacy and acceptability of psilocybin for primary or secondary depression: A systematic review and meta-analysis of randomized controlled trials.",2024,"10.3389/fpsyt.2024.1359088",NA,"sin_crudo_emparejado",NA,NA,"Introduction: Psilocybin is a classic psychedelics, which has been shown to have antidepressant effects by many studies in recent years. In this study, we aim to evaluate the efficacy, acceptability and tolerability of psilocybin in the treatment of primary (major depressive disorder) or secondary (experiencing distress related to life-threatening diagnoses and terminal illness) depression. Methods: We searched PubMed, EMBASE, Web of Science, Cochrane Library and ClinicalTrials.gov for clinical trials of psilocybin for depression (updated to 4 October, 2023). Effect size Hedges' g was used as an indicator of efficacy, and other outcomes included response rate, drop-out rate, and adverse events. Results: A total of 10 studies were finally included in systematic review. 8 studies were included in the meta-analysis, involving a total of 524 adult patients, and produced a large effect size in favor of psilocybin (Hedge's g =-0.89, 95% CI -1.25~-0.53, I2 = 70.19%, P<0.01). The therapeutic effects of psilocybin increase with increasing doses. Adverse events caused by psilocybin are generally transient and reversible, but serious adverse events also may occur. Discussion: Our study shows that psilocybin has both short-term and long-term antidepressant effects and holds promise as a potential complementary or alternative therapy for depression, probably. Further research may reveal more about its therapeutic potential. (PsycInfo Database Record (c) 2026 APA, all rights reserved)"
"OVID","Set and setting in psilocybin-assisted therapy: A qualitative study of patients with cancer and depression.",2025,"10.1016/j.genhosppsych.2025.10.010",NA,"sin_crudo_emparejado",NA,NA,"Background: Psilocybin-assisted therapy (PAT) shows promise for cancer-related depression, yet little research has examined how therapeutic context shapes patient experiences. While set (mindset) and setting (environment) are considered central to psychedelic treatment, empirical evidence on their role in PAT acceptability remains limited. This study explores factors influencing the acceptability of PAT from the perspective of patients with cancer and depression. Methods: We conducted semi-structured interviews with participants in a clinical trial of psilocybin-assisted therapy. Using template analysis, we examined themes related to the acceptability of the experience and the surrounding therapeutic environment. Results: Participants (n = 28) described the psilocybin experience as intense and demanding, with therapeutic benefits closely tied to their ability to ""surrender""-a term used to describe accepting and remaining open to the experience's intensity and unpredictability. A safe, supportive, and ethical environment was critical in fostering trust and engagement. Preparation and integration were key to maximizing benefit. Music played a significant but variable role, sometimes enhancing and other times distracting. While the clinical setting provided safety, ceremonial elements added meaning for many. Conclusions: Findings highlight how therapeutic structure, preparation, and setting shape PAT acceptability, supporting the need for patient-centered approaches to optimize care and outcomes. (PsycInfo Database Record (c) 2026 APA, all rights reserved)"
"OVID","Psilocybin in late-life mental health: Addressing depression, loneliness, and existential anxiety.",2026,"10.1016/j.genhosppsych.2025.12.005",NA,"sin_crudo_emparejado",NA,NA,"The global demographic shift toward aging populations has intensified the need for innovative therapeutic interventions targeting late-life mental health conditions, notably depression, loneliness, and existential distress. Traditional pharmacological treatments often exhibit limited efficacy and poor tolerability in older patients, primarily due to age-related physiological changes and the challenges associated with polypharmacy. Recently, psychedelic-assisted therapy, particularly psilocybin, has gained attention for its potential antidepressant and psychological benefits. This comprehensive review critically evaluates the current evidence supporting psilocybin's effectiveness in older populations and elucidates its neurobiological mechanisms, including serotonergic modulation, enhanced neuroplasticity, and the disruption of maladaptive default mode network activity. Clinical trials in general adult samples demonstrate sustained improvements in depressive symptoms, existential anxiety, and social connectedness following psilocybin administration, suggesting its distinct therapeutic potential beyond conventional treatments. However, geriatric populations are underrepresented in psychedelic research, creating significant knowledge gaps regarding dosing, safety profiles, and long-term outcomes. Pharmacokinetic complexities, cardiovascular risks, and drug interactions necessitate age-specific therapeutic protocols. Ethical considerations, including the complexities of informed consent in cases of cognitive impairment, further underscore the importance of tailored approaches. Future directions must prioritize dedicated geriatric studies that incorporate rigorous safety assessments and integrate findings into existing geriatric care frameworks to fully assess the potential of psilocybin for enhancing late-life mental health and quality of life. (PsycInfo Database Record (c) 2026 APA, all rights reserved)"
"OVID","Corrigendum to ""The role of the psychedelic experience in psilocybin treatment for treatment-resistant depression"" [Journal of Affective Disorders, Volume 372 (2025), Pages 523-532].",2026,"10.1016/j.jad.2025.120352",NA,"sin_crudo_emparejado",NA,NA,"Reports an error in ""The role of the psychedelic experience in psilocybin treatment for treatment-resistant depression"" by Guy M. Goodwin, Scott T. Aaronson, Oscar Alvarez, Robin Carhart-Harris, Jamie Chai-Rees, Megan Croal, Charles DeBattista, Boadie W. Dunlop, David Feifel, David J. Hellerstein, Muhammad I. Husain, John R. Kelly, Namik Kirlic, Rasmus W. Licht, Lindsey Marwood, Thomas D. Meyer, Sunil Mistry, Ania Nowakowska, Tomas Palenicek, Dimitris Repantis, Robert A. Schoevers, Hollie Simmons, Metten Somers, Emma Teoh, Joyce Tsai, Mourad Wahba, Sam Williams, Allan H. Young, Matthew B. Young, Sidney Zisook and Ekaterina Malievskaia (Journal of Affective Disorders, 2025[Mar][1], Vol 372, 523-532; see record 2025-69564-063). The authors wish to express regret regarding an error in the publication of the original article. Fig. 2 of the published manuscript included scatter and density plots showing the relationship between Week 3 change from baseline in Montgomery-Asberg Depression Rating Scale (MADRS) score and the Five-Dimensional Altered States of Consciousness (5D-ASC) Oceanic Boundlessness dimension and Emotional Breakthrough Inventory (EBI) only, but omitted the Anxious Ego Dissolution 5D-ASC dimension, which was also referred to in the manuscript text. A corrected Fig. 2 is included in this corrigendum, which illustrates all three measures. (The following abstract of the original article appeared in record 2025-69564-063). Objective: To determine the relationships between psilocybin dose, psychedelic experiences, and therapeutic outcome in treatment-resistant depression. Methods: For treatment-resistant depression, 233 participants received a single dose of 25, 10, or 1 mg of COMP360 psilocybin (a proprietary, pharmaceutical-grade synthesized psilocybin formulation, developed by the sponsor, Compass Pathfinder Ltd.) with psychological support. The resulting psychedelic experience (Five-Dimensional Altered States of Consciousness questionnaire [5D-ASC] and Emotional Breakthrough Inventory [EBI]) were measured. These proximal variables and outcome 3 weeks post-administration (change in Montgomery-Asberg Depression Rating Scale [MADRS]) were explored using correlation analysis. Results: The mean intensity of psychedelic effects was dose-related, but distributions of scores for different doses overlapped considerably. Depression response correlated with select aspects of the psychedelic experience overall and for individual doses. At the 25 mg dose, 5D-ASC dimensions Oceanic Boundlessness (Pearson correlation coefficient r = -0.508) and Visual Restructuralization (r = -0.516), and EBI (r = -0.637) were the variables with the strongest correlation to the Week 3 change from Baseline in MADRS score. Limitations: The existence of correlation does not establish causation and exploratory findings require further replication, preferably in larger independent samples. Conclusions: The intensity of psychedelic experience overlaps widely across doses and mitigates the risk of unblinding to dose. Correlations between psychedelic experience and outcome suggest specificity in psilocybin's mechanism of action. Quality and intensity of psychedelic experience may be a measure of pharmacodynamic effect and reveal an effective dose response phenomenon for single oral doses. (PsycInfo Database Record (c) 2026 APA, all rights reserved)"
"OVID","Psychedelics in nhs services: Exploring a model for real-world implementation of psilocybin.",2026,"10.1192/bjp.2026.10612",NA,"sin_crudo_emparejado",NA,NA,"Summary Psychedelics are increasingly described as a new therapeutic approach in a variety of mental disorders including depression. Oral psychedelics such as psilocybin have an acute effect evolving over 6-8 h and are generally given in combination with psychological support. There is debate on the exact role of this support and how and by whom it should be delivered. This has significant implications for real-world implementation in health services post-licensing. In this feature, we discuss these issues and outline a model for psychological support delivery in publicly funded health services such as the National Health Service. We also suggest further research to explore the exact role of support in psilocybin treatment and identify the essential elements to direct service plans for clinical implementation. These steps are important: over recent decades, there have been few new treatments for depression, moreover, psychedelic drugs are appealing to patients, and accumulating data suggest that their efficacy may be long-lasting. However, realistic plans for implementation must be based on high-quality evidence and the needs of the whole patient population. This will ensure that these treatments, if licensed, are available not only for those able to pay but to all on an equitable basis. (PsycInfo Database Record (c) 2026 APA, all rights reserved)"
"OVID","Naturalistic psilocybin use is associated with persisting improvements in mental health and wellbeing: Results from a prospective, longitudinal survey.",2023,"10.3389/fpsyt.2023.1199642",NA,"sin_crudo_emparejado",NA,NA,"Introduction: The classic psychedelic psilocybin, found in some mushroom species, has received renewed interest in clinical research, showing potential mental health benefits in preliminary trials. Naturalistic use of psilocybin outside of research settings has increased in recent years, though data on the public health impact of such use remain limited. Methods: This prospective, longitudinal study comprised six sequential automated web-based surveys that collected data from adults planning to take psilocybin outside clinical research: at time of consent, 2 weeks before, the day before, 1-3 days after, 2-4 weeks after, and 2-3 months after psilocybin use. Results: A sample of 2,833 respondents completed all baseline assessments approximately 2 weeks before psilocybin use, 1,182 completed the 2-4 week post-use survey, and 657 completed the final follow-up survey 2-3 months after psilocybin use. Participants were primarily college-educated White men residing in the United States with a prior history of psychedelic use; mean age = 40 years. Participants primarily used dried psilocybin mushrooms (mean dose = 3.1 grams) for ""self-exploration"" purposes. Prospective longitudinal data collected before and after a planned psilocybin experience on average showed persisting reductions in anxiety, depression, and alcohol misuse, increased cognitive flexibility, emotion regulation, spiritual wellbeing, and extraversion, and reduced neuroticism and burnout after psilocybin use. However, a minority of participants (11% at 2-4 weeks and 7% at 2-3 months) reported persisting negative effects after psilocybin use (e.g., mood fluctuations, depressive symptoms). Discussion: Results from this study, the largest prospective survey of naturalistic psilocybin use to date, support the potential for psilocybin to produce lasting improvements in mental health symptoms and general wellbeing. (PsycInfo Database Record (c) 2026 APA, all rights reserved)"
"OVID","Concomitant use of antidepressants and classic psychedelics: A scoping review.",2025,"10.1177/02698811251368360",NA,"sin_crudo_emparejado",NA,NA,"Classic psychedelics are increasingly studied as potential treatments for different psychiatric disorders. Current research protocols often require patients to discontinue antidepressants (ADs) for at least 2 weeks before psychedelic administration to decrease the risk of serotonin syndrome and limit their effect on efficacy and the acute subjective effects of psychedelics. Moreover, the discontinuation of ADs represents a significant burden to patients that could also worsen their depression status and increase suicidal ideation. Together, this suggests that the general recommendation for AD discontinuation might be unnecessary and even detrimental to the therapeutic efficacy of psychedelics. In this scoping review, we summarise the existing literature on the concomitant use of conventional ADs with classic psychedelics in humans with the aims to assess safety, tolerability, efficacy, and subjective effects. Following PRISMA-ScR guidelines, we searched MEDLINE, Embase, and Scopus databases to retrieve relevant literature from inception to March 3, 2025. Data were systematically charted from included studies. We included 18 studies and found that the concomitant use of ADs and classic psychedelics is generally safe and tolerable, with no increased risk of serotonin syndrome, particularly for psilocybin. Some studies reported significant improvements in depression and other mental health symptoms. While some evidence indicates a potential attenuation of acute subjective psychedelic effects, this was not observed in all studies. Accordingly, we conclude that the use of ADs can be maintained to enhance patient access to psychedelic treatments and avoid the risk of AD discontinuation syndrome. Finally, this review highlights limitations and several knowledge gaps in the current literature that need to be addressed in future randomized double-blind, placebo-controlled trials. (PsycInfo Database Record (c) 2026 APA, all rights reserved)"
"OVID","Expert interview on psychedelic-assisted psychotherapy (PAP) for patients with treatment-resistant depression (TRD).",2025,"10.30820/1664-9583-2025-2-23",NA,"sin_crudo_emparejado",NA,NA,"A group of patients who respond poorly to psychotherapy and medication are patients diagnosed with treatment-resistant depression (TRD). A relatively new and successful psychotherapy approach, also being implemented at the Munsterlingen Psychiatric Clinic under the direction of Dr. Krahenmann (Medical Director of the Thurgau Psychiatric Services), is the specialized psychotherapy programme in an inpatient hospital setting; Cognitive Behavioral Analysis System of Psychotherapy (CBASP). It was developed specifically for this patient group and, in certain cases, is combined with psycholytic 10-35 mg oral doses of psilocybin to enhance its effectiveness. Parallel to this treatment plan, a naturalistic longitudinal study is being conducted applying various psychological assessment methods, to evaluate the effectiveness of this three-month programme. I had the opportunity of interviewing Dr. Krahenmann and Ms. Vandersmissen, a doctoral student in the field of psychedelic-assisted psychotherapy (PAP), to discuss this programme. (PsycInfo Database Record (c) 2026 APA, all rights reserved)"
"OVID","Current state of psilocybin-assisted therapy in mood disorders.",2024,"10.24869/psyd.2024.174",NA,"sin_crudo_emparejado",NA,NA,"Background: Psychedelics are currently undergoing a scientific renaissance, with modern studies investigating therapeutic efficacy of psychedelic-assisted therapy in a range of psychiatric conditions. In particular, psilocybin-assisted therapy (PAT) has been suggested to have positive effects on patients suffering from depression and psychiatric distress associated with life-threatening disease - contexts with growing needs for alternative treatments-in a therapeutic setting involving fewer doses and less important adverse effect compared to that of classic psychotrope administration. Psychedelics are partial agonists of the serotonin 2A (5-HT2A) G protein-coupled receptors, whose activation likely mediates the acute psychoactive effects. Furthermore, psychedelics seem to induce a hyper-plastic state which allows for adaptation of inflexible pathological thinking patterns. Post-acutely, they are suggested to induce rapid, robust and sustained neuroplasticity. Sources of data: Eight clinical PAT trials have been conducted between January 1st 2001 and March 31st 2023 and are reviewed here. Five of them evaluate the effect on depressive symptomatology in an otherwise general population. The other three evaluate effect on depression and anxiety in patients suffering from somatic life-threatening disease. Results: The studies reviewed here show that PAT is safe and feasible to administer in current clinical models. Preliminary efficacy shows significant improvements in depressive and anxious symptomatology which are immediate and partially sustained. One study comparing PAT to selective serotonergic reuptake inhibitors showed no significant difference of efficacy between the two treatments. Conclusions: Preliminary results regarding efficacy of PAT on mood disorders are promising, but further research is warranted for stronger inferences, with a particular focus on larger, multicentric studies, more diverse populations and a stronger control for expectancy and unblinding. (PsycInfo Database Record (c) 2026 APA, all rights reserved)"
"OVID","Compassionate use of psilocybin for treatment-resistant depression in Germany.",2026,"10.1016/s2215-0366%2825%2900277-9",NA,"sin_crudo_emparejado",NA,NA,"The German psilocybin compassionate use programme represents a regulatory milestone and a pragmatic step toward integrating psychedelicassisted therapy into mainstream psychiatric care. Alongside developments in Australia and elsewhere, the introduction of the programme invites the psychiatric community to consider how expanded access programmes can be leveraged not only to address urgent clinical needs but also to strengthen the scientific foundations for these emerging treatments. (PsycInfo Database Record (c) 2026 APA, all rights reserved)"
"OVID","Methodological moderators of psilocybin-assisted therapy in depression: A systematic review and meta-analysis.",2026,"10.1016/j.neubiorev.2026.106573",NA,"sin_crudo_emparejado",NA,NA,"Psilocybin-assisted therapy (PAT) is an emerging intervention for depression. Though several clinical trials report promising results for PAT in treating depression, there remains a need for consensus on optimal methodologies and standardization of PAT protocols. The objective of this review was to assess the efficacy of PAT in treating depressive symptoms and to systematically examine the influence of methodological moderators underlying antidepressant responses. We searched the electronic databases of PubMed, MEDLINE, PsychInfo and Embase for randomized-controlled trials (RCTs) using PAT as a treatment intervention for major depressive disorder. The primary outcomes were standardized mean difference (SMD) of change in depressive symptoms pre- versus post-treatment sessions, and the difference in antidepressant treatment effects among various PAT methodologies in a subgroup analysis. Seven RCTs involving 522 participants were analyzed. The overall random effects model found PAT to have a large and significant antidepressant effect. The subgroup analyses found larger effects, albeit non-significant differences in subgroup heterogeneity, associated with studies that administered psilocybin in bodyweight-adjusted doses and provided longer preparation, dosing, and integration sessions and provided non-manualized psychotherapy. This study presents the first systematic examination of PAT methodologies influencing antidepressant effects and provides preliminary insights for clinicians in designing future PAT protocols for depression. (PsycInfo Database Record (c) 2026 APA, all rights reserved)"
"OVID","Evaluation of the efficacy of psilocybin for the treatment of individuals with major depressive disorder: A systematic review.",2025,"10.30849/ripijp.v59%282025%29.e2194",NA,"sin_crudo_emparejado",NA,NA,"Major Depressive Disorder (MDD) has compromised neurobiological, cognitive and behavioral aspects. Around a third of people with MDD progress to Treatment Resistant Depression (TRD), characterized by a failure to respond to antidepressants of adequate dose and duration. Therefore, first-line treatments, such as Selective Serotonin Reuptake Inhibitors (SSRIs), show limitations such as resistance, risk of relapse and low adherence. New treatments such as Psilocybin-Assisted Psychotherapy (PAP) are being studied in order to achieve rapid and sustained effects. Given this panorama, the aim of this article was to gather evidence on the use of PAP for the treatment of individuals with MDD. To this end, a systematic review, registered in PROSPERO under the number CRD420251120011, was carried out in the MEDLINE, PubMed, Scopus, CENTRAL and EMBASE databases, which resulted in the inclusion of 10 Randomized Clinical Trials (RCTs) and a total of 848 participants. As a result, the clinical trials showed that treatment with psilocybin, from week 2 onwards, reduced scores on the depression scale and lead to improvements in depressive symptoms. In addition, remission of these symptoms was observed, as well as sustained responses in individuals who received treatment with psilocybin psilocybin compared to placebo. In conclusion, although PAP has been shown to be effective in treating MDD, the studies have significant methodological limitations, such as limited sample composition, lack of active comparators, and limited short-term follow-up. Therefore, further research is needed to strengthen methodological validity and generate more robust evidence. (PsycInfo Database Record (c) 2026 APA, all rights reserved)"
"OVID","The effects of psilocybin on psychological distress in cancer patients: A systematic review and meta-analysis.",2026,"10.1186/s40359-025-03935-y",NA,"sin_crudo_emparejado",NA,NA,"Introduction: Psilocybin may effectively treat psychological distress in cancer patients. A meta-analysis assessed its safety and effectiveness in this context. Methods: A comprehensive search across six databases (Scopus, PsycINFO, PubMed, Cochrane, CINAHL Complete, and Web of Science) was conducted to identify studies on psilocybin's effects on mental health in cancer patients up to November 2024. Both randomized and non-randomized trials were included, assessing anxiety, depression, and other mental outcomes at short-term (2-5 weeks) and long-term (6 months) follow-ups. Study quality was assessed using Cochrane tools, and statistical analyses were performed with Stata version 17. Results: In randomized controlled trials (RCTs), psilocybin significantly reduced depressive symptoms, with the Beck Depression Inventory (BDI) (standardized mean difference [SMD] = - 2.87, 95% confidence interval [CI]: - 3.99 to - 1.76, p < 0.001) and the Hospital Anxiety and Depression Scale-Depression subscale (HADS-D) (SMD = - 2.97, 95% CI: - 3.60 to - 2.33, p < 0.001) showing strong effects. Anxiety outcomes were mixed: the Hospital Anxiety and Depression Scale-Anxiety subscale (HADS-A) was not significant (SMD = - 3.63, p = 0.11), while the State-Trait Anxiety Inventory (STAI) also showed inconsistent results. Short-term analyses (2-5 weeks) revealed significant improvements in the BDI (SMD = - 1.17), HADS-D (SMD = - 1.58), and HADS-A (SMD = - 1.99), all p < 0.001. Long-term analyses (6 months) demonstrated sustained benefits on the BDI (SMD = - 2.60, p = 0.04) and HADS-D (SMD = - 3.56, p = 0.01). Measures of quality of life (QOL) and spiritual well-being using the Functional Assessment of Chronic Illness Therapy-Spiritual Well-Being (FACIT-Sp) scale also improved significantly after psilocybin treatment. Conclusion: Psilocybin may reduce depressive symptoms in cancer patients, with mixed effects on anxiety and time-dependent improvements in spiritual well-being and (in single-arm data) quality of life. Given the small number of studies, high heterogeneity, challenges with blinding/expectancy, and frequent co-intervention with psychotherapy, these findings are preliminary. Larger, rigorously blinded trials are needed to determine clinical effectiveness and safety. (PsycInfo Database Record (c) 2026 APA, all rights reserved)"
"OVID","Daily administration of psilocin mucate (l-130) produces a favorable safety profile and anxiolytic effects in rodents exposed to chronic unpredictable mild stress.",2026,"10.1080/02791072.2025.2607726",NA,"sin_crudo_emparejado",NA,NA,"Anxiety disorders are chronic health conditions affecting the quality of life of millions of people. Psilocin, the active moiety of psilocybin, provides an anxiolytic effect; however, when orally administered as psilocybin, it only offers a moderate level of bioavailability and less predictable pharmacokinetics, potentially making effects after absorption variable and increasing the risk of adverse hallucinations, depending on the dose. As such, we investigated a recently developed stable salt of psilocin, psilocin mucate (L-130), which delivers increased bioavailability and, thus, more precise control of therapeutic levels. We examined factors related to L-130's safety, as well as its effectiveness in addressing anxiety at a commonly used macro dose level, along with dosing schedules similar to those noted in the literature. Clinical assessments and blood analyses suggest psilocin mucate is safe and has no toxicological effects. Compared to vehicle controls, daily dosing of L-130 led to significant reductions in cortisol levels and improved performances on several anxiety-related behavioral tasks: the Elevated Plus Maze, the Open Field Test, and the Novel Object Recognition Task. However, weekly dosing did not generally produce significant results. Overall, daily dosing of L-130 was able to produce anxiolytic behaviors, but larger studies are needed to determine optimal doses and dosing schedules. (PsycInfo Database Record (c) 2026 APA, all rights reserved)"
"OVID","Meaning and purpose therapy modified for psilocybin (p-map): A treatment model for palliative care patients.",2026,"10.1007/s42843-025-00145-3",NA,"sin_crudo_emparejado",NA,NA,"Research has demonstrated that psychedelic-assisted therapy (PAT) can reduce anxiety, depression, and demoralization in patients with life-threatening illness. Although PAT routinely produces experiences that are spiritually or existentially meaningful, psychotherapeutic modalities that address spiritual, existential, religious, and theological (SERT) concerns remain underexplored in PAT. In this article, we introduce a novel, manualized approach to psychosocial support in PAT, Meaning and Purpose Therapy Modified for Psilocybin (P-MaP), which was adapted from the original Meaning and Purpose therapy for a multicenter clinical trial for demoralized adults near the end of life. Through the discussion of an amalgamated clinical vignette derived from experiences in this trial, we explore how principles of professional spiritual care can expand and advance psychosocial support in PAT for patients with serious and life-threatening medical illness. (PsycInfo Database Record (c) 2026 APA, all rights reserved)"
"OVID","Single-dose psilocybin rapidly and sustainably relieves allodynia and anxiodepressive-like behaviors in mouse models of chronic pain.",2025,"10.1038/s41593-025-02068-0",NA,"sin_crudo_emparejado",NA,NA,"Chronic pain and mood disorders co-occur, exacerbate one another and share neurobiological mechanisms, but whether a single intervention could promptly alleviate both conditions remains unclear. Here, in two chronic pain models, we show that a single dose of psilocybin induces a rapid and sustained reversal of both mechanical allodynia and anxiodepression-like states in adult male and female mice. Using local psilocin injections, the key active metabolite of psilocybin, we show that the engagement of prefrontal cortical circuits is critical for the concurrent alleviation of both conditions. Two-photon calcium imaging reveals that psilocin rapidly normalizes chronic pain-associated hyperactivity in anterior cingulate cortex layer 2/3 pyramidal neurons. Pharmacologic manipulations with full agonists of 5-HT2A and 5-HT1A receptors replicated some, but not all, of psilocin's cellular and behavioral effects, suggesting that psilocin's actions arise from partial agonism at these receptors within shared circuits governing pain and mood processing. (PsycInfo Database Record (c) 2026 APA, all rights reserved)"
"OVID","Reporting of side-effects in clinical trials of psilocybin-assisted psychotherapy for psychiatric conditions: Systematic review.",2025,"10.1192/bjo.2025.10847",NA,"sin_crudo_emparejado",NA,NA,"Background: Psilocybin-assisted psychotherapy (PAP) has gained attention as a promising intervention for conditions including depression, anxiety and post-traumatic stress disorder, but understanding of its side-effects is limited. This review evaluates the quality of side-effects reporting in PAP trials, to guide treatment, policy and research. Aims: To assess side-effects reporting quality in PAP trials for psychiatric conditions, comparing published articles and ClinicalTrials.gov records. Method: A PROSPERO-registered review (no. CRD42023458960) included English-language PAP trials (2005-2024) identified via Embase, CENTRAL, PubMed and reference searches. Reporting quality was assessed using the CONSORT Harms extension, categorised as either high (17-21), moderate (12-16), low (7-11) or very low (0-6). Randomised controlled trials underwent risk of bias analysis, and descriptive statistics compared side-effects across sources. Results: Twenty-four trials were included. Reporting quality was high in six studies, moderate in four, low in nine and very low in five. All randomised controlled trials (n = 9) showed high risk of bias for side-effects outcomes. Variability in reporting hindered comparisons between articles and ClinicalTrials.gov, underscoring the need for standardisation. Overall, there was no evidence of systematic underreporting of side-effects in published articles compared with trial registers. Conclusions: Side-effects reporting in PAP trials is inconsistent but is improving over time. Existing evidence has a high risk of bias. Future trials should align with best-practice guidelines for side-effects reporting. Discussions with patients should prioritise findings from high-quality studies and emphasise the current uncertainty regarding PAP side-effects. (PsycInfo Database Record (c) 2026 APA, all rights reserved)"
"OVID","Adverse event reporting and management in psilocybin therapy clinical trials: A systematic review to guide clinical and research protocol development.",2025,"10.1016/j.pnpbp.2025.111541",NA,"sin_crudo_emparejado",NA,NA,"Psilocybin, a psychedelic prodrug, has gained renewed interest for its potential to treat various psychiatric disorders, including depression, anxiety, and substance use disorders. While promising, concerns remain regarding its safety profile and the management of potential adverse events (AEs). This systematic review aimed to evaluate the incidence, nature, and severity of adverse events and serious adverse events (SAEs) associated with psilocybin use across diverse clinical populations. A comprehensive search was conducted across MEDLINE, Embase, and APA PsycInfo via the OVID platform, from database inception to June 5, 2024. A total of 42 clinical studies (N = 1068 participants) met inclusion criteria, all of which reported on AEs and/or SAEs following psilocybin administration. All studies were deemed to have a high risk of bias due to concerns regarding blinding. We synthesized information on common, uncommon, and SAEs, instances of suicidal ideation, methods of measuring AEs, and AEs requiring medical intervention. Reported AEs included headache, transient increases in blood pressure, and nausea, which typically resolved on their own. In rare instances, medical intervention was required. SAEs were reported infrequently in 2 of 42 studies and were limited to participants with underlying depressive disorders (e.g., suicidal behaviour, hospitalization). Overall, psilocybin appears to have a favourable safety profile when administered in controlled settings. Based on our findings, we provide an outline of commonly reported AEs, uncommon AEs, SAEs, and considerations for future clinical and research protocols. (PsycInfo Database Record (c) 2025 APA, all rights reserved)"
"OVID","Correction to: Unraveling psilocybin's therapeutic potential: Behavioral and neuroplasticity insights in Wistar-Kyoto and Wistar male rat models of treatment-resistant depression.",2025,"10.1007/s00213-024-06654-1",NA,"sin_crudo_emparejado",NA,NA,"Reports an error in ""Unraveling psilocybin's therapeutic potential: Behavioral and neuroplasticity insights in Wistar-Kyoto and Wistar male rat models of treatment-resistant depression"" by Kolasa Magdalena, Nikiforuk Agnieszka, Korlatowicz Agata, Solich Joanna, Potasiewicz Agnieszka, Marta Dziedzicka-Wasylewska, Bugno Ryszard, Hogendorf Adam, Bojarski Andrzej and Faron-Gorecka Agata (Psychopharmacology, Advanced Online Publication, Jul 4, 2024, np). In the published paper, the first names and surnames of most authors were reversed during the publication process. They should be corrected to the following format: Magdalena Kolasa, Agnieszka Nikiforuk, Agata Korlatowicz, Joanna Solich, Agnieszka Potasiewicz, Marta Dziedzicka-Wasylewska, Ryszard Bugno, Adam Hogendorf, Andrzej Bojarski & Agata Faron-Gorecka. (The following abstract of the original article appeared in record 2025-02491-001). Rationale: Our study aimed to unravel the unknown mechanisms behind the exceptional efficacy of Psilocybin (PSI) in treating treatment-resistant depression (TRD). Focusing on Wistar-Kyoto (WKY) rats with a TRD phenotype and Wistar (WIS) rats as a normative comparison, we investigated behavioral and neuroplasticity-related responses to PSI, striving to shed light on the distinctive features of its antidepressant effects. Objectives: We set out to assess the behavioral impact of acute and prolonged PSI administration on WKY and WIS rats, employing Novel Object Recognition (NORT), Social Interaction (SI), and Forced Swimming Test (FST). Our secondary objectives involved exploring strain-specific alterations in neuroplasticity-related parameters, including brain-derived neurotrophic factor (BDNF) and activity-regulated cytoskeleton-associated protein (Arc). Methods: Conducting post-acute and extended assessments after a single PSI administration, we applied behavioral tests and biochemical analyses to measure serum BDNF levels and neuroplasticity-related parameters in the prefrontal cortex. Statistical analyses were deployed to discern significant differences between the rat strains and assess the impact of PSI on behavioral and biochemical outcomes. Results: Our findings uncovered significant behavioral disparities between WKY and WIS rats, indicating passive behavior and social withdrawal in the former. PSI demonstrated pronounced pro-social and antidepressant effects in both strains, each with its distinctive temporal trajectory. Notably, we identified strain-specific variations in BDNF-related signaling and observed the modulation of Arc expression in WKY rats. Conclusions: Our study delineated mood-related behavioral nuances between WKY and WIS rat strains, underscoring the antidepressant and pro-social properties of PSI in both groups. The distinct temporal patterns of observed changes and the identified strain-specific neuroplasticity alterations provide valuable insights into the TRD phenotype and the mechanisms underpinning the efficacy of PSI. (PsycInfo Database Record (c) 2025 APA, all rights reserved)"
"OVID","Treatment of depressive and negative symptoms in individuals with schizoaffective disorders using serotoninergic psychedelics: A case report.",2025,"10.1503/jpn.250005",NA,"sin_crudo_emparejado",NA,NA,"Presents a case report of a 30-year-old man with schizoaffective disorder who underwent psilocybin-assisted therapy after 6 months of outpatient treatment. Despite achieving full remission of positive symptoms, like paranoia and delusions, with amisulpride 400 mg/d, he continued to have persistent negative and depressive symptoms, including diminished expression, apathy, and anhedonia. Attempts to alleviate these symptoms with various antidepressants had been unsuccessful. This patient's case shows that combining psychedelic-assisted psychotherapy with ongoing antipsychotic treatment can effectively reduce depressive and negative symptoms without worsening psychotic symptoms in a person with schizoaffective disorder. (PsycInfo Database Record (c) 2025 APA, all rights reserved)"
"OVID","Incremental efficacy systematic review and meta-analysis of psilocybin-for-depression RCTs.",2025,"10.1007/s00213-025-06788-w",NA,"sin_crudo_emparejado",NA,NA,"Rationale Psilocybin is a potentially paradigm-shifting depression intervention. We conducted a systematic review and meta-analysis of psilocybin-for-depression randomized controlled trials (RCTs). Objectives Systematically assess harm reporting, risk of bias, action mechanism specification, and incremental therapeutic effect sizes in the psilocybin-for-depression RCT literature. Methods Assessed databases included PsycINFO, CINAHL, Embase, Medline, Web of Science, and Scopus. Search terms ""Psilocybin"" or ""Psychedelic"" were paired with ""Depression"", and ""Randomized Controlled Trial"" or ""RCT"". Results We identified k = 9 RCTs (k = 10 subgroups) involving n = 602 participants (56% psilocybin). Five studies had low/very low harm quality reporting, opposed to two with high. Most studies demonstrated a high risk of bias. Therapeutic mechanisms of action (MoAs) were discussed in varying detail but rarely assessed in original publications. Psilocybin was moderately superior to controls at reducing depression (g = 0.62; 95% CI = 0.27, 0.98). Effects were heterogenous (tau = .47). Smaller studies evidenced stronger effects that favored psilocybin (Egger's b0 = 3.63, p = .014). Almost all studies documented financial conflicts of interests. Conclusion Psilocybin demonstrates significant depression reduction relative to controls. However, researchers, clinicians, and stakeholders should consider several contextual factors. Effects were moderate and attenuated in larger and better-controlled studies. Harms reporting and risk of bias was high, though partly driven by unique challenges of psilocybin research. MoAs were variably specified but rarely assessed; suggesting it is unclear how depression is reduced. We advise researchers conduct RCTs with active control conditions, larger samples, and include MoA assessments. Independent RCTs from researchers without financial conflicts of interest are needed. (PsycInfo Database Record (c) 2025 APA, all rights reserved)"
"OVID","The therapeutic potential of psilocybin beyond psychedelia through shared mechanisms with ketamine.",2025,"10.1038/s41380-025-03100-2",NA,"sin_crudo_emparejado",NA,NA,"Major depressive disorder is a debilitating condition, with many patients unresponsive to conventional monoaminergic antidepressants. Rapid-acting antidepressants such as ketamine and psilocybin offer promising alternatives, relieving symptoms within hours. Ketamine, an NMDA receptor antagonist, and psilocybin, a serotonergic psychedelic primarily targeting 5-HT2A receptors, both enhance synaptic plasticity in mood-regulating circuits through distinct mechanisms. This review synthesizes recent clinical and preclinical findings on ketamine and psilocybin, emphasizing their molecular targets, circuit-level effects, and converging downstream pathways. A key shared mechanism involves BDNF-TrkB signaling, which promotes spinogenesis and synaptogenesis critical for sustained antidepressant efficacy. We also discuss 5-HT2A receptor biased agonism as a potential strategy to dissociate psilocybin's therapeutic effects from its hallucinogenic actions. By comparing their mechanistic profiles, we identify both overlapping and distinct features that may inform the development of next-generation rapid-acting antidepressants. Understanding how serotonergic, glutamatergic, and neurotrophic systems converge may guide the development of fast-acting, durable, and non-hallucinogenic antidepressants. (PsycInfo Database Record (c) 2025 APA, all rights reserved)"
"OVID","Corrigendum to ""Chronic psilocybin administration increases sociability and alters the gut microbiome in male wild-type mice but not in a preclinical model of obsessive-compulsive disorder"" [Neuropharmacology 279 (2025) 110648].",2025,"10.1016/j.neuropharm.2025.110679",NA,"sin_crudo_emparejado",NA,NA,"Reports an error in ""Chronic psilocybin administration increases sociability and alters the gut microbiome in male wild-type mice but not in a preclinical model of obsessive-compulsive disorder"" by James J. Gattuso, Geraldine Kong, Bilgenur Bezcioglu, Da Lu, Millicent N. Ekwudo, Carey Wilson, Carolina Gubert, Anthony J. Hannan and Thibault Renoir (Neuropharmacology, 2025[Nov][15], Vol 279, 1-12; see record 2026-62587-001). The authors regret that Supplementary Tables 2-7 were inadvertently omitted from the online-only 'Appendix A: Supplementary data' of the original publication. These tables are now provided in the supplementary materials accompanying this corrigendum. The omission does not affect the scientific results or their interpretation as presented in the main text. Supplementary data to this article can be found online at https://doi.org/10.1016/j.neuropharm.2025.110679. (The following abstract of the original article appeared in record 2026-62587-001). Psilocybin, a serotonergic compound that produces psychedelic effects primarily through activation of the 5-HT2A receptor, has shown promise in treating neuropsychiatric conditions, including obsessive-compulsive disorder (OCD). However, the effects of chronic psilocybin administration on gut function, microbiota, and behavioural phenotypes remain understudied. The present study investigated the effects of chronic psilocybin (0.1 and 1 mg/kg, oral gavage) on gut and behavioural measures in wild-type (WT) and SAPAP3 knockout (KO) mice, a model of OCD-like phenotypes. We present novel evidence that SAPAP3 KO mice exhibit social deficits, and that chronic psilocybin increases sociability in male WT mice. Although no therapeutic effects were observed at either dose on anxiety-, compulsive-, or depressive-like behaviour, chronic psilocybin also did not induce psychosis-like behaviours. A dose-dependent effect of psilocybin was observed on gut motility. Although chronic administration did not significantly alter overall gut microbiome diversity, reductions in Lactobacillus murinus, Lactobacillus animalis , and Alistipes dispar were observed in male WT mice, but not in KO mice or female mice. Integrative analysis revealed that a microbial cluster, comprising Lactobacillus and Alistipes species, correlated with locomotion, head-twitch response and gut motility, effectively differentiating psilocybin-treated mice from vehicle controls. This suggests a potential host-microbiome feedback mechanism regulating host serotonin signalling, linked to central and peripheral 5-HT2A receptor activation. Additionally, separate microbial clusters were associated with startle response and sociability, indicating that psilocybin may engage distinct neural pathways to mediate these behaviours. These findings highlight the importance of considering the microbiome and sex in future psychedelic research and open new avenues for exploring the microbiota-gut-brain axis as a target for future therapeutic strategies. (PsycInfo Database Record (c) 2025 APA, all rights reserved)"
"OVID","Correction to: Incremental efficacy systematic review and meta-analysis of psilocybin-for-depression RCTs.",2025,"10.1007/s00213-025-06818-7",NA,"sin_crudo_emparejado",NA,NA,"Reports an error in ""Incremental efficacy systematic review and meta-analysis of psilocybin-for-depression rcts"" by Nicholas C. Borgogna, Tyler Owen, Dan Petrovitch, Jacob Vaughn, David A. L. Johnson, Louis A. Jr Pagano, Stephen L. Aita and Benjamin D. Hill (Psychopharmacology, Advanced Online Publication, Apr 23, 2025, np; see record 2026-09759-001). In the original article, there were errors with an author's name and an institutional affiliation. The authorship should have been written as the following: ""Nicholas C. Borgogna, Tyler Owen, Dan Petrovitch, Jacob Vaughn, David A. L. Johnson, Louis A. Pagano, Jr., Stephen L. Aita, and Benjamin D. Hill."" The third institutional affiliation should have been written as follows: ""St. Cloud VA Health Care System, St. Cloud, MN, USA."" (The following abstract of the original article appeared in record 2026-09759-001). Rationale Psilocybin is a potentially paradigm-shifting depression intervention. We conducted a systematic review and meta-analysis of psilocybin-for-depression randomized controlled trials (RCTs). Objectives Systematically assess harm reporting, risk of bias, action mechanism specification, and incremental therapeutic effect sizes in the psilocybin-for-depression RCT literature. Methods Assessed databases included PsycINFO, CINAHL, Embase, Medline, Web of Science, and Scopus. Search terms ""Psilocybin"" or ""Psychedelic"" were paired with ""Depression"", and ""Randomized Controlled Trial"" or ""RCT"". ResultsWe identified k = 9 RCTs (k = 10 subgroups) involving n = 602 participants (56% psilocybin). Five studies had low/very low harm quality reporting, opposed to two with high. Most studies demonstrated a high risk of bias. Therapeutic mechanisms of action (MoAs) were discussed in varying detail but rarely assessed in original publications. Psilocybin was moderately superior to controls at reducing depression (g = 0.62; 95% CI = 0.27, 0.98). Effects were heterogenous (tau = .47). Smaller studies evidenced stronger effects that favored psilocybin (Egger's b0 = 3.63, p = .014). Almost all studies documented financial conflicts of interests. Conclusion Psilocybin demonstrates significant depression reduction relative to controls. However, researchers, clinicians, and stakeholders should consider several contextual factors. Effects were moderate and attenuated in larger and better-controlled studies. Harms reporting and risk of bias was high, though partly driven by unique challenges of psilocybin research. MoAs were variably specified but rarely assessed; suggesting it is unclear how depression is reduced. We advise researchers conduct RCTs with active control conditions, larger samples, and include MoA assessments. Independent RCTs from researchers without financial conflicts of interest are needed. (PsycInfo Database Record (c) 2025 APA, all rights reserved)"
"OVID","Mushrooms, microdosing, and mental illness: The effect of psilocybin on neurotransmitters, neuroinflammation, and neuroplasticity.",2025,"10.2147/ndt.s500337",NA,"sin_crudo_emparejado",NA,NA,"The incidence of mental health disorders is increasing worldwide. While there are multiple factors contributing to this problem, neuroinflammation underlies a significant subset of psychiatric conditions, particularly major depressive and anxiety disorders. Anti-inflammatory interventions have demonstrated benefit in these conditions. Psilocin, the active ingredient of mushrooms in the Psilocybe genus, is both a potent serotonin agonist and anti-inflammatory agent, increases neuroplasticity, and decreases overactivity in the default mode network. Studies using hallucinogenic doses of psilocin under the supervision of a therapist/guide have consistently demonstrated benefits to individuals with depression and end-of-life anxiety. Microdosing psilocybin in sub- hallucinogenic doses has also demonstrated benefit in mood disorders, and may offer a safe, less expensive, and more available alternative to full doses of psilocybin for mood disorders, as well as for other medical conditions in which inflammation is the principal pathophysiology. (PsycInfo Database Record (c) 2025 APA, all rights reserved)"
"OVID","A systematic literature review and meta-analysis of the effect of psilocybin and methylenedioxymethamphetamine on mental, behavioural or developmental disorders.",2023,"10.1177/00048674221083868",NA,"sin_crudo_emparejado",NA,NA,"Objectives: There is an increasing interest in combining psilocybin or methylenedioxymethamphetamine with psychological support in treating psychiatric disorders. Although there have been several recent systematic reviews, study and participant numbers have been limited, and the field is rapidly evolving with the publication of more studies. We therefore conducted a systematic review of PubMed, MEDLINE, PsycINFO, the Cochrane Central Register of Controlled Trials, Embase, and CINAHL for randomised controlled trials of methylenedioxymethamphetamine and psilocybin with either inactive or active controls. Methods: Outcomes were psychiatric symptoms measured by standardised, validated and internationally recognised instruments at least 2 weeks following drug administration, Quality was independently assessed using the Cochrane risk of bias assessment tool and Grading of Recommendations Assessment, Development and Evaluation framework. Results: There were eight studies on methylenedioxymethamphetamine and six on psilocybin. Diagnoses included post-traumatic stress disorder, long-standing/treatment-resistant depression, obsessive-compulsive disorder, social anxiety in adults with autism, and anxiety or depression in life-threatening disease. The most information and strongest association was for the change in methylenedioxymethamphetamine scores compared to active controls in post-traumatic stress disorder (k = 4; standardised mean difference = -0.86; 95% confidence interval = [-1.23, -0.50]; p < 0.0001). There were also small benefits for social anxiety in adults with autism. Psilocybin was superior to wait-list but not niacin (active control) in life-threatening disease anxiety or depression. It was equally as effective as escitalopram in long-standing depression for the primary study outcome and superior for most of the secondary outcomes in analyses uncorrected for multiple comparisons. Both agents were well tolerated in supervised trials. Trial quality varied with only small proportions of potential participants included in the randomised phase. Overall certainty of evidence was low or very low using the Grading of Recommendations Assessment, Development and Evaluation framework. Conclusion: Methylenedioxymethamphetamine and psilocybin may show promise in highly selected populations when administered in closely supervised settings and with intensive support. (PsycInfo Database Record (c) 2025 APA, all rights reserved)"
"OVID","Neurobiology of psilocybin: A comprehensive overview and comparative analysis of experimental models.",2025,"10.3389/fnsys.2025.1585367",NA,"sin_crudo_emparejado",NA,NA,"Psilocybin, a compound found in Psilocybe mushrooms, is emerging as a promising treatment for neurodegenerative and psychiatric disorders, including major depressive disorder. Its potential therapeutic effects stem from promoting neuroprotection, neurogenesis, and neuroplasticity, key factors in brain health. Psilocybin could help combat mild neurodegeneration by increasing synaptic density and supporting neuronal growth. With low risk for addiction and adverse effects, it presents a safe option for long-term use, setting it apart from traditional treatments. Despite their relatively simpler neuronal networks, studies using animal models, such as Drosophila and fish, have provided essential insights on the efficacy and mechanism of action of psilocybin. These models provide foundational information that guides more focused investigations, facilitating high-throughput screening, enabling researchers to quickly explore the compound's effects on neural development, behavior, and underlying genetic pathways. While mammalian models are indispensable for comprehensive studies on psilocybin's pharmacokinetics and its nuanced interactions within the complex nervous systems, small non-mammalian models remain valuable for identifying promising targets and mechanisms at early research stages. Together, these animal systems offer a complementary approach to drive rapid hypothesis generation to refine our understanding of psilocybin as a candidate for not only halting but potentially reversing neurodegenerative processes. This integrative strategy highlights the transformative potential of psilocybin in addressing neurodegenerative disorders, leveraging both small and mammalian models to achieve translational research success. (PsycInfo Database Record (c) 2025 APA, all rights reserved)"
"OVID","""I've learned that i'm open-minded to this possibility"": A qualitative study to evaluate the acceptability of a psilocybin-aided smoking cessation treatment for people with HIV who smoke.",2025,"10.1186/s13722-025-00563-0",NA,"sin_crudo_emparejado",NA,NA,"Background: People with HIV (PWH) are disproportionately affected by cigarette use, with a 40 - 70% prevalence rate. Although many express a strong interest in quitting, many PWH who smoke experience lower cessation rates with traditional treatments, in part due to their comorbid anxiety and depressive symptoms. Psilocybin, a classic psychedelic referred to as ""breakthrough therapy"" by the U.S. Food & Drug Administration (FDA), has been shown to have potential as a therapeutic treatment for psychiatric symptoms, (e.g., anxiety and depression) and substance use disorders, including tobacco dependence. Preliminary evidence has shown that administering psilocybin to people who smoke and have been previously unable to quit with traditional treatments resulted in impressive smoking abstinence rates (80%) at 6-months in a smoking cessation pilot study. Objective: Explore, using qualitative methods, the perceptions and acceptability of a psilocybin-assisted treatment for smoking cessation among PWH who smoke. Methods: Semi-structured, in-depth qualitative interviews were conducted with PWH who smoke. Interviews were audio-recorded, transcribed verbatim, and analyzed using rapid thematic analysis. Results: Twenty-five participants were enrolled: 15 cis male, 9 cis female, and 1 transgender female. Five main themes emerged: varying previous experiences with psilocybin; uncertainty about psilocybin's effects and concern over potential side effects; need for trusted sources of information and testimonials; ultimately willing to try psilocybin-aided therapy for tobacco treatment; and, set and setting of psilocybin use matters. Conclusions: Psilocybin-assisted smoking cessation treatment appears to be acceptable among PWH who smoke. Participants highlighted the importance of addressing key concerns related to an emerging therapy to increase acceptability and willingness to try it. Further research is needed to evaluate the safety and effectiveness of psilocybin prior to incorporating this emerging therapy for smoking cessation into tobacco treatment clinical services for PWH. (PsycInfo Database Record (c) 2025 APA, all rights reserved)"
"OVID","Psilocybin therapy for mood dysfunction in Parkinson's disease: An open-label pilot trial.",2025,"10.1038/s41386-025-02097-0",NA,"sin_crudo_emparejado",NA,NA,"Mood dysfunction is highly prevalent in Parkinson's disease (PD), a main predictor of functional decline, and difficult to treat-novel interventions are critically needed. Psilocybin shows early promise for treating depression and anxiety, but its potential in PD is unknown, as safety concerns have excluded people with neurodegenerative disease from previous trials. In this open-label pilot (NCT04932434), we examined the feasibility of psilocybin therapy among people with mild to moderate stage PD plus depression and/or anxiety. 12 participants (mean age 63.2 +/- 8.2 years, 5 women) received psilocybin (one 10 mg followed by one 25 mg dose) with psychotherapy. There were no serious adverse events, no medical interventions required to manage effects of psilocybin, and no exacerbation of psychosis. Ten participants experienced treatment-emergent adverse events; the most frequent were anxiety, nausea, and increased blood pressure. We observed no worsening of PD symptomology measured by the Movement Disorder Society Unified Parkinson's Disease Rating Scale (MDS-UPDRS). On the contrary, non-motor (MDS-UPDRS Part I: -13.8 +/- 1.3, p < 0.001, Hedges' g = 3.0) and motor symptoms (Part II: -7.5 +/- 0.9, p < 0.001, g = 1.2; Part III: -4.6 +/- 1.3, p = 0.001; g = 0.3) as well as performance in select cognitive domains (Paired Associates Learning [-0.44 +/- 0.14, p = .003, g = 0.4], Spatial Working Memory [-0.52 +/- 0.17, p = 0.003, g = 0.7], and Probabilistic Reversal Learning [2.9 +/- 0.9, p = 0.003, g = 1.3]) improved post-treatment, and improvements were sustained until the final safety assessment one month following drug exposure. Baseline Montgomery-Asberg Depression Rating Scale (MADRS) and Hamilton Anxiety Rating Scale (HAM-A) scores were 21.0 +/- 8.7 and 17.0 +/- 3.7, respectively. Both improved to a clinically meaningful degree post-treatment; these improvements persisted to the final assessment three months following drug exposure (MADRS: -9.3 +/- 2.7, p = .001, g = 1.0; HAM-A: -3.8 +/- 1.7; p = 0.031, g = 0.7). This study provides the first data on psilocybin's effects in any neurodegenerative disease. Results suggest that psilocybin therapy in PD warrants further investigation. (PsycInfo Database Record (c) 2025 APA, all rights reserved)"
"OVID","Letter to the editor: Comments on 'Striking long-term beneficial effects of single-dose psilocybin and psychedelic mushroom extract in the SAPAP3 rodent model of OCD-like excessive self-grooming' by Brownstien et al. (2024).",2025,"10.1038/s41380-025-03005-0",NA,"sin_crudo_emparejado",NA,NA,"Comments on an article by M. Brownstien et al. (see record 2025-36418-001). Authors acknowledge the valuable contributions of Brownstien et al. to the field of psychedelic research and OCD treatment, particularly regarding the effects of psilocybin on compulsive behaviours. Notably, the sustained reduction in excessive grooming behaviour following psilocybin administration in SAPAP3 KO mice, first described in Brownstien et al., has also been found in their own laboratory-in a study published just a month later-demonstrating robust and complementary findings across both studies despite methodological differences. Additionally, each paper contains unique strengths and weaknesses and when viewed together, they add a more detailed understanding of psilocybin's anti-compulsive-like effects. For example, while Brownstien et al. did not incorporate WT psilocybin control mice, analyse sex differences, or include lesioned SAPAP3 KO animals, these aspects were addressed by Gattuso et al., thereby providing additional insights. Conversely, Brownstien et al. employed a broader range of anxiety-related behavioural assays, which may explain the anxiolytic effects observed in their study but not detected by Gattuso et al. Additionally, Gattuso et al. assessed psilocybin's behavioural effects up to 8 days post administration, whereas Brownstien et al. extended the observation period for grooming behaviour to 7 weeks. A unique strength of Brownstien et al. lies in their comparative analysis of psilocybin and psilocybin mushroom extract (PME), in contrast to Gattuso et al., where authors focused exclusively on psilocybin. Furthermore, in Gattuso et al. authors provided novel insight by correlating acute hallucinogenic-like behaviour (psilocybin-induced head twitches) with reductions in grooming behaviour, suggesting that the head-twitch response may be a critical component of psilocybin's anti-compulsive effects in male SAPAP3 KO mice. Finally, it must be noted that both studies used different psilocybin doses (1 mg/kg vs 4.4mg/kg) but the direction of findings was relatively consistent (i.e., psilocybin reduced excessive grooming duration). Together, these studies offer complementary data and perspectives on the therapeutic potential of psilocybin in OCD models. As authors have critically evaluated the results from Brownstien et al., authors conclude that addressing the various concerns outlined above would strengthen the overall impact of the study and provide clearer guidance for future clinical applications. Authors hope that their suggestions are taken in the spirit of constructive scientific discourse, and authors look forward to seeing continued advancements in this exciting area of research. (PsycInfo Database Record (c) 2025 APA, all rights reserved)"
"OVID","Can the gut-brain axis provide insight into psilocybin's therapeutic value in reducing stress?",2025,"10.1016/j.ynstr.2025.100732",NA,"sin_crudo_emparejado",NA,NA,"There is growing interest in exploring the therapeutic potential and mechanisms of action of psilocybin on stress-related neuropsychiatric disorders, including depression, generalized anxiety disorder (GAD), post-traumatic stress disorder (PTSD), obsessive-compulsive disorder (OCD), addiction, and disordered eating. Despite promising progressions in preclinical and clinical research, the neurobiological and physiological mechanisms underlying the therapeutic effects of psilocybin remain complex, involving multiple systems with numerous homeostatic feedback signaling pathways throughout the body. This review paper explores how psilocybin mechanistically interacts with the gut microbiota, enteric nervous system, hypothalamic-pituitary axis, and how psilocybin influences the bidirectional communication between peripheral and neuronal systems. Shifting towards a more integrated paradigm to unravel the mechanisms through which psilocybin affects the bidirectional gut-brain axis holds the promise of significantly advancing our understanding of psilocybin-based therapies from preparation of treatment, administration, to proceeding long-term integration. Such an understanding can extend beyond the treatment of psychiatric disorders, further encompassing a broader spectrum of inflammatory-related disorders. (PsycInfo Database Record (c) 2025 APA, all rights reserved)"
"OVID","Correction: Dissociable effects of psilocybin and escitalopram for depression on processing of musical surprises.",2025,"10.1038/s41380-025-03066-1",NA,"sin_crudo_emparejado",NA,NA,"Reports an error in ""Dissociable effects of psilocybin and escitalopram for depression on processing of musical surprises"" by Rebecca Harding, Neomi Singer, Matthew B. Wall, Talma Hendler, David Erritzoe, David Nutt, Robin Carhart-Harris and Leor Roseman (Molecular Psychiatry, Advanced Online Publication, Apr 26, 2025, np; see record 2026-10863-001). The following part of the abstract had a minor error: 'Following PT, there was greater activation in the ventromedial prefrontal cortex and sensory regions, and reduced activation in the angular gyrus.' This is now corrected to 'Following PT, there was decreased activation in the ventromedial prefrontal cortex and angular gyrus, and greater activation in sensory regions.' The original article has been updated accordingly. (The following abstract of the original article appeared in record 2026-10863-001). Psilocybin therapy (PT) is emerging as an effective intervention for Major Depressive Disorder (MDD), offering comparable efficacy to conventional treatments like selective serotonin reuptake inhibitors (SSRIs). Music, an emotionally evocative stimulus, provides a valuable tool to explore changes in hedonic and predictive processing mechanisms via expectancy violations, or 'surprises'. This study sought to compare behavioural and functional magnetic resonance imaging (fMRI) responses to musical surprises in MDD patients treated with either PT or the SSRI, escitalopram. In this secondary analysis of a trial, 41 MDD patients (with usable fMRI data) were randomly assigned to either PT (n = 22) or escitalopram (n = 19) treatment groups. Participants listened to music during fMRI and tracked their emotional experience, both before and after a 6-week intervention. Surprise-related valence and arousal indices were calculated. Musical surprises were entered as regressors for whole-brain and region of interest fMRI analyses. PT caused a greater decrease in anhedonia scores compared with escitalopram. While escitalopram led to reductions in surprise-related affective responses, PT showed no significant change. Escitalopram was associated with increased activation in memory and emotional processing areas during musical surprises (versus control events) when compared with PT. Following PT, there was greater activation in the ventromedial prefrontal cortex and sensory regions, and reduced activation in the angular gyrus. PT may allow for the subjective response to musical surprises to be maintained through a lasting reduction in the salience of prediction errors, or, alternatively, by increasing hedonic priors. Contrastingly, escitalopram may diminish hedonic priors, highlighting fundamental differences in treatment mechanisms. (PsycInfo Database Record (c) 2025 APA, all rights reserved)"
"OVID","Emerging medications for treatment-resistant depression: A review with perspective on mechanisms and challenges.",2025,"10.3390/brainsci15020161",NA,"sin_crudo_emparejado",NA,NA,"Background/Objectives: Non-response to initial treatment options for major depressive disorder (MDD) is a common clinical challenge with profound deleterious impacts for affected patients. Few treatments have received regulatory approval for treatment-resistant depression (TRD). Methods: A systematic search of United States and European Union clinical trials registries was conducted to identify Phase II, III, or IV clinical trials, with a last update posted on or after 1 January 2020, that were evaluating medications for TRD. For both the US and EU registries, the condition term ""treatment resistant depression"" and associated lower-level terms (per registry search protocol) were used. For the US registry, a secondary search using the condition term ""depressive disorders"" and the modifying term ""inadequate"" was also performed to capture registrations not tagged as TRD. Two additional searches were also conducted in the US registry for the terms ""suicide"" and ""anhedonia"" as transdiagnostic targets of investigational medications. Trials were categorized based on the primary mechanism of action of the trial's investigational medication. Results: Fifty clinical trials for TRD, 20 for anhedonia, and 25 for suicide were identified. Glutamate system modulation was the mechanism currently with the most compounds in development, including antagonists and allosteric modulators of NMDA receptors, AMPA receptors, metabotropic type 2/3 glutamate receptors, and intracellular effector molecules downstream of glutamate signaling. Psychedelics have seen the greatest surge among mechanistic targets in the past 5 years, however, with psilocybin in particular garnering significant attention. Other mechanisms included GABA modulators, monoamine modulators, anti-inflammatory/immune-modulating agents, and an orexin type 2 receptor antagonist. Conclusions: These investigations offer substantial promise for more efficacious and potentially personalized medication approaches for TRD. Challenges for detecting efficacy in TRD include the heterogeneity within the TRD population stemming from the presumed variety of biological dysfunctions underlying the disorder, comorbid disorders, chronic psychosocial stressors, and enduring effects of prior serotonergic antidepressant medication treatments. (PsycInfo Database Record (c) 2025 APA, all rights reserved)"
"OVID","Neurocognitive effects of psilocybin: A systematic and comprehensive review of neuroimaging studies in humans.",2025,"10.1016/j.neubiorev.2025.106239",NA,"sin_crudo_emparejado",NA,NA,"Psilocybin is a psychedelic serotonergic compound that is renowned for its potent psychoactive effects. Over the past 15 years, an increasing number of controlled clinical trials showed that it has a fast-acting and sustainable efficacy in treating various psychiatric disorders. Neuroimaging studies have been conducted with the objective of elucidating the neurobiological mechanisms underlying the subjective and therapeutic effects of psilocybin. However, the diversity of neuroimaging techniques, tasks, and analytical approaches makes it difficult to gain a comprehensive overview of psilocybin's effects on the brain. To address this gap in the literature, we conducted a systematic review in the Medline, Psychinfo and Cochrane databases between January 1, 1990, and May 9, 2025, following PRISMA recommendations. A total of 81 articles met the inclusion criteria. A variety of neuroimaging techniques were employed in small samples of healthy volunteers and patients with medical conditions. The studies investigated the effects of psilocybin on brain activity and connectivity, both at rest and during cognitive tasks. They revealed that psilocybin reproducibly impacted neuronal networks such as the default mode network. However, other findings were more inconsistent. Psilocybin effects on the brain were associated with acute alterations in self-experience, sensory and emotional processing, and sustained effects on mood, personality, and social functioning. In patients with depression, clinical outcomes correlated with brain changes. This review indicates that psilocybin induces acute and long-lasting functional brain changes. While these neuroimaging data require confirmation and further expansion, they shed light on the mechanisms of psilocybin's acute subjective and therapeutic effects in humans. (PsycInfo Database Record (c) 2025 APA, all rights reserved)"
"OVID","Examining differences in the effects and contexts of naturalistic psilocybin use for White participants vs. Participants of Color: A longitudinal online survey study.",2025,"10.1016/j.jad.2024.10.058",NA,"sin_crudo_emparejado",NA,NA,"Background: Psilocybin (a psychoactive compound found in ""magic mushrooms"" or ""shrooms"") has been gaining increased attention in research and popular culture as a number of clinical and observational studies have demonstrated that it may have potential for improving mental wellbeing. Relatedly, there has been a substantial uptick in naturalistic (e.g., real-world, non-clinical) psilocybin use in the United States. While a number of longitudinal studies have demonstrated that naturalistic psilocybin use is linked to positive mental health outcomes on average, few studies have examined how the effects of psilocybin and contexts for psilocybin use may differ for White populations compared to Populations of Color. Objective: To examine differences in health outcomes, subjective effects, and contexts of naturalistic psilocybin use in White participants compared to Participants of Color. Methods: This study used data from a large, online longitudinal study of individuals who planned to engage in naturalistic psilocybin use (N = 2833). We used mixed-effects models to assess whether race/ethnicity (White vs. Participant of Color) moderated associations between time (Time 2 [initial assessment point for longitudinal measures], Time 5 [2-4 weeks post-psilocybin experience, and Time 6 [2-3 months post-experience]) and outcomes related to mental health (depression, anxiety, spiritual wellbeing, cognitive flexibility, emotion regulation [expressive suppression + cognitive reappraisal]). We also used exploratory chi-squared tests to examine differences in contexts for psilocybin use as well as differences in subjective effects related to the psilocybin experience. Results: Race/ethnicity moderated the associations between time for predicting spiritual wellbeing (beta = -1.8; 95 % CI [-3.4, -0.17]; p < 0.05), cognitive flexibility (beta = -1.5 [-2.7, -0.26]; p < 0.05), and emotion regulation-expressive suppression (beta = 0.25 [0.06, 0.44]; p < 0.05) at Time 6 (but not Time 5). Additionally, Participants of Color reported minor differences in subjective effects and context for use compared to White participants (e.g., more likely to have set an intention prior to use, report time speeding up during the experience, etc.). We found reductions in anxiety and depression for both Participants of Color and White participants, and our moderation tests for these outcomes were not significant. Conclusion: Race/ethnicity impacts the associations between psilocybin use and various markers of mental wellbeing. Future longitudinal studies and experimental studies with larger samples of color can further elucidate the preliminary findings from this study. (PsycInfo Database Record (c) 2025 APA, all rights reserved)"
"OVID","Patients' attitudes toward hallucinogenic and non-hallucinogenic psilocybin for mental health treatment.",2025,"10.1080/02791072.2025.2511752",NA,"sin_crudo_emparejado",NA,NA,"This study examined patient perspectives on psilocybin therapy, specifically their acceptance and views on the therapeutic benefits of both hallucinogenic and non-hallucinogenic forms. A cross-sectional survey was conducted among psychiatric patients aged 18-65 at a community mental health center, assessing their attitudes, knowledge, and acceptance of psilocybin therapy. In total, 62.4% of the participants expressed openness to hallucinogenic psilocybin (p = .009), while 60.4% were open to non-hallucinogenic forms (p = .023). Patients with major depressive disorder preferred hallucinogenic therapy more (p = .010), while those with borderline personality disorder (BPD) (p = .030) and post-traumatic stress disorder (PTSD) (p = .035) favored non-hallucinogenic options, possibly due to concerns about the intensity of hallucinogenic experiences. Individuals with substance use disorder (SUD) demonstrated a greater acceptance of both hallucinogenic (p = .007) and non-hallucinogenic forms (p = .046) than individuals without SUD. These findings suggest that societal stigma is not a significant barrier to psilocybin therapy and that non-hallucinogenic forms may provide a more accessible option for certain patient groups. Understanding patient perspectives on psilocybin therapy, including vulnerability to adverse hallucinogenic experiences, can inform personalized and effective treatments for resistant conditions. (PsycInfo Database Record (c) 2025 APA, all rights reserved)"
"OVID","Moderating factors in psilocybin-assisted treatment affecting mood and personality: A naturalistic, open-label investigation.",2025,"10.1007/s00213-024-06733-3",NA,"sin_crudo_emparejado",NA,NA,"Rationale: Psychedelic-assisted therapy is increasingly applied within mental health treatment. Objectives: This study focused on factors moderating changes in the acute and long-term effects of an individual psilocybin-assisted program on depression, anxiety, PTSD and personality structures by including demographic factors, subjective experience and degree of mystical type experiences during the dosing, as well as emotional breakthrough and personal growth after the program. Methods: At baseline, 1 week and 3 months after the psilocybin program participants completed the Generalized Anxiety Disorder Assessment (GAD-7), Patient Health Questionnaire (PHQ-9), PTSD Checklist for DSM-5 (PCL-5) and NEO Five-Factor Inventory-3 (NEO-FFI-3). In addition, after the dosing the Mystical Experiences Questionnaire (MEQ-30), Posttraumatic Growth Inventory (PTGI) and Emotional Breakthrough Inventory (EBI) were administered. Moderation effects were established using linear mixed-model analysis. Results: A single high dose of psilocybin in combination with therapy was found to lower symptoms of anxiety, depression, PTSD and neuroticism over a period of 3-months. Scores on openness and conscientiousness increased after the treatment only. Participants reported mystical type experiences, emotional breakthrough and personal growth. These subjective experiences together with demographic factors were moderating the observed positive changes. Conclusions: Findings indicate that individual psilocybin-assisted therapy has the potential for beneficial effects on mood and personality characteristics. Moreover, the study highlights the importance of subjective experiences and demographic factors in moderating this effect. This study adds to the ongoing research on psilocybin-assisted therapy by investigating contributing factors for optimizing this evolving type of therapy. (PsycInfo Database Record (c) 2025 APA, all rights reserved)"
"OVID","Concurrent stress modulates the acute and post-acute effects of psilocybin in a sex-dependent manner.",2025,"10.1016/j.neuropharm.2024.110280",NA,"sin_crudo_emparejado",NA,NA,"There is renewed interest in psychedelics, such as psilocybin, as therapies for multiple difficult-to-treat psychiatric disorders. Even though psychedelics can induce highly pleasant or aversive experiences, depending on multiple personal and environmental factors, there is little research into how such experiences impact post-acute mood-altering actions. Here we aimed at offsetting this gap. First, we tested whether acute psilocybin effects differed between sexes. Adult male and female C57BL/6J mice received saline or psilocybin (5 mg/kg; i.p.), and head-twitch response (HTR) frequency was quantified. Notably, while psilocybin increased HTR frequency in both sexes, the effect was greater in females. We then tested if stress exposure during acute drug effects impacted post-acute psilocybin actions. Following drug treatment, mice were returned to their homecage or restrained for 1 h. Anxiety- and depression-like behaviors were assessed starting 24 h following drug administration, using the marble burying, novelty-suppressed feeding, and splash tests. Psilocybin induced anxiolytic-, but not antidepressant-like, which were fully blocked by stress in males, but only partially so in females. Lastly, we assessed the acute stress-psilocybin interaction on plasma corticosterone levels in a separate cohort of mice, treated as above. Both stress and psilocybin independently increased corticosterone levels, without additive or interactive effects being observed for either sex. Our data reveals the role of sex and peri-acute negative experiences in the acute and post-acute actions of psilocybin. These findings underline the importance of non-pharmacological factors, such as the quality of the psychedelic experience, in the mood-altering effects of psychedelics, holding significant for both their therapeutic and recreational use. (PsycInfo Database Record (c) 2025 APA, all rights reserved)"
"OVID","Exploring psychedelics pharmacology: A scoping review charting the course of psilocybin pharmacokinetics.",2025,"10.1097/wnf.0000000000000617",NA,"sin_crudo_emparejado",NA,NA,"Objectives: This scoping review aimed to synthesize the existing data about psilocybin pharmacokinetics to learn what has been described regarding body disposition and safety when psilocybin was used in controlled research settings. Methods: We performed a scoping literature review following the framework proposed by the JBI manual for evidence synthesis. Controlled clinical trials reporting pharmacokinetic data of psilocybin were considered appropriate for inclusion.We extracted the data on psilocybin pharmacokinetics and summarized it fromthe available literature on this topic.We also performed an exploratory-descriptive analysis using study level data to examine the relationship between dose of psilocybin and maximum serum concentrations (Cmax). Results: We initially identified 850 articles, of which 5 were included. These trials included 112 healthy volunteers who received psilocybin in a controlled clinical setting. The peak concentration of psilocin in plasma (Cmax) ranged from 8.2 ng/mL to 37.2 ng/mL (median = 17, IQR = 11.9 to 23.5). The maximal concentrations (Cmax) of psilocin were reached (Tmax) around 2 hours, ranging from 1.7 hours to 2.2 hours (median = 2, IQR = 1.9 to 2.1) after psilocybin oral administration. Elimination half-life was between 1.2 hours and 3.3 hours (median = 2.0, IQR = 1.6 to 2.8). A strong positive relationship between dose and Cmax (R2 = 0.95) was found. No serious adverse events were observed.We did not find studies reporting pharmacokinetic data from patients with depression or cancer patients transitioning to palliative care. Conclusions: In summary, this review unveils oral psilocybin pharmacokinetics in healthy adults, revealing gaps in its application to target populations like those with depression or in palliative care. (PsycInfo Database Record (c) 2025 APA, all rights reserved)"
"OVID","Clinical and preclinical evidence of psilocybin as antidepressant. A narrative review.",2025,"10.1016/j.pnpbp.2025.111249",NA,"sin_crudo_emparejado",NA,NA,"In the rapidly growing field of psychedelic research, psilocybin (and active metabolite psilocin) has been proposed as a promising candidate in the search for novel treatments for neuropsychiatric disorders. Clinical trials have revealed that psilocybin has a large, rapid, and persistent effect in the improvement of symptoms of depression and anxiety. The safety profile is considered favourable, with low toxicity and good tolerance. Several preclinical studies have also been carried out to determine the long-term mechanism of action of this drug. In this sense, preclinical studies in naive animals as well as in animal models of disease have shown somewhat discrepant results in conventional tests for assessment of depression- and anxiety-like phenotype in response to psilocybin, but overall suggest positive outcomes. Additionally, several valuable assays in rodent models have been developed over the years to elucidate the neurochemical correlates of serotonin 2A receptor (5HT2AR) activation in the brain, primary molecular target of psilocin. This review aims to provide a general overview of the current and most recent literature in the therapeutic potential of psilocybin through a description of clinical trials of psilocybin-assisted psychotherapy, and to showcase the scene in the up-to-date preclinical research. A detailed description of preclinical rodent models and experimental approaches that have been used to study the neurobiological and behavioural actions of psilocybin is provided, and potential therapeutic mechanisms of action are discussed. (PsycInfo Database Record (c) 2025 APA, all rights reserved)"
"OVID","Letter to the Editor: Will psilocybin-assisted therapy reduce the incidence of medical assistance in dying?",2024,"10.1089/jpm.2023.0668",NA,"sin_crudo_emparejado",NA,NA,"Psilocybin-assisted therapy (PAT) has demonstrated promise as an emerging treatment for anxiety and depression associated with life-threatening disease. Palliative care clinicians have in turn suggested that psychedelics may reduce requests for assisted dying1 and patient advocacy groups are calling for increased access to psychedelic therapies for those considering medical assistance in dying (MAiD). It remains unclear, however, how PAT may influence MAiD initiation and completion. (PsycInfo Database Record (c) 2026 APA, all rights reserved)"
"OVID","Psilocybin use in palliative care #464.",2023,"10.1089/jpm.2023.0180",NA,"sin_crudo_emparejado",NA,NA,"Psilocybin is an alkaloid found in multiple species of fungi within the genus Psilocybe. Refractory existential distress, anxiety, and depression affect many patients facing a short prognosis due to a serious illness. Unfortunately, traditional psychotherapy-oriented approaches have shown limited efficacy for these symptoms and/or may not always be feasible in this patient population. Early data suggest psilocybin is a promising modality for end-of-life anxiety, depression, and existential distress when utilized under the guidance of a guide or therapist. However, its use is limited currently outside of a clinical trial. Clinicians who care for patients with serious illness should inquire about its nonprescribed use. (PsycInfo Database Record (c) 2025 APA, all rights reserved)"
"OVID","Letter to editor regarding ""psilocybin-assisted therapy for depression: A systematic review and meta-analysis"".",2024,"10.1016/j.psychres.2024.116136",NA,"sin_crudo_emparejado",NA,NA,"Comments on an article by Sipan Haikazian et al.(see record 2024-23559-001). Psilocybin, a 5-HT 2 A receptor agonist, has shown potential efficacy in treating depression. The authors conducted a thorough meta-analysis, comprehensively assessing the effect of psilocybin on depressive symptoms in patients diagnosed with life-threatening illnesses or major depressive disorder. We acknowledge the contributions made by the authors. However, we identified some flaws in the publication at hand. In section 3.3 ""Efficacy of PAP"", the authors mentioned that ""a pooled standard mean difference (SMD) between experimental and control arms in depression outcomes across all included studies was-0.78, indicating a large and significant effect"".We agree with the authors' statement that psilocybin has a significantly greater antidepressant effect compared to the comparator arms. Well-designed phase III trials are urgently needed to optimize psilocybin dosage and minimize the potential for functional unblinding by incorporating active comparators. (PsycInfo Database Record (c) 2025 APA, all rights reserved)"
"OVID","Psilocybin-assisted treatment of depression, anxiety and substance use disorders: Neurobiological basis and clinical application.",2024,"10.1055/a-2046-5202",NA,"sin_crudo_emparejado",NA,NA,"Successful therapy of mental disorders is very important in view of the high level of suffering of those affected. Since established pharmaceutical and psychotherapeutic approaches do not lead to the desired improvement in all cases, complementary or alternative treatment methods are intensively researched. Psilocybin-assisted psychotherapy seems particularly promising, and has been approved in the USA for larger clinical trials. Psilocybin belongs to the group of psychedelics and influences psychological experiences. In assisted therapy, psilocybin is administered in controlled doses under medical supervision to patients with different mental disorders. In the studies conducted so far, longer-term positive effects could be shown after just one or a few doses. In order to provide a better understanding of the potential therapeutic mechanisms, this article will first describe neurobiological and psychological effects of psilocybin. To better assess the potential of psilocybin-assisted psychotherapy for various disorders, clinical studies conducted so far with patients administered psilocybin are reviewed. (PsycInfo Database Record (c) 2025 APA, all rights reserved)"
"OVID","Psilocybin-assisted compassion focused therapy for depression.",2022,"10.3389/fpsyg.2022.812930",NA,"sin_crudo_emparejado",NA,NA,"Psilocybin-assisted psychotherapy, i.e., psilocybin treatment with psychological support, has demonstrated the efficacy of psilocybin to reduce depressive symptoms. However, in clinical trials, the structure of psilocybin-assisted psychotherapy is primarily based on preparation, navigation (support during dosing sessions), and integration. For psychotherapeutic guidance, the application of this structure is favored over the usage of theoretical models. The applied psychotherapeutic models may be of critical importance if the effects are augmented due to the psychologically insightful experiences during the navigation and integration sessions. One of the important next steps is to provide therapists with guidance on how to provide psilocybin-assisted psychotherapy. We present an integrated protocol for psilocybin-assisted psychotherapy for depression based on the theoretical model and psychotherapeutic framework of Compassion Focused Therapy (CFT). We hypothesize that CFT can provide the theoretical model and compassion practices that will reinforce the experiences during the navigation and follow-up therapy sessions. In this paper, we describe the rationale for selecting CFT, the compatibility of CFT and psilocybin-therapy, an overview of the psilocybin-assisted CFT protocol, the study protocol, and limitations to this approach. (PsycInfo Database Record (c) 2025 APA, all rights reserved)"
"OVID","Impact of psilocybin on cognitive function: A systematic review.",2024,"10.1111/pcn.13741",NA,"sin_crudo_emparejado",NA,NA,"Psilocybin is a classic psychedelic with demonstrated preliminary clinical efficacy in a range of psychiatric disorders. Evaluating the impact of psilocybin on cognitive function is essential to unravel its potential benefits and risks. In this systematic review, we assessed psilocybin's effect on cognitive function through a comprehensive search of electronic databases from inception to January 2024, identifying 20 articles involving 2,959 participants. While 85% of studies were conducted in healthy volunteers, most of these studies (85%) used macrodoses, ranging from 45 microg/kg to 30 mg/70 kg. Various cognitive aspects were evaluated and yielded mixed results. Global cognitive function, and processing speed remained mostly unchanged in healthy individuals; However, a limited number of studies reported improvements in certain areas such as sustained attention, working memory, and executive function especially in patients with treatment-resistant depression (TRD). Emotional processing was positively modified, particularly in TRD patients. Psilocybin was observed to enhance emotional empathy without significantly altering cognitive empathy and social cognition. Cognitive flexibility and creative cognition were noted to initially decline but could potentially improve over time. Additionally, with respect to learning and memory skills, psilocybin showed promise in improving specific memory types such as semantic associations and associative learning, while its effects on episodic and verbal memory have been less pronounced compared to other cognitive enhancers. The observed mixed findings underscore the complexity of psilocybin's cognitive influence. Further research is essential to provide a clearer understanding of psilocybin's impact on cognitive domains and to guide the development of safe and effective interventions. (PsycInfo Database Record (c) 2025 APA, all rights reserved)"
"OVID","Protocols and practices in psilocybin assisted psychotherapy for depression: A systematic review.",2024,"10.1016/j.jpsychires.2024.05.051",NA,"sin_crudo_emparejado",NA,NA,"Background: Psilocybin-assisted psychotherapy (PAP) is a promising treatment option for depression, with randomized controlled trials (RCTs) providing preliminary support for its safety and efficacy. However, there is a lack of consistency across existing treatment protocols and psychotherapeutic approaches. The objective of this review is to summarize and compare current psychotherapy methods of PAP in treating depression and distress in life-threatening illnesses. We sought to comprehensively summarize published psychotherapy protocols from clinical trials to provide insights for future practices. Methods: A systematic search of four databases (Embase, MEDLINE, PsycINFO, CINAHL) for data relating to psychotherapy protocols was conducted by two independent reviewers. Results: In total, our search identified 1869 articles; after removing duplicates, we screened 1107 articles. We included 70 articles in the full-text review and determined that 28 were eligible for the final review. All protocols include sessions before (preparatory) and after (integration) the psychedelic dosing session with supportive monitoring. However, there was substantial variability and inconsistencies in all other aspects of therapy protocols (e.g., duration and number of sessions, model of therapy). Additionally, significant limitations were identified in the frequent need for more clarity in the description of therapeutic approaches. Conclusion: In published clinical trials, PAP has consisted of preparation, supportive dosing, and integration sessions. Beyond this basic framework, significant heterogeneity and lack of clarity were identified in reported psychotherapy protocols, meaning a validated and universally agreed upon protocol for PAP currently does not exist. Future studies should more clearly define and report psychotherapeutic components to identify the safest and most efficacious approaches to PAP. (PsycInfo Database Record (c) 2024 APA, all rights reserved)"
"OVID","Decreases in state and trait anxiety post-psilocybin: A naturalistic, observational study among retreat attendees.",2022,"10.3389/fpsyt.2022.883869",NA,"sin_crudo_emparejado",NA,NA,"Anxiety disorders are the most common type of psychiatric disorders among Western countries. Evidence-based treatment modalities including pharmacological and cognitive-behavioral therapy result in deficient treatment responses. Historical and recent research suggests psychedelic drugs may be efficacious in alleviating anxiety-related symptoms among healthy and clinical populations. The main aim of the present study was investigation of the effects of psilocybin-containing truffles, when taken in a supportive group setting, on ratings of state and trait anxiety across self-reported healthy volunteers. Attendees of psilocybin ceremonies were asked to complete a test battery at three separate occasions: before the ceremony (baseline), the morning after, and 1 week after the ceremony. The test battery included questionnaires assessing state and trait anxiety (State-Trait Anxiety Inventory), mindfulness capacities (Five Facet Mindfulness Questionnaire), and personality (Big Five Inventory). Additionally, the psychedelic experience was quantified with the Persisting Effects Questionnaire and the Ego Dissolution Inventory. The total amount of psilocybin-containing truffles consumed by each participant was recorded, and a sample of the truffles was analyzed to determine psilocin concentrations. Fifty-two attendees (males = 25; females = 25; others = 2) completed parts of the baseline assessment, 46 (males = 21; females = 24; others = 1) completed assessments the morning after the ceremony, and 23 (males = 10; females = 13) completed assessments at the 1-week follow-up. Average psilocin consumption across individuals was 27.1 mg. The morning after the ceremony, we observed medium reductions in anxiety measures (both state and trait) compared to baseline (d = 6.4; p < 0.001 and d = 6; p = 0.014, respectively), which persisted over a 1-week period post-ceremony (d = 6.7; p = 0.001 and d = 8.6; p = 0.004, respectively). At 1 week post-ceremony, the non-judging facet of the mindfulness scale was increased (d = 1.5; p = 0.03), while the personality trait neuroticism decreased (d = 5.2; p = 0.005), when compared to baseline. Additionally, we found ratings of ego dissolution (mean: 59.7, SD: 28.3) and changes in neuroticism to be the strongest predictors of reductions in state and trait anxiety, respectively. In sum, results suggest rapid and persisting (up to 1 week) anxiolytic effects in individuals with sub-clinical anxiety symptoms, which are related to the acute experience of ego dissolution, as well as lasting changes in trait neuroticism. Results also add support to the feasibility and potential efficacy of group sessions with psychedelics. To understand whether these effects extend to wider populations suffering from heightened anxiety, and the mechanisms involved, further experimental research is needed. (PsycInfo Database Record (c) 2024 APA, all rights reserved)"
"OVID","The effects of psilocybin in adults with major depressive disorder and the general population: Findings from neuroimaging studies.",2022,"10.1016/j.psychres.2022.114577",NA,"sin_crudo_emparejado",NA,NA,"The use of psilocybin as treatment for major depressive disorder (MDD) has been examined as a promising alternative to traditional first-line options. We reviewed existing literature to provide a synthesis of the extant neuroimaging observations with psilocybin, and to identify putative therapeutic targets for target engagement studies with psilocybin, and potentially other psychedelics. We assessed neuroimaging observations with psilocybin among participants with MDD and healthy populations. A systematic search was conducted on PubMed, Google Scholar and PsycINFO from database inception to November 17th, 2021. The study quality (i.e., risk of bias) was assessed using the revised Cochrane risk-of-bias tool for randomized trials. A total of ten studies evaluated psilocybin in healthy populations and three studies assessed psilocybin in MDD participants using neuroimaging techniques. Following psilocybin administration, a decrease in amygdala activity and a reduction in depressive symptoms was observed in two studies. Changes in functional connectivity and activation of prefrontal limbic structures, specifically the ventral medial prefrontal cortex and amygdala, was seen in healthy populations. There was high heterogeneity in methodology (e.g., dosing schedule and imaging methods) amongst included studies. Longitudinal studies are needed to further elucidate psilocybin treatment for MDD, its long-term effects and the possibility of sustained therapeutic effects. (PsycInfo Database Record (c) 2024 APA, all rights reserved)"
"OVID","HOPE: A pilot study of psilocybin enhanced group psychotherapy in patients with cancer.",2023,"10.1016/j.jpainsymman.2023.06.006",NA,"sin_crudo_emparejado",NA,NA,"Context/Objectives: Psilocybin-assisted psychotherapy shows promise in treating depression and existential distress in people with serious medical illness. However, its individual-based methodology poses challenges for scaling and resource availability. The HOPE trial (A Pilot Study of Psilocybin Enhanced Group Psychotherapy in Patients with Cancer) is an Institutional Review Boards-approved open-label feasibility and safety pilot study examining psilocybin-assisted group therapy in cancer patients with a DSM-5 depressive disorder (including major depressive disorder as well as adjustment disorder with depressed mood). We report here the safety and clinical outcome measures including six-months follow up data. Methods: Outcome measures were collected at baseline, two-weeks and 26-weeks postintervention. The study involved three group preparatory sessions, one high-dose (25 mg) group psilocybin session, and three group integration sessions with cohorts of four participants over a three-week intervention. Results: Twelve participants completed the trial. no serious adverse events attributed to psilocybin occurred. The primary clinical outcome measures of change in symptoms of depression on the clinician administered 17-item-HAM-D showed clinically substantial decrease in HAM-D scores from baseline to the two-week timepoint (21.5-10.09, P < 0.001) and the 26-week timepoint (21.5-14.83, P = 0.006). Six out of 12 participants met criteria for remission at two weeks, as defined by HAM-D < 7, three out 12 demonstrated a clinically significant change (4-6 points), and eight out of twelve demonstrated a clinically substantial change (7-12 points). Conclusion: This pilot study demonstrated the safety, feasibility, and possible efficacy of psilocybin-assisted group therapy for cancer patients dealing with depressive symptoms. Based on demonstrated efficacy and significant reductions in therapist time, future investigations with the group therapy model are warranted. (PsycInfo Database Record (c) 2024 APA, all rights reserved)"
"OVID","Assessing the risk of symptom worsening in psilocybin-assisted therapy for depression: A systematic review and individual participant data meta-analysis.",2023,"10.1016/j.psychres.2023.115349",NA,"sin_crudo_emparejado",NA,NA,"We conducted a meta-analysis using individual participant data from three, two-dose psilocybin trials for depression (N = 102) with the aim of assessing the risk of symptom worsening. Clinically significant symptom worsening occurred for a minority of participants in the psilocybin and escitalopram conditions (~10%) and for a majority of participants in the waitlist condition (63.6%). Using data from the two trials with control arms, the psilocybin arm showed a lower likelihood of symptom worsening versus waitlist, and no difference in the likelihood of symptom worsening versus escitalopram. The limitation of a relatively small sample size should be addressed in future studies. (PsycInfo Database Record (c) 2024 APA, all rights reserved)"
"OVID","Current understanding on psilocybin for major depressive disorder: A review focusing on clinical trials.",2024,"10.9758/cpn.23.1134",NA,"sin_crudo_emparejado",NA,NA,"Previous studies suggested effectiveness of psilocybin in the field of mental health. FDA designated psilocybin as a ""breakthrough therapy"" for the treatment of treatment-resistant depression (TRD) in 2018. This paper provided a review of psilocybin's potential role in treatment of depression by focusing on published clinical trials. Studies showed that psilocybin, an agonist on 5-HT2A receptors, manifests antidepressant and anxiolytic effects by increasing glutamate transmission, reducing brain inflammation, decreasing default mode network activity. In terms of clinical trials, eleven studies (six open-label and five double blinded randomized clinical trials, DB-RCTs) trials exploring psilocybin's impact on depression were found. Among open-label studies, a pilot study on TRD patients demonstrated significant reductions in depressive symptoms after two psilocybin sessions. Psilocybin also improved cognitive bias associated with depression. Extension studies confirmed sustained improvements and high remission rates. Among five DB-RCTs, two showed that psilocybin led to significant reductions in anxiety and depression in cancer patients, and the improvements sustained for over 6 months. In MDD, psilocybin showed rapid reductions in depression, with higher remission rates compared to escitalopram in a DB-RCT. Another DB-RCT showed that psilocybin induced higher decrease in depression around 6 hours after their administrations than placebo. The last DB-RCT showed that in patients with TRD, a single dose of psilocybin 25 mg, but not psilocybin 10 mg, resulted in superior antidepressant effect than psilocybin 1 mg. Overall, psilocybin showed promise in treating depression and anxiety, with notable safety profiles. Further research should explore optimal dosages and long-term effects. (PsycInfo Database Record (c) 2024 APA, all rights reserved)"
"OVID","Psilocybin, an effective treatment for major depressive disorder in adults-A systematic review.",2024,"10.9758/cpn.23.1120",NA,"sin_crudo_emparejado",NA,NA,"Psilocybin is a classical psychedelic which has been utilised for healing purposes for millenia. However, with its classification as a Schedule I substance, research into this compound is scarce with few FDA-approved clinical studies. Despite this, profound findings into its antidepressant effects (largely through its action on 5-HT1a receptors) in mental illnesses such as major depressive disorder have rapidly increased interest back into their potential therapeutic benefits. This systematic review provides an analysis of the studies examining the clinical use of psilocybin for major depressive disorder. In total 6 studies were selected, including 319 participants, with half being randomised controlled trials and half open label trials. In every study psychological support was included as an integral part of the treatment. It was found that every study significantly favoured the use of psilocybin in reducing depressive symptoms, with few side effects. This gives psilocybin an advantage over commonly prescribed selective serotonin reuptake inhibitors (SSRIs), which carry more risk and cause more adverse effects. This drug therefore shows promise for being used as a clinical treatment for major depressive disorder, however future research should develop a paradigm for its use, with the timing of sessions and type of psychological support specified to allow for more precise analysis of the clinical effects of the drug. Additionally, more studies into its clinical efficacy are needed for appropriate detection of any publication bias. With this, psilocybin could prove to be revolutionary in treating depression and become an alternative medication to SSRIs. (PsycInfo Database Record (c) 2024 APA, all rights reserved)"
"OVID","Efficacy and safety of psilocybin on treatment-resistant depression: A systematic review and meta-analysis.",2024,"10.1016/j.psychres.2024.115960",NA,"sin_crudo_emparejado",NA,NA,"We identified eligible publications (PubMed, Embase, Medline, Cochrane, and APA PsycINFO), preprints (bioRvix, medRvix, PeerJ), and unpublished records (ClinicalTrials.gov) updated to 14 July 2023. Inclusion criteria were: 1) adult patients with TRD; 2) psilocybin as the intervention; 3) reported safety (tolerance and adverse events) and/or efficacy outcomes; 4) randomized controlled trials (RCTs) or open-label trials. The ""Meta"" and ""Metafor"" packages were used in R (version 4.3.1) to conduct all the statistical analyses. Random effects models with a statistical significance level of alpha=0.05 were used. The eligible studies examined the efficacy of psilocybin on TRD, with changes in depressive scores. This meta-analysis found that psilocybin significantly improved the depressive symptoms of patients with TRD compared to baseline. Moderate-level risk of bias was found in several domains, partially attributed to the open-label study design. Considerable heterogeneity was observed in the overall pooled results and sensitivity analysis driven by female proportion in the participants and sample size. Headache, anxiety, and nausea were common and transient adverse events, while serious adverse events were rare. (PsycInfo Database Record (c) 2024 APA, all rights reserved)"
"OVID","Treatment-resistant depression. From classification to new therapies.",2022,"10.1708/3922.39072",NA,"sin_crudo_emparejado",NA,NA,"Aims: This paper aims to investigate the advances in recent years in the recognition and therapy of treatment-resistant depression starting from the concepts of: depressive disorder, resistance and pseudoresistance to drug treatment in depression, and appropriate treatments of treatment- resistant depression. Methods: An extensive research was carried out on scientific databases such as: PubMed, Psychinfo and Cochrane Library, until May 2022, using the keywords ""major depression"", ""treatment-resistant depression"", ""staging"", ""instrumental therapies for resistant depression"", ""esketamine"" and ""psilocybin"". Results: Subjects who do not respond to antidepressants show a form of treatment resistance that requires an approach with additional pharmacological and/or instrumental therapies. Recently, esketamine and psilocybin are of particular interest among clinicians, and instrumental treatments such as: vagus nerve stimulation, deep brain stimulation, repetitive transcranial magnetic stimulation, transcranial direct current stimulation, epidural cortical stimulation, and electro convulsive therapy, are being added to them. Discussion and conclusions: Treatment-resistant depression has increasingly become a public health problem due to the significant number of relapses, hospitalizations and mortality it entails, with increased demand for the use of more drugs, therapeutic resources by health services, and loss of quality of life for patients. Treatment-resistant depression needs to be addressed through the creation of dedicated study protocols. Future research should focus on the need to establish operational, valid and appropriate criteria, both on the psychopathological, clinical governance and therapeutic levels, focusing on the latest therapies in order to provide reliable data on the benefits, risks and costs associated with their use. (PsycInfo Database Record (c) 2026 APA, all rights reserved)"
"OVID","The development of psilocybin therapy for treatment-resistant depression: An update.",2024,"10.1192/bjb.2023.25",NA,"sin_crudo_emparejado",NA,NA,"Psilocybin is a classic psychedelic drug that has attracted increasing research interest over the past 10 years as a possible treatment for mood, anxiety and related conditions. Initial phase 2 clinical trials of psilocybin given alongside psychological support for major depression and treatment-resistant depression (TRD) demonstrated encouraging signs of basic safety, further confirmed by a large study in groups of healthy volunteers. The first international multi-centre randomised controlled trial was published in 2022, with signs of efficacy for the 25 mg dose condition in people with TRD when compared with an active placebo. Phase 3 trials in TRD are scheduled to start in 2023. Early evidence suggests that single doses of psilocybin given with psychological support induce rapid improvement in depressive symptoms that endure for some weeks. We therefore provide a timely update to psychiatrists on what psilocybin therapy is, what it is not, and the current state of the evidence-base. (PsycInfo Database Record (c) 2026 APA, all rights reserved)"
"OVID","Are ""mystical experiences"" essential for antidepressant actions of ketamine and the classic psychedelics?",2025,"10.1007/s00406-024-01770-7",NA,"sin_crudo_emparejado",NA,NA,"The growing interest in the rapid and sustained antidepressant effects of the dissociative anesthetic ketamine and classic psychedelics, such as psilocybin, is remarkable. However, both ketamine and psychedelics are known to induce acute mystical experiences; ketamine can cause dissociative symptoms such as out-of-body experience, while psychedelics typically bring about hallucinogenic experiences, like a profound sense of unity with the universe or nature. The role of these mystical experiences in enhancing the antidepressant outcomes for patients with depression is currently an area of ongoing investigation and debate. Clinical studies have shown that the dissociative symptoms following the administration of ketamine or (S)-ketamine (esketamine) are not directly linked to their antidepressant properties. In contrast, the antidepressant potential of (R)-ketamine (arketamine), thought to lack dissociative side effects, has yet to be conclusively proven in large-scale clinical trials. Moreover, although the activation of the serotonin 5-HT2A receptor is crucial for the hallucinogenic effects of psychedelics in humans, its precise role in their antidepressant action is still under discussion. This article explores the importance of mystical experiences in enhancing the antidepressant efficacy of both ketamine and classic psychedelics. (PsycInfo Database Record (c) 2026 APA, all rights reserved)"
"OVID","Psilocybin-assisted psychotherapy for the treatment of PTSD in UK armed forces veterans: A feasibility study protocol.",2023,"10.1016/j.ejtd.2023.100359",NA,"sin_crudo_emparejado",NA,NA,"Veterans with posttraumatic stress disorder (PTSD) have poorer treatment responses than the general public, which suggests that alternative treatment approaches may be required to support veterans who do not benefit from standard evidence-based approaches. Psilocybin-assisted psychotherapy (PAP) involves administration of psilocybin in a supportive therapeutic setting. PAP has been evidenced to be safe and feasible in a range of recent studies supporting individuals with mental health difficulties including depression, obsessive compulsive disorder, and anxiety. This protocol paper outlines a study aiming to explore the safety and feasibility of PAP for veterans (n = 8) with PTSD. Participants will be offered two dosing sessions of 25 mg of psilocybin, followed by Cognitive Processing Therapy. Eligible participants are UK military veterans who meet criteria for current PTSD and who have completed thorough physical and psychological assessment. The study is subject to ethical approval by the Health Research Authority and Medicines and Healthcare products Regulatory Agency combined review. (PsycInfo Database Record (c) 2025 APA, all rights reserved)"
"OVID","Potentiation of AMPA receptors for rapid therapeutic gain in psychiatry has reached a new level of excitement.",2024,"10.1038/s41386-023-01651-y",NA,"sin_crudo_emparejado",NA,NA,"A new age of antidepressants arose in 2006 with the publication of data describing the rapid-acting antidepressant effects of ketamine and scopolamine. These clinical findings led to the approval of (S)- ketamine for treatment-resistant depression in 2019 and a dextromethorphan/bupropion combination in 2022. The 2006 report of spirituality-evoking effects of psilocybin led to subsequent striking observations of rapid and enduring antidepressant effects of psyilocybin and other psychedelic drugs and the launch of numerous biotech companies. Clinical trial listings for ongoing studies with numerous other potential rapid-acting medicines (e.g., (R)-ketamine, esmethadone, zuranolone, psychedelics, mGlu2/3 receptor antagonists and NMDA receptor modulators) are prevalent. (PsycInfo Database Record (c) 2025 APA, all rights reserved)"
"OVID","Evidence versus expectancy: The development of psilocybin therapy.",2024,"10.1192/bjb.2023.28",NA,"sin_crudo_emparejado",NA,NA,"Although the development of psilocybin therapy has come as a surprise to many, modern research with the drug has been ongoing for 25 years. Psilocybin therapy is composed of psilocybin dosing sessions embedded within a wider process of psychoeducation, psychological support and integration. Early phase clinical trial evidence is promising, particularly for treatment-resistant depression. However, masking probably fails and expectancy effects may be a part of the mechanism of change. Disambiguating between drug and expectancy effects is a necessary part of the development process, yet this is difficult if masking fails. Hitherto, masking and expectancy have not been routinely measured in psilocybin or other medication trials. Doing so represents an opportunity for research and may influence psychiatry more widely. In this opinion piece I summarise the clinical development process of psilocybin therapy thus far, discussing the hope, the hype, the challenges and the opportunities along the way. (PsycInfo Database Record (c) 2025 APA, all rights reserved)"
"OVID","Psychedelic-assisted psychotherapy practices and human caring science: Toward a care-informed model of treatment.",2024,"10.1177/00221678211011013",NA,"sin_crudo_emparejado",NA,NA,"Psychedelic therapies intentionally combine a caring/healing environment, psychotherapy, and psychedelic medicine as a powerful means of treating intractable conditions of depression and posttraumatic stress disorder. This article utilizes the nursing theory of human caring science, as articulated by Jean Watson, to describe the essential and fundamental human caring qualities in psychedelic therapy. By mapping these qualities onto the traits of a psychedelic therapist, articulated by Janis Phelps and illustrating them with qualitative, exemplar data from a psilocybin assisted therapy study, we have created a nursing-informed philosophical theoretical framework with which to begin to examine questions related to trust enhancement between patient and therapist, therapeutic communication of openness to patient experiences, mutual learning between therapist and patient, the influence spiritual or psychedelic practices of the therapist on outcomes, optimizing therapeutic healing environments, and care of the physical body during psychedelic therapy sessions. This article is intended to identify themes and generate hypotheses for future nursing-informed psychedelic psychotherapy research. (PsycInfo Database Record (c) 2025 APA, all rights reserved)"
"OVID","Is there credible evidence to assert psilocybin-assisted therapy for depression?",2024,"10.1016/j.euroneuro.2023.11.003",NA,"sin_crudo_emparejado",NA,NA,"Comments on an article by N. Perez et al. (see record 2024-23943-008). In the article authored by Perez et al., the study significantly contributes to the extant literature on Psilocybin-assisted therapy for depression. However, a critical evaluation reveals certain limitations that warrant attention and suggest areas for improvement. (PsycInfo Database Record (c) 2025 APA, all rights reserved)"
"OVID","Depression and prefrontal cortex: All roads lead to dopamine.",2022,"10.1016/j.biopsych.2022.02.015",NA,"sin_crudo_emparejado",NA,NA,"Comments on an article by SA. Wilke et al. (see record 2022-27426-001). Wilke et al. advances our mechanistic understanding of PFC dopamine D2Rs and depression in many ways, with a key finding being identification of a circuit-level convergence for depression-related manipulations-correlated activity of deep-layer projection neurons in PFC-that could explain some of the effects of dopamine on mood and affect. A related critical finding was that acute ketamine and chronic fluoxetine also modulated correlated PFC activity, which suggests the possibility that this biomarker may be a common feature of disparate antidepressants including classic psychedelics such as psilocybin, which at least in human basal ganglia are powerful dopamine releasers. (PsycInfo Database Record (c) 2025 APA, all rights reserved)"
"OVID","Unique psychological mechanisms underlying Psilocybin Therapy versus Escitalopram Treatment in the treatment of major depressive disorder.",2024,"10.1007/s11469-024-01253-9",NA,"sin_crudo_emparejado",NA,NA,"The mechanisms by which Psilocybin Therapy (PT) improves depression remain an important object of study, with scientists actively exploring acute psychological experiences and neurobiological processes as candidates. In a phase 2, double-blind, randomized, active comparator controlled trial involving patients with moderate-to-severe major depressive disorder, we investigated whether acute psychological experiences could meaningfully account for the unique efficacy of PT versus Escitalopram Treatment over a core 6-week trial period. An exploratory-factor-analysis-derived single-factor of depression was used as the outcome. Among a comprehensive set of acute experiences related to psilocybin, so-called ""mystical experience"" and ""ego dissolution"" were unique in mediating the effect of treatment condition on depressive response with high specificity. Higher reported levels of mystical experience, emotional breakthrough, and intense responses to music-listening were furthermore associated with greater antidepressant response. These results provide qualified support for the causal mechanistic role of acute psychological experiences in the treatment of depression via PT. (PsycInfo Database Record (c) 2025 APA, all rights reserved)"
"OVID","High-resolution tracking of unconfined zebrafish behavior reveals stimulatory and anxiolytic effects of psilocybin.",2024,"10.1038/s41380-023-02391-7",NA,"sin_crudo_emparejado",NA,NA,"Serotonergic psychedelics are emerging therapeutics for psychiatric disorders, yet their underlying mechanisms of action in the brain remain largely elusive. Here, we developed a wide-field behavioral tracking system for larval zebrafish and investigated the effects of psilocybin, a psychedelic serotonin receptor agonist. Machine learning analyses of precise body kinematics identified latent behavioral states reflecting spontaneous exploration, visually-driven rapid swimming, and irregular swim patterns following stress exposure. Using this method, we found that acute psilocybin treatment has two behavioral effects: [i] facilitation of spontaneous exploration (""stimulatory"") and [ii] prevention of irregular swim patterns following stress exposure (""anxiolytic""). These effects differed from the effect of acute SSRI treatment and were rather similar to the effect of ketamine treatment. Neural activity imaging in the dorsal raphe nucleus suggested that psilocybin inhibits serotonergic neurons by activating local GABAergic neurons, consistent with psychedelic-induced suppression of serotonergic neurons in mammals. These findings pave the way for using larval zebrafish to elucidate neural mechanisms underlying the behavioral effects of serotonergic psychedelics. (PsycInfo Database Record (c) 2025 APA, all rights reserved)"
"OVID","The effects of psilocybin on cognition and emotional processing in healthy adults and adults with depression: A systematic literature review.",2024,"10.1080/13803395.2024.2363343",NA,"sin_crudo_emparejado",NA,NA,"Introduction Psilocybin, a naturally occurring serotonergic agonist in some mushroom species, has shown promise as a novel, fast-acting pharmacotherapy seeking to overcome the limitations of conventional first-line antidepressants. Studying psilocybin effects on cognition and emotional processing may help to clarify the mechanisms underlying the therapeutic potential of psilocybin and may also support studies with people suffering from depression. Thus, this review aims to provide a comprehensive overview of the current literature regarding the effects of psilocybin on these two key areas in both healthy and depressed populations. Method A systematic search was performed on 29 January 2024, in the PubMed, EBSCOhost, Web of Science and SCOPUS databases. After duplicates removal, study selection was conducted considering pre-specified criteria. Data extraction was then performed. The quality assessment of the studies was carried out using the Cochrane Collaboration tools for randomized (RoB 2.0) and non-randomized (ROBINS-I) controlled trials. Results Twenty articles were included, with 18 targeting healthy adults and two adults with depression. Results point to impairments within attentional and inhibitory processes, and improvements in the domains of creativity and social cognition in healthy individuals. In the population with depression, only cognitive flexibility and emotional recognition were affected, both being enhanced. The comparison of outcomes from both populations proved limited. Conclusions Psilocybin acutely alters several cognitive domains, with a localized rather than global focus, in a dose- and time-dependent manner. However, the significant methodological constraints call for further research, in the context of depression and with standardized protocols, with longitudinal studies also imperative. (PsycInfo Database Record (c) 2024 APA, all rights reserved)"
"OVID","Educational materials and image induction increase treatment credibility.",2024,"10.1080/02791072.2022.2154722",NA,"sin_crudo_emparejado",NA,NA,"Patient-perceived treatment credibility is linked to important outcome measures including symptom reduction, therapeutic alliance, patient satisfaction, and attrition rates. However, few studies have tested strategies to enhance treatment credibility. The present study investigates the effect of brief, written educational materials and the use of an image induction prime on perceptions of credibility for cognitive behavioral therapy and psilocybin-assisted therapy for depression. Participants (N = 493) rated the perceived credibility of depression treatments before and after reading brief educational materials. Half of the participants were asked an image induction question containing the construct of open-mindedness. Results indicate that brief educational materials of about 300 words significantly increased perceived treatment credibility for both therapies, with a large effect size (Cohen's d = .91). The use of an image induction prime further increased perceived credibility for psilocybin-assisted therapy for depression (Cohen's d = .38). These strategies offer an efficient and cost-effective way to enhance treatment credibility. Future studies testing variations of the image induction prime might prove fruitful for optimizing the technique. (PsycInfo Database Record (c) 2024 APA, all rights reserved)"
"OVID","A comparison between psilocybin and esketamine in treatment-resistant depression using Number Needed to Treat (NNT): A systematic review.",2024,"10.1016/j.jad.2024.01.142",NA,"sin_crudo_emparejado",NA,NA,"Background: Inadequate outcomes with monoamine-based treatments in depressive disorders are common and provide the impetus for mechanistically-novel treatments. Esketamine is a proven treatment recently approved for adults with Treatment-Resistant Depression (TRD) while psilocybin is an investigational treatment. Translation of the clinical meaningfulness for these foregoing agents in adults with TRD is required. Herein we evaluate the Number Needed to Treat (NNT) and Harm (NNH) of esketamine and psilocybin in adults with TRD. Methods: We conducted a systematic review of randomized controlled trials, comparing the clinical efficacy of oral psilocybin to the co-commencement of intranasal esketamine with an oral antidepressant in adults with TRD. Results: 25 mg psilocybin had a significant reduction in depressive symptoms at 21-days post-dose, the NNT was 5 [95 % CI = 3.1, 18.5]. Psilocybin-induced nausea had a significant NNH = 5. Fixed-dosed esketamine at 56 mg and 84 mg had a significant effect at 28-days post-dose, (NNT of 7 [95 % CI56mg = 3.5, 46.7], [95 % CI84mg = 3.6, 142.2]). Esketamine-induced headache, nausea, dizziness, and dissociation had NNHs <10. Limitations: The preliminary results may only reflect a small portion of the patient population. These results require replication and longer term studies investigating maintenance therapy. Conclusion: Relatively few pharmacologic agents are proven safe and effective in adults with TRD. NNT estimates for investigational psilocybin and esketamine in TRD indicate clinical meaningfulness. The NNH profile for both aforementioned agents is clinically acceptable. Our results underscore the clinical relevance of these treatment options in adults with TRD. (PsycInfo Database Record (c) 2024 APA, all rights reserved)"
"OVID","Experiences of psilocybin treatment for clinical conditions: A qualitative meta-synthesis.",2023,"10.1111/inm.13127",NA,"sin_crudo_emparejado",NA,NA,"There is increasing clinical interest in the use of psilocybin. There is emerging evidence of the efficacy of psilocybin for the treatment of a range of clinical conditions. Mental health nurses have a unique set of skills for caring for people who are hallucinating. To expand these skills to meet the developing clinical interest in the therapeutic use of psilocybin, it is helpful to understand the experience from the perspective of the person being treated with psilocybin. A qualitative meta-synthesis was conducted to examine how those with psilocybin described their experiences to identify whether its effects are similar across different health conditions. Ten studies were included in the review. The health conditions studied were cancer, depression, HIV, substance use disorder, smoking cessation and trauma. The synthesis of findings identified three themes that were common across the studies despite the health condition: acceptance, connection and transformation. The review provides helpful insights into how people experience psilocybin and its effects on their health condition. (PsycInfo Database Record (c) 2026 APA, all rights reserved)"
"OVID","""A sense of the bigger picture:"" A qualitative analysis of follow-up interviews with people with bipolar disorder who self-reported psilocybin use.",2022,"10.1371/journal.pone.0279073",NA,"sin_crudo_emparejado",NA,NA,"Objectives: People with bipolar disorder (BD) spend more time depressed than manic/hypomanic, and depression is associated with greater impairments in psychosocial functioning and quality of life than mania/hypomania. Emerging evidence suggests psilocybin, the psychoactive compound in ""magic mushrooms,"" is a promising treatment for unipolar depression. Clinical trials of psilocybin therapy have excluded people with BD as a precaution against possible adverse effects (e.g., mania). Our study centered the experiences of adults living with BD who consumed psilocybin-containing mushrooms, and aimed to (1) understand its subjective impacts on BD symptoms, (2) deepen understanding of Phase I survey results, and (3) elucidate specific contextual factors associated with adverse reactions in naturalistic settings. Methods: Following an international survey (Phase I), follow-up interviews were conducted with 15 respondents (Phase II) to further understand psilocybin use among adults with BD. As part of a larger mixed-methods explanatory sequential design study, reflexive thematic analysis was used to elaborate findings. Results: Three major themes containing sub-themes were developed. (1) Mental Health Improvements: (1.1) decreased impact and severity of depression, (1.2) increased emotion processing, (1.3) development of new perspectives, and (1.4) greater relaxation and sleep. (2) Undesired Mental Health Impacts: (2.1) changes in sleep, (2.2) increased mania severity, (2.3) hospitalization, and (2.4) distressing sensory experiences. (3) Salient Contextual Factors for psilocybin use included: (3.1) poly-substance use and psilocybin dose, (3.2) solo versus social experiences, and (3.3) pre-psilocybin sleep deprivation. Conclusion: Our findings demonstrate both benefits and risks of psilocybin use in this population. Carefully designed clinical trials focused on safety and preliminary efficacy are warranted. (PsycInfo Database Record (c) 2025 APA, all rights reserved)"
"OVID","Effects of psilocybin, the 5-HT2A receptor agonist TCB-2, and the 5-HT2A receptor antagonist M100907 on visual attention in male mice in the continuous performance test.",2025,"10.1007/s00213-023-06474-9",NA,"sin_crudo_emparejado",NA,NA,"Rationale Neuropsychiatric disorders such as depression are characterized in part by attention deficits. Attention is modulated by the serotonin (5-HT) neurotransmitter system. The 5-HT2A agonist and hallucinogen psilocybin (PSI) is a promising treatment for disorders characterized by attention changes. However, few studies have investigated PSI's direct effect on attention. Objective Using the rodent continuous performance task (CPT), we assessed PSI's effect on attention. We also evaluated the impact of 5-HT2A receptor agonist TCB-2 and antagonist M100907 for comparative purposes. Methods In the CPT, mice learned to distinguish visual targets from non-targets for milkshake reward. Performance was then tested following injections of PSI (0.3, 1, and 3 mg/kg), TCB-2 (0.3, 1, and 3 mg/kg), or M100907 (0.1, 0.3, and 1 mg/kg). Subsequently, drug effects were then evaluated using a more difficult CPT with variable stimulus durations. Mice were then tested on the CPT following repeated PSI injections. Drug effects on locomotor activity were also measured. Results In the CPT, all three drugs reduced hit and false alarm rate and induced conservative responding. PSI also reduced target discrimination. These effects were seen primarily at doses that also significantly reduced locomotor activity. No drug effects were seen on the more difficult CPT or following repeated PSI injections. Conclusions Psilocybin, TCB-2, and M100907 impaired performance of the CPT. However, this may be in part due to drug-induced locomotor changes. The results provide little support for the idea that psilocybin alters visual attention, or that 5-HT2A receptors modulate this process. (PsycInfo Database Record (c) 2025 APA, all rights reserved)"
"OVID","Psychedelics, with a focus on psilocybin: Issues for the clinician.",2023,"10.1097/pra.0000000000000729",NA,"sin_crudo_emparejado",NA,NA,"There has been a burgeoning interest in psychedelics among the public, state legislatures, psychiatrists and other clinical providers, and within the research community. Increasing numbers of studies evaluating psychedelics for depression, anxiety, posttraumatic stress disorder, and substance use disorders have been conducted or are underway. While discussing psychedelics in general, the focus of this paper is on psilocybin and its mechanism, how it exerts a psychedelic effect, dosing, and a review of the treatment studies of psilocybin, which were primarily for treatment-resistant depression and cancer-related anxiety. Future directions and potential limitations of studying and regulating psilocybin and other psychedelics are also discussed. (PsycInfo Database Record (c) 2025 APA, all rights reserved)"
"OVID","Risks and benefits of psilocybin use in people with bipolar disorder: An international web-based survey on experiences of 'magic mushroom' consumption.",2023,"10.1177/02698811221131997",NA,"sin_crudo_emparejado",NA,NA,"Background: Psilocybin, the primary psychoactive component of psychedelic 'magic mushrooms', may have potential for treating depressive symptoms, and consequent applications for bipolar disorder (BD). Knowledge of the risks and benefits of psilocybin in BD is limited to case studies. Aim: To support the design of clinical trials, we surveyed experiences of psilocybin use in people with BD. Methods: An international web-based survey was used to explore experiences of psilocybin use in people with a self-reported diagnosis of BD. Quantitative findings were summarised using descriptive statistics. Qualitative content analysis was used to investigate free-text responses, with a focus on positive experiences of psilocybin use. Results: A total of 541 people completed the survey (46.4% female, mean 34.1 years old). One-third (32.2%; n = 174) of respondents described new/increasing symptoms after psilocybin trips, prominently manic symptoms, difficulties sleeping and anxiety. No differences in rates of adverse events overall were observed between individuals with BD I compared to BD II. Use of emergency medical services was rare (n = 18; 3.3%), and respondents (even those who experienced adverse effects) indicated that psilocybin use was more helpful than harmful. Quantitative findings elaborated on perceived benefits, as well as the potential for psilocybin trips to contain both positively and negatively received elements. Conclusions: The subjective benefits of psilocybin use for mental health symptoms reported by survey participants encourage further investigation of psilocybin-based treatments for BD. Clinical trials should incorporate careful monitoring of symptoms, as data suggest that BD symptoms may emerge or intensify following psilocybin use. (PsycInfo Database Record (c) 2025 APA, all rights reserved)"
"OVID","Treatments for major depression.",2023,"10.1016/s0140-6736%2823%2900951-0",NA,"sin_crudo_emparejado",NA,NA,"Comments on an article by S. Marwaha et al. (see record 2023-39660-025). Steven Marwaha et al. wrote an intriguing Review about new treatments for major depression. My concern is with regard to figure 2 of the Review, which shows the location of the effects of new treatments for depression. The figure shows that psilocybin affected seven locations (two locations of the default mode network [DMN], three of the salience network [SN], and two of the executive network [EN]), whereas ketamine affected four locations. Another concern is a lack of descrip tion of new psychotherapy for depression, although the authors focused on biological treatments. (PsycInfo Database Record (c) 2025 APA, all rights reserved)"
"OVID","Recent developments pertaining to treatment-resistant depression: A 40-year perspective.",2023,"10.1002/wps.21134",NA,"sin_crudo_emparejado",NA,NA,"Comments on an article by R. S. McIntyre et al. (see record 2024-11189-009). The concept of TRD is nearly as old as the first generation of effective treatments for depression, namely electroconvulsive therapy (ECT), tricyclic antidepressants (TCAs) and monoamine oxidase inhibitors (MAOIs). The first papers using that concept were published in the 1970s. In that era, an almost intuitive hierarchy emerged on the basis of the clinical effort needed to implement the treatment: TCAs were generally used first, MAOIs second and ECT third for most patients. There were no randomized controlled trials (RCTs) of TRD in that era, though clinical wisdom taught that MAOIs worked in about one half of the cases in which TCAs failed, and ECT was expected to benefit at least 80% of antidepressant non-responders. As a result, clinicians might have predicted that 70-90% of depressed patients could be treated effectively with this three-step proto- algorithm. While it remains to be seen whether intravenous ketamine or intranasal esketamine -the first FDA-approved therapy to result from these observations -will continue to be widely used a decade from now, it is a fact that the paradigm for drug discovery for TRD has changed for the foreseeable future. In this respect, the path for studying the therapeutic potential of neurosteroid drugs such as zuranolone, which is thought to in- directly affect glutamatergic neurotransmission through GABA-A receptor positive allosteric modulation, has been much less arduous than previously possible. Likewise, the paradigm change determined by the proven efficacy of intravenous ketamine, a con- trolled substance with abuse liability and characteristic dissociative effects, has prepared the field for a new wave of studies examining the therapeutic benefit of psilocybin and related psychedelic compounds that were once considered essentially off limits for therapeutic research. Finally, descendants of transcranial magnetic stimulation, including intermittent theta burst stimulation (iTBS) and an accelerated high-dose iTBS protocol utilizing magnetic resonance imaging to guide or target functional connectivity, have given hope for the possibility of viable alternate neuromodulation strategies for patients with more advanced levels of TRD. McIntyre et al's outline of the evidence concerning TRD, therefore, is timely and provides a thought-provoking overview of an exciting new era in the therapeutics of depression. (PsycInfo Database Record (c) 2025 APA, all rights reserved)"
"OVID","The psychedelic experience and treatment-resistant depression.",2023,"10.1002/wps.21140",NA,"sin_crudo_emparejado",NA,NA,"Comments on an article by R. S. McIntyre et al. (see record 2024-11189-009). Interest in the use of serotonergic agonists such as psilocybin in treatment-resistant depression (TRD) has grown more quickly than the evidence on which to base a final opinion, as emphasized by McIntyre et al. in their review. The potential for psilocybin to enhance the effect of conventional psychotherapies remains of great interest. Work in animals suggests that activation of 5-HT2A receptors produces changes in synaptic function that could underpin greater behavioral plasticity. The challenge for the future, along with safe delivery of the experience, appears likely to be the choice of appropriate additional treatment which may have the potential to enhance outcomes in the long term, be it pharmacological, neurostimulatory or psychotherapeutic. For the present, however, the challenge is to complete a convincing phase 3 programme leading to eventual approval of psilocybin as a medicine. We are not there yet. (PsycInfo Database Record (c) 2025 APA, all rights reserved)"
"OVID","Letter to the editor on ""increased low-frequency brain responses to music after psilocybin therapy for depression"".",2023,"10.1016/j.jad.2023.05.088",NA,"sin_crudo_emparejado",NA,NA,"The recent publication in the Journal of Affective Disorders titled ""Increased low-frequency brain responses to music after psilocybin therapy for depression"" identified significant region-of-interest based effects of treatment in the task scans. In this letter to the editor, I am hoping to raise methodological concerns with regards to the ANOVA ROI analysis that were otherwise not acknowledged in this study. These concerns raise questions as to the impact of confounds, including as age and biological sex, on the reported proportion variance explained by the effects of psilocybin treatment for depression. (PsycInfo Database Record (c) 2025 APA, all rights reserved)"
"OVID","Psychedelic assisted therapy for major depressive disorder: Recent work and clinical directions.",2022,"10.1556/2054.2022.00211",NA,"sin_crudo_emparejado",NA,NA,"Psychedelic substances such as psilocybin and ketamine may represent the future of antidepressant treatment, due to their rapid and prolonged effects on mood and cognition. The current body of psychedelic research has focused on administration and treatment within a psychiatric context. Here, instead, we put to the test the contention that it is necessary to evaluate the current state of this literature from a broader biopsychosocial perspective. Examining these arguably neglected social and psychological aspects of psychedelic treatment can provide a more holistic understanding of the interplay between the interconnected domains. This review of six major clinical trials applies a biopsychosocial model to evaluate the antidepressant effects of psilocybin and ketamine assisted therapy. We conclude that combination psychedelic treatment and psychotherapy facilitate more enduring and profound antidepressant effects than produced by ketamine or psilocybin alone. Emphasising the advantages of therapeutic intervention will encourage those who may attempt to self-medicate with psychedelics to instead seek a framework of psychological support, minimising associated risks of unregulated use. (PsycInfo Database Record (c) 2025 APA, all rights reserved)"
"OVID","Probing the antidepressant potential of psilocybin: Integrating insight from human research and animal models towards an understanding of neural circuit mechanisms.",2023,"10.1007/s00213-022-06297-0",NA,"sin_crudo_emparejado",NA,NA,"Interest in the therapeutic potential of serotonergic psychedelic compounds including psilocybin has surged in recent years. While human clinical research suggests psilocybin holds promise as a rapid and long-lasting antidepressant, little is known about how its acute mechanisms of action mediate enduring alterations in cognition and behavior. Human neuroimaging studies point to both acute and sustained modulation of functional connectivity in key cortically dependent brain networks. Emerging evidence in preclinical models highlights the importance of psilocybin-induced neuroplasticity and alterations in the prefrontal cortex (PFC). Overviewing research in both humans and preclinical models suggests avenues to increase crosstalk between fields. We review how acute modulation of PFC circuits may contribute to long-term structural and functional alterations to mediate antidepressant effects. We highlight the potential for preclinical circuit and behavioral neuroscience approaches to provide basic mechanistic insight into how psilocybin modulates cognitive and affective neural circuits to support further development of psilocybin as a promising new treatment for depression. (PsycInfo Database Record (c) 2025 APA, all rights reserved)"
"OVID","The therapeutic potential of psychedelics: The development of psychedelics as medicines faces several challenges.",2022,"10.1126/science.abn5486",NA,"sin_crudo_emparejado",NA,NA,"Psychedelics are reported to have rapid onset and long-lasting therapeutic benefits after a single or few doses. Sustained (1 year or more) clinical benefits have been reported in depression and smoking cessation studies after just two or three doses of psilocybin combined with psychotherapy. Narrowly defining a drug class by one set of its effects (psychedelic) can be problematic because it colors the perception and may ultimately limit the breadth of its application. The neuroplastic effects of psychedelics may serve to open a therapeutic window, allowing other drugs or treatments to take effect. Positive correlations between the magnitude of the psychedelic experience and therapeutic benefit have not been consistently observed. In headache disorders, acute psychedelic effects appear unrelated to therapeutic outcomes. Across studies, the scales (and subscales) used to measure psychedelic effects are not aligned, leaving the relationship between acute subjective effects and clinical effects unclear. (PsycInfo Database Record (c) 2025 APA, all rights reserved)"
"OVID","Psilocybin's potential mechanisms in the treatment of depression: A systematic review.",2024,"10.1080/02791072.2023.2223195",NA,"sin_crudo_emparejado",NA,NA,"Evidence suggests that psilocybin has therapeutic benefit for treating depression. However, there is little consensus regarding the mechanism by which psilocybin elicits antidepressant effects. This systematic review summarizes existing evidence. Ovid MEDLINE, EMBASE, psychINFO, and Web of Science were searched, for both human and animal studies, using a combination of MeSH Terms and free-text keywords in September 2021. No other mood disorders or psychiatric diagnoses were included. Original papers in English were included. The PRISMA framework was followed for the screening of papers. Two researchers screened the retrieved articles from the literature search, and a third researcher resolved any conflicts. Of 2,193 papers identified, 49 were selected for full-text review. 14 articles were included in the qualitative synthesis. Six supported psilocybin's mechanism of antidepressant action via changes to serotonin or glutamate receptor activity and three papers found an increase in synaptogenesis. Thirteen papers investigated changes in non-receptor or pathway-specific brain activity. Five papers found changes in functional connectivity or neurotransmission, most commonly in the hippocampus or prefrontal cortex. Several neuroreceptors, neurotransmitters, and brain areas are thought to be involved in psilocybin's ability to mitigate depressive symptoms. Psilocybin appears to alter cerebral blood flow to the amygdala and prefrontal cortex, but the evidence on changes in functional connectivity and specific receptor activity remains sparse. The lack of consensus between studies suggests that psilocybin's mechanism of action may involve a variety of pathways, demonstrating the need for more studies on psilocybin's mechanism of action as an antidepressant. (PsycInfo Database Record (c) 2024 APA, all rights reserved)"
"OVID","Update on treatments for anxiety-related disorders.",2023,"10.1097/yco.0000000000000841",NA,"sin_crudo_emparejado",NA,NA,"Purpose of review: This review examines recent evidence that informs the treatment of anxiety-related disorders. Recent findings: In addition to selective serotonin reuptake inhibitors (SSRIs), serotonin and norepinephrine reuptake inhibitors (SNRIs), and benzodiazepines, agomelatine has demonstrated efficacy in treating generalized anxiety disorder (GAD). Other novel products, such as ketamine, psilocybin and cannabidiol, are in the process of gathering evidence in support of the treatment of anxiety disorders. In psychological therapy, various psychological treatments for anxiety disorders, such as mindfulness-based intervention, acceptance and commitment therapy, psychodynamic therapy, emotion-focused therapy and dialectical behavioural therapy, have been tried. Still, most therapies have not proven superior to cognitive behavioural therapy (CBT). In very preliminary findings: Repetitive transcranial magnetic stimulation (rTMS) was effective in GAD; transcranial direct current stimulation (tDCS) was effective for social anxiety disorder (SAD) and GAD and augmented exposure therapy for specific fears. Internet and mobile-based interventions have comparable efficacy to face-to-face therapy. Summary: Pharmacotherapy of anxiety disorders is expanding to novel products. Despite trying other psychological therapies for anxiety disorders, most therapies were comparable to but not superior to CBT. rTMS and tDCS were also used and show early promise for GAD, but further studies are needed. Most internet or mobile app based psychological therapies were based on CBT, and some can be considered as alternatives to in-person face-to-face therapy. (PsycInfo Database Record (c) 2023 APA, all rights reserved)"
"OVID","Psilocybin-assisted therapy for depression: A systematic review and meta-analysis.",2023,"10.1016/j.psychres.2023.115531",NA,"sin_crudo_emparejado",NA,NA,"The aim of this review was to determine the effect of psilocybin on depressive symptoms in patients diagnosed with life-threatening illnesses or major depressive disorder. Systematic searches were conducted to search for randomized clinical trials and open-label trials that evaluated depression symptoms after psilocybin therapy. Data was pooled using a random-effects model. The primary outcome was the standardized mean difference (SMD) in depression severity, determined by calculating the change in depression ratings from baseline to the primary endpoint in the psilocybin arm versus the control arm. The literature search yielded 1734 studies, and 13 studies (n = 686) were included in either qualitative and/or quantitative analyses. The meta-analysis included 9 studies (pooled n = 596) and yielded a large effect size in favour of psilocybin (SMD = -0.78; p < 0.001). Risk ratios for response and remission were large and significant in favour of psilocybin. A review of open-label trials showed robust decreases in depressive symptoms following psilocybin administration. These findings provide preliminary evidence for antidepressant efficacy with psilocybin-assisted psychotherapy, however, further studies are needed to evaluate safety and efficacy and to optimize treatment protocols. (PsycInfo Database Record (c) 2023 APA, all rights reserved)"
"OVID","Psilocybin-assisted therapy for depression: A systematic review and dose-response meta-analysis of human studies.",2023,"10.1016/j.euroneuro.2023.07.011",NA,"sin_crudo_emparejado",NA,NA,"Psilocybin is increasingly studied for its antidepressant effect, but its optimal dosage for depression remains unclear. We conducted a systematic review and a dose-response meta-analysis to find the optimal dosage of psilocybin to reduce depression scores. Following our protocol (CRD 42022220190) multiple electronic databases were searched from their inception until February 2023, to identify double-blind randomized placebo-controlled (RCTs) fixed-dose trials evaluating the use of psilocybin for adult patients with primary or secondary depression. A one-stage dose-response meta-analysis with restricted cubic splines was used. Cochrane risk of bias was used to assess risk of bias. Our analysis included seven studies with a total of 489 participants. Among these, four studies focused on primary depression (N = 366), including one study with patients suffering from treatment-resistant depression. The remaining three studies examined secondary depression (N = 123). The determined 95% effective doses per day (ED95) were 8.92, 24.68, and 36.08 mg/70 kg for patients with secondary depression, primary depression, and both subgroups, respectively. We observed significant dose-response associations for all curves, each plateauing at different levels, except for the bell-shaped curve observed in the case of secondary depression. Additionally, we found significant dose-response associations for various side effects, including physical discomfort, blood pressure increase, nausea/vomiting, headache/migraine, and the risk of prolonged psychosis. In conclusion, we discovered specific ED95 values for different populations, indicating higher ED95 values for treatment-resistant depression, primary depression, and secondary depression groups. Further RCTs are necessary for each population to determine the optimal dosage, allowing for maximum efficacy while minimizing side effects. (PsycInfo Database Record (c) 2023 APA, all rights reserved)"
"OVID","Psilocybin history, action and reaction: A narrative clinical review.",2023,"10.1177/02698811231190858",NA,"sin_crudo_emparejado",NA,NA,"Hallucinogenic mushrooms have been used in religious and cultural ceremonies for centuries. Of late, psilocybin, the psychoactive compound in hallucinogenic mushrooms, has received increased public interest as a novel drug for treating mood and substance use disorders (SUDs). In addition, in recent years, some states in the United States have legalized psilocybin for medical and recreational use. Given this, clinicians need to understand the potential benefits and risks related to using psilocybin for therapeutic purposes so that they can accurately advise patients. This expert narrative review summarizes the scientific basis and clinical evidence on the safety and efficacy of psilocybin-assisted therapy for treating psychiatric disorders and SUDs. The results of this review are structured as a more extensive discussion about psilocybin's history, putative mechanisms of action, and recent legislative changes to its legal status. There is modest evidence of psilocybin-assisted therapy for treating depression and anxiety disorders. In addition, early data suggest that psilocybin-assisted therapy may effectively reduce harmful drinking in patients with alcohol use disorders. The evidence further suggests psilocybin, when administered under supervision (psilocybin-assisted therapy), the side effects experienced are mild and transient. The occurrence of severe adverse events following psilocybin administration is uncommon. Still, a recent clinical trial found that individuals in the psilocybin arm had increased suicidal ideations and non-suicidal self-injurious behaviors. Given this, further investigation into the safety and efficacy of psilocybin-assisted therapy is warranted to determine which patient subgroups are most likely to benefit and which are most likely to experience adverse outcomes related to its use. (PsycInfo Database Record (c) 2023 APA, all rights reserved)"
"OVID","A case of prolonged mania, psychosis, and severe depression after psilocybin use: Implications of increased psychedelic drug availability.",2022,"10.1176/appi.ajp.22010073",NA,"sin_crudo_emparejado",NA,NA,"The article presents a case of a 32-year-old woman who presented for continuation of treatment in May 2021 with a chief complaint of ""cognitive dysfunction and severe reduced functionality."" Eight months before her first appointment with one of the authors, the patient was in her usual state of health. She had a history of mild depression and generalized anxiety disorder, successfully treated with venlafaxine prescribed by her psychiatrist. At this time, her sleep, appetite, concentration, and range of mood were normal. She was employed as a senior associate at a high-level accounting firm and had graduated from a prestigious graduate school, both competitive environments in which she excelled. In the fall of 2020, at the urging of friends, the patient decided to ingest psilocybin mushrooms. She was still consistently taking venlafaxine at the time of ingestion. Hours after the second ingestion, she developed paranoid delusions, which persisted for months. After 2 months, during which she titrated up to the relatively high dosage of 4.5 mg/day of pramipexole, she reported a significant shift in her functioning. She started to feel emotions again, and began to performbasic errands and self-care. Using the experience of the patient presented in this case-a patient who experienced a profound negative reaction after recreational ingestion of psilocybin mushrooms-to understand some of the risks associated with psychedelic use, authors discuss several challenging issues that are emerging as psychedelics receive more media attention and become more available. Authors explore differences between clinical and nonclinical psychedelic use and their attendant risks and benefits. This case suggests that current policy trends, including efforts to render psychedelics widely available for therapeutic use, will place patients at undue risk. Finally, authors make recommendations for the future of psychedelic research and clinical applications based on the patient's experience. Details of the case have been modified to protect the patient's identity, and the patient has approved publication of the case for educational purposes. Psychiatrists have an ethical obligation to maintain clinical equipoise with regard to new treatments while they are still in the investigational stage. At this point, psychedelics are on track to becoming an evidence-based psychiatric intervention, with positive clinical trials thus far. Optimism about these positive results is warranted, but psychiatrists should be aware that only a few hundred patients have actually received psilocybin in clinical research settings-which suggests a field that is still in its infancy-and, in contrast to other randomized placebo-controlled clinical trials, blinding is simply not possible with psilocybin. Psychiatrists should remain open to any outcome of clinical research while the safety and efficacy of psychedelics are still being determined. Right now, a promising psychiatric treatment risks getting swept up in a broader cultural moment-a dynamic that could lead to compromises in quality and reduce the efficacy of psychedelic therapies. Similar cultural forces led to the demise of psychedelic therapies a half century ago. Today we find ourselves in the unprecedented position where the safety and efficacy of medical treatments are being decided by popular opinion-and at the expense of the scientific process. The field of psychiatry should stand for the integrity of the scientific process, and encourage the development and administration of new treatments, including psychedelic therapies, in ways that maximize their safety and efficacy. (PsycInfo Database Record (c) 2023 APA, all rights reserved)"
"OVID","Pharmacotherapies for treatment-resistant depression: How antipsychotics fit in the rapidly evolving therapeutic landscape.",2023,"10.1176/appi.ajp.20230025",NA,"sin_crudo_emparejado",NA,NA,"One in three adults with major depressive disorder (MDD) do not experience clinically significant improvement after multiple sequential courses of antidepressants and have treatment-resistant depression (TRD). The presence of TRD contributes to the morbidity and excess mortality associated with MDD and has been linked to significantly increased health care expenses. In the absence of a consensus definition of TRD, this report takes a broad approach by considering inadequate response to one or more courses of antidepressants and focuses on atypical antipsychotics that are approved by the U.S. Food and Drug Administration for treatment of depression (aripiprazole, brexpiprazole, cariprazine, extended-release quetiapine, and olanzapine-fluoxetine combination). While multiple acute-phase studies have demonstrated the efficacy of these medications in improving depressive symptoms, clinically meaningful improvement (i.e., remission) remains limited, with significant concerns about side effects (including weight gain, metabolic dysfunction, extrapyramidal symptoms, and tardive dyskinesia), especially with long-term use. With the rapidly evolving landscape of antidepressant treatments over the past few years, which has witnessed approval of rapid-acting antidepressants (e.g., esketamine nasal spray and dextromethorphan-bupropion combination) and several more in the late-stage pipeline (e.g., zuranolone and psilocybin), it remains to be seen whether the use of atypical antipsychotics will go the way of the older and rarely prescribed antidepressants (such as tricyclics and monoamine oxidase inhibitors). Pragmatic clinical trials are needed to compare the effectiveness of atypical antipsychotics with TRD-specific pharmacotherapies and neuromodulation treatments and to identify the optimal sequencing of these varied approaches for patients with MDD. When using atypical antipsychotics, clinicians and patients are encouraged to use a shared decision-making approach by personalizing treatment selection based on anticipated side effects, tolerability, cost, and feasibility. (PsycInfo Database Record (c) 2023 APA, all rights reserved)"
"OVID","Psilocybin-assisted therapy improves psycho-social-spiritual well-being in cancer patients.",2023,"10.1016/j.jad.2022.11.046",NA,"sin_crudo_emparejado",NA,NA,"Background: While psychedelics have been shown to improve psycho-spiritual well-being, the underlying elements of this change are not well-characterized. The NIH-HEALS posits that psycho-social-spiritual change occurs through the factors of Connection, Reflection & Introspection, and Trust & Acceptance. This study aimed to evaluate the changes in NIH-HEALS scores in a cancer population with major depressive disorder undergoing psilocybin-assisted therapy. Methods: In this Phase II, single-center, open label trial, 30 cancer patients with major depressive disorder received a fixed dose of 25 mg of psilocybin. Participants underwent group preparation sessions, simultaneous psilocybin treatment administered in adjacent rooms, and group integration sessions, along with individual care. The NIH-HEALS, a self-administered, 35-item measure of psycho-social spiritual healing was completed at baseline and post-treatment at day 1, week 1, week 3, and week 8 following psilocybin therapy. Results: NIH-HEALS scores, representing psycho-social-spiritual wellbeing, improved in response to psilocybin treatment (p < 0.001). All three factors of the NIH-HEALS (Connection, Reflection & Introspection, and Trust & Acceptance) demonstrated positive change by 12.7 %, 7.7 %, and 22.4 %, respectively. These effects were apparent at all study time points and were sustained up to the last study interval at 8 weeks (p < 0.001). Limitations: The study lacks a control group, relies on a self-report measure, and uses a relatively small sample size with limited diversity that restricts generalizability. Conclusions: Findings suggest that psilocybin-assisted therapy facilitates psycho-social-spiritual growth as measured by the NIH-HEALS and its three factors. This supports the factors of Connection, Reflection & Introspection, and Trust & Acceptance as underlying elements for psycho-social-spiritual healing in cancer patients, and validates the use of the NIH-HEALS within psychedelic research. (PsycInfo Database Record (c) 2023 APA, all rights reserved)"
"OVID","Beating pain with psychedelics: Matter over mind?",2022,"10.1016/j.neubiorev.2021.12.005",NA,"sin_crudo_emparejado",NA,NA,"Basic pain research has shed light on key cellular and molecular mechanisms underlying nociceptive and phenomenological aspects of pain. Despite these advances, we still yearn for the discovery of novel therapeutic strategies to address the unmet needs of about 70 % of chronic neuropathic pain patients whose pain fails to respond to opioids as well as to other conventional analgesic agents. Importantly, a substantial body of clinical observations over the past decade cumulatively suggests that the psychedelic class of drugs may possess heuristic value for understanding and treating chronic pain conditions. The present review presents a theoretical framework for hitherto insufficiently understood neuroscience-based mechanisms of psychedelics' potential analgesic effects. To that end, searches of PubMed-indexed journals were performed using the following Medical Subject Headings' terms: pain, analgesia, inflammatory, brain connectivity, ketamine, psilocybin, functional imaging, and dendrites. Recursive sets of scientific and clinical evidence extracted from this literature review were summarized within the following key areas: (1) studies employing psychedelics for alleviation of physical and emotional pain; (2) potential neuro-restorative effects of psychedelics to remediate the impaired connectivity underlying the dissociation between pain-related conscious states/cognitions and the subcortical activity/function leading to the eventual chronicity through immediate and long-term effects on dentritic plasticity; (3) anti-neuroinflammatory and pro-immunomodulatory actions of psychedelics as the may pertain to the role of these factors in the pathogenesis of neuropathic pain; (4) safety, legal, and ethical consideration inherent in psychedelics' pharmacotherapy. In addition to direct beneficial effects in terms of reduction of pain and suffering, psychedelics' inclusion in the analgesic armamentarium will contribute to deeper and more sophisticated insights not only into pain syndromes but also into frequently comorbid psychiatric condition associated with emotional pain, e.g., depressive and anxiety disorders. Further inquiry is clearly warranted into the above areas that have potential to evolve into further elucidate the mechanisms of chronic pain and affective disorders, and lead to the development of innovative, safe, and more efficacious neurobiologically-based therapeutic approaches. (PsycInfo Database Record (c) 2025 APA, all rights reserved)"
"OVID","Future directions for clinical psilocybin research: The relaxed symptom network.",2022,"10.1037/pne0000290",NA,"sin_crudo_emparejado",NA,NA,"Objective: Recent clinical trials have demonstrated that psilocybin may have strong antidepressant effects, and may be effective in the treatment of depressive disorders when embedded in a psychotherapeutic protocol (psilocybin-assisted psychotherapy; PAP). However, despite promising results, the mechanism(s) that may be responsible for the antidepressant effects of PAP remain contested. Within this article, it is argued that the 'Network Theory of Mental Disorders' may be a useful tool for clinical research with psilocybin, and may help elucidate the antidepressant elements of PAP. Method: The clinical research using PAP for depressive disorders is briefly summarised, as are the potential mechanisms of PAP. In addition to this, the fundamental tenets of the network theory is presented, with particular reference to depression. In brief, the network theory proposes that depression is an emergent phenomenon, due to strong interactions in a complex dynamic symptom network. Results: A model of action based on a symptom network is proposed. It is hypothesised that, if PAP is successful, the connections between symptoms in a network will weaken, thereby rendering the patient less vulnerable to developing/relapsing into depression. It is argued that the application of the network theory may ultimately improve responsiveness and reduce relapse in PAP. Practical guidance in using the network theory for future clinical research with psilocybin is also provided. Conclusion: This article presents the primary hypothesis of the authors (The Relaxed Symptom Network), and intends to inform future researchers on how to integrate the network theory with future clinical studies using PAP. (PsycInfo Database Record (c) 2025 APA, all rights reserved)"
"OVID","Rapid-response treatments for depression and requests for physician-assisted death: An ethical analysis.",2022,"10.1016/j.jagp.2022.07.003",NA,"sin_crudo_emparejado",NA,NA,"Depression is common at the end of life, and there is longstanding concern that it may affect terminally ill patients' decisions to request physician-assisted death (PAD). However, it is difficult for clinicians to determine the role of depression in a patient's PAD request. A recent case series described rapid responses to intranasal ketamine in three patients with terminal illness and comorbid depression who had requested PAD. One patient withdrew her request (which, in retrospect, had been driven by her depression) while the others maintained their requests; in all three, the rapid relief clarified the role of depression in the patients' decision-making. In addition to ketamine, there are other emerging rapid-response treatments for depression, including psilocybin with psychological support and functional connectivity-guided transcranial magnetic stimulation. We examine three key ethical implications of such treatments: their role in clarifying the decision-making capacity of depressed patients requesting PAD; the potential tension between the legal definition of irremediability in some jurisdictions and the ethical obligations of clinicians; and the likely obstacles to treatment access and their implications for equal respect for autonomy of patients. (PsycInfo Database Record (c) 2025 APA, all rights reserved)"
"OVID","How important is a guide who has taken psilocybin in Psilocybin-Assisted Therapy for depression?",2023,"10.1080/02791072.2022.2047842",NA,"sin_crudo_emparejado",NA,NA,"Promising outcomes of Psilocybin-Assisted Therapy (PAT) for depression have generated concerted efforts to replicate, extend, and refine protocols to maximize efficacy. Psychotherapy research reveals that clients benefit most when important components of treatment align with their personal preferences. One open question related to PAT concerns the importance of the psilocybin experience of the guides (trained professionals present during acute effects). We sought to assess the importance of a guide who had used psilocybin to potential clients with depressive symptoms. Over 800 MTurk respondents with depressive symptoms rated the import of a guide who had used psilocybin relative to alternative characteristics in guides and cognitive behavioral (CBT) therapists. Importance ratings for guides who had used psilocybin significantly exceeded the ""somewhat important"" level (50 on a 0-100 scale), other guide-related qualities, and comparable ratings for a cognitive behavioral therapist who shared demographics, had experience with depression and received cognitive therapy personally. People of color (those who are not Caucasian) and those who had previous therapy gave significantly higher importance ratings for guides who had used psilocybin. Participants who chose to list other qualities important for guides listed very similar ones for CBT therapists, often emphasizing proper training and an empathic demeanor. Guides who have used psilocybin, who inform clients of the fact, might have advantages for facilitating PAT's antidepressant effects, as least in a subset of clients. (PsycInfo Database Record (c) 2025 APA, all rights reserved)"
"OVID","Are psychedelics fast acting antidepressant agents?",2022,"10.1007/s00115-021-01255-1",NA,"sin_crudo_emparejado",NA,NA,"Background: Psychedelics, such as psilocybin represent one of the most promising current therapeutic approaches in psychiatry. Objective: Psychedelics seem to have not only potent antidepressant effects. Do they also work particularly quickly, i.e. within one day? Material and methods: The available literature on clinical studies of psychedelics in depressive syndromes is presented both from the period up to the prohibition of these substances in the late 1960s as well as after the resumption of research in the 2000s. One focus is the speed of onset of antidepressant action. Results: Only the clinical studies published since 2016 that meet modern methodological standards have also systematically examined the speed of the antidepressant onset of action. The published studies, which were almost exclusively carried out with psilocybin, so far show small sample sizes (the total number of patients with depression treated in published clinical studies is <200) and some of them have methodological weaknesses; however, they suggest a pronounced and very rapid onset of action within one day for depression, treatment-resistant depression and depression in the context of life-threatening cancer. Conclusion: The available studies indicate a potent, rapid onset and in many cases long-lasting antidepressant effect over several months. The currently conducted studies with three-digit patient numbers will provide final information about the potential of psilocybin for depression. (PsycInfo Database Record (c) 2025 APA, all rights reserved)"
"OVID","Molecular mechanisms of psilocybin and implications for the treatment of depression.",2022,"10.1007/s40263-021-00877-y",NA,"sin_crudo_emparejado",NA,NA,"Therapeutic deficiencies with monoaminergic antidepressants invites the need to identify and develop novel rapid-acting antidepressants. Hitherto, ketamine and esketamine are identified as safe, well-tolerated rapid-acting antidepressants in adults with treatment-resistant depression, and also mitigate measures of suicidality. Psilocybin is a naturally occurring psychoactive alkaloid and non-selective agonist at many serotonin receptors, especially at serotonin 5-HT2A receptors, and is found in the Psilocybe genus of mushrooms. Preliminary studies with psilocybin have shown therapeutic promise across diverse populations including major depressive disorder. The pharmacodynamic mechanisms mediating the antidepressant and psychedelic effects of psilocybin are currently unknown but are thought to involve the modulation of the serotonergic system, primarily through agonism at the 5-HT2A receptors and downstream changes in gene expression. It is also established that indirect effects on dopaminergic and glutamatergic systems are contributory, as well as effects at other lower affinity targets. Along with the direct effects on neurochemical systems, psilocybin alters neural circuitry and key brain regions previously implicated in depression, including the default mode network and amygdala. The aim of this review is to synthesize the current understanding of the receptor pharmacology and neuronal mechanisms underlying the psychedelic and putative antidepressant properties of psilocybin. (PsycInfo Database Record (c) 2025 APA, all rights reserved)"
"OVID","Psychedelics and health behaviour change.",2022,"10.1177/02698811211008554",NA,"sin_crudo_emparejado",NA,NA,"Healthful behaviours such as maintaining a balanced diet, being physically active and refraining from smoking have major impacts on the risk of developing cancer, diabetes, cardiovascular diseases and other serious conditions. The burden of the so-called 'lifestyle diseases'-in personal suffering, premature mortality and public health costs-is considerable. Consequently, interventions designed to promote healthy behaviours are increasingly being studied, e.g., using psychobiological models of behavioural regulation and change. In this article, we explore the notion that psychedelic substances such as psilocybin could be used to assist in promoting positive lifestyle change conducive to good overall health. Psilocybin has a low toxicity, is non-addictive and has been shown to predict favourable changes in patients with depression, anxiety and other conditions marked by rigid behavioural patterns, including substance (mis)use. While it is still early days for modern psychedelic science, research is advancing fast and results are promising. Here we describe psychedelics' proposed mechanisms of action and research findings pertinent to health behaviour change science, hoping to generate discussion and new research hypotheses linking the two areas. Therapeutic models including psychedelic experiences and common behaviour change methods (e.g., Cognitive Behaviour Therapy, Motivational Interviewing) are already being tested for addiction and eating disorders. We believe this research may soon be extended to help promote improved diet, exercise, nature exposure and also mindfulness or stress reduction practices, all of which can contribute to physical and psychological health and well-being. (PsycInfo Database Record (c) 2025 APA, all rights reserved)"
"OVID","Use of the classic hallucinogen psilocybin for treatment of existential distress associated with cancer.",2022,"10.1007/978-3-030-85702-8_5",NA,"sin_crudo_emparejado",NA,NA,"This chapter will review the potential of a treatment approach that uses psilocybin, a novel psychoactive drug, to ameliorate the psychospiritual distress and demoralization that often accompanies a life-threatening cancer diagnosis. Early research with classic hallucinogens in the 1950s had a major impact on the evolving field of psychiatry, contributing to early discoveries of basic neurotransmitter systems and to significant developments in clinical psychopharmacology. While published reports of therapeutic breakthroughs with difficult-to-treat and refractory patient populations were initially met with mainstream professional enthusiasm, by the late 1960s and early 1970s, the growing association of hallucinogens with widespread indiscriminate use led to the temporary abandonment of this promising psychiatric treatment model. After a hiatus lasting several decades, however, regulatory and scientific support has grown for the resumption of clinical research investigations exploring the safety and efficacy of a treatment model utilizing the classic hallucinogen, psilocybin, in a subject population that had previously demonstrated positive response, patients with existential anxiety due to a life-threatening cancer diagnosis. (PsycInfo Database Record (c) 2025 APA, all rights reserved)"
"OVID","Rapid-acting antidepressants-Neurobiological mechanisms of action.",2022,"10.1007/s00115-021-01225-7",NA,"sin_crudo_emparejado",NA,NA,"Rapid-acting antidepressants disprove the dogma that antidepressants need several weeks to become clinically effective. Ketamine, the prototype of a rapid-acting antidepressant, is an N-methyl-D-aspartate (NMDA) receptor blocking agent. A single i.v. application of ketamine induces rapid changes in glutamatergic neurotransmitter systems, leading to preferential activation of glutamatergic alpha-amino-3-hydroxy-5-methyl-4-isoxazolepropionic acid (AMPA) receptors. This evokes the activation of brainderived neurotrophic factor (BDNF), causing plastic changes in the central nervous system within 24 h. In the prefrontal cortex ketamine leads to a regeneration of synaptic contacts, which have been damaged by chronic stress. This regeneration correlates with improvement of depression-like behavioral changes in rodent models. Classical monoaminergic antidepressants can cause similar changes but with considerably longer latency periods. For clinical application a nasal spray of esketamine has been developed, since this enantiomer has the highest affinity for NMDA receptors; however, since R-ketamine and certain ketamine metabolites also have antidepressant effects in preclinical models, these are currently being tested in clinical studies. Moreover, there are many other glutamatergic substances under clinical investigation for antidepressant effects without ketamine-like adverse effects. In addition, there are also several promising rapid-acting antidepressants that do not primarily act via the glutamate system, such as the gamma-aminobutyric acid (GABA) receptor modulator brexanolone or the serotonin receptor agonist psilocybin. (PsycInfo Database Record (c) 2025 APA, all rights reserved)"
"OVID","Exploring the credibility of psilocybin-assisted therapy and cognitive-behavioral therapy for depression.",2022,"10.1080/02791072.2021.2020382",NA,"sin_crudo_emparejado",NA,NA,"Depression treatments succeed with many but leave others unimproved, and they can generate concerns about side effects, time, and cost. Psilocybin has generated media attention and empirical support for antidepressant effects, but lay impressions of its effectiveness are unclear. Although perceptions of treatment credibility contribute to outcome, beliefs about the credibility of psilocybin-assisted therapy (PAT) among potential patients remain uninvestigated, especially relative to cognitive-behavioral therapy (CBT), a common, empirically-validated approach. The present study examined credibility ratings for CBT and PAT among individuals reporting depressive symptoms. Participants (N = 803) from Amazon's MTurk platform reported demographics, depressive symptoms, and psychotherapy experience, then read data-based vignettes describing each therapy and rated their credibility. Individuals rated CBT as more credible than PAT. Those with therapy experience rated CBT as more credible than those without. Men and lifetime hallucinogen users rated PAT more credible than women and non-users, but few other predictors accounted for much variance in credibility. Results suggest that potential clients appear cautious about PAT. As continued work examines the effectiveness of psychedelic-assisted interventions, researchers and clinicians must consider patients' beliefs about treatments as potential predictors of outcomes. Additionally, the paradigm used here might have potential for examining credibility of many interventions. (PsycInfo Database Record (c) 2025 APA, all rights reserved)"
"OVID","Don't be afraid, try to meditate-potential effects on neural activity and connectivity of psilocybin-assisted mindfulness-based intervention for social anxiety disorder: A systematic review.",2022,"10.1016/j.neubiorev.2022.104724",NA,"sin_crudo_emparejado",NA,NA,"Background: Current first-line treatment for social anxiety disorder (SAD), one of the most prevalent anxiety disorders, is limited in its efficacy. Hence, novel treatment approaches are urgently needed. The current review suggests a combination of meditation-based interventions and the administration of a psychedelic as a future alternative treatment approach. While both separate treatments show promise in the treatment of (other) clinical conditions, their combination has not yet been investigated in the treatment of psychopathologies. Aim: With a systematic literature review, we aim to identify the potential mechanisms by which combined psilocybin and mindfulness treatment could adjust anomalous neural activity underlying SAD and exert therapeutic effects. Results: Thirty experimental studies investigating the neural effects of meditation or psilocybin treatment in healthy and patient samples were included. Findings suggest that psilocybin-assisted meditation interventions might change cognitive processes like biased attention to threat linked to SAD by modulating connectivity of the salience network, balancing the activity and connectivity of cortical-midline structures, and increasing frontoparietal control over amygdala reactivity. Conclusions: Future studies should investigate whether psilocybin-assisted mindfulness-based intervention can provide therapeutic benefits to SAD patients who are do not remit following conventional therapy. (PsycInfo Database Record (c) 2022 APA, all rights reserved)"
"OVID","Neural mechanisms underlying psilocybin's therapeutic potential-The need for preclinical in vivo electrophysiology.",2022,"10.1177/02698811221092508",NA,"sin_crudo_emparejado",NA,NA,"Psilocybin is a naturally occurring psychedelic compound with profound perception-, emotion- and cognition-altering properties and great potential for treating brain disorders. However, the neural mechanisms mediating its effects require in-depth investigation as there is still much to learn about how psychedelic drugs produce their profound and long-lasting effects. In this review, we outline the current understanding of the neurophysiology of psilocybin's psychoactive properties, highlighting the need for additional preclinical studies to determine its effect on neural network dynamics. We first describe how psilocybin's effect on brain regions associated with the default-mode network (DMN), particularly the prefrontal cortex and hippocampus, likely plays a key role in mediating its consciousness-altering properties. We then outline the specific receptor and cell types involved and discuss contradictory evidence from neuroimaging studies regarding psilocybin's net effect on activity within these regions. We go on to argue that in vivo electrophysiology is ideally suited to provide a more holistic, neural network analysis approach to understand psilocybin's mode of action. Thus, we integrate information about the neural bases for oscillatory activity generation with the accumulating evidence about psychedelic drug effects on neural synchrony within DMN-associated areas. This approach will help to generate important questions for future preclinical and clinical studies. Answers to these questions are vital for determining the neural mechanisms mediating psilocybin's psychotherapeutic potential, which promises to improve outcomes for patients with severe depression and other difficulty to treat conditions. (PsycInfo Database Record (c) 2022 APA, all rights reserved)"
"OVID","Postpartum depression: A role for psychedelics?",2022,"10.1177/02698811221093793",NA,"sin_crudo_emparejado",NA,NA,"Background: Postpartum depression (PPD) is a major public health concern and has, at its core, a sense of maternal 'disconnection'-from the self, the infant, and the support system. While PPD bears similarities with MDD, there is increasing evidence for its distinct nature, especially with the unique aspect of the mother-infant relationship. Current treatment modalities for PPD, largely based on those used in major depressive disorder (MDD), have low remission rates with emerging evidence for treatment resistance. It is, therefore, necessary to explore alternative avenues of treatment for PPD. Objective: In this narrative review, we outline the potential therapeutic rationale for serotonergic psychedelics in the treatment of PPD, and highlight safety and pragmatic considerations for the use of psychedelics in the postpartum period. Methods: We examined the available evidence for the treatment of PPD and the evidence for psychedelics in the treatment of MDD. We explored safety considerations in the use of psychedelics in the postpartum period. Results: There is increasing evidence for safety, and encouraging signals for efficacy, of psilocybin in the treatment of MDD. Psilocybin has been shown to catalyse a sense of 'reconnection' in participants with MDD. This effect in PPD, by fostering a sense of 'reconnection' for the mother, may allow for improved mood and maternal sensitivity towards the infant, which can positively impact maternal role gratification and the mother-infant relationship. Conclusion: Psychedelic assisted therapy in PPD may have a positive effect on the mother-infant dyad and warrants further examination. (PsycInfo Database Record (c) 2022 APA, all rights reserved)"
"OVID","Psilocybin-assisted psychotherapy for depression: Emerging research on a psychedelic compound with a rich history.",2022,"10.1016/j.jns.2021.120096",NA,"sin_crudo_emparejado",NA,NA,"There is a serious need for novel therapies that treat individuals with depression, including major depressive disorder (MDD) and treatment-resistant depression (TRD). An emerging body of research has demonstrated that psychedelic drugs such as psilocybin, combined with supportive psychotherapy, exert rapid and sustained antidepressant effects. The use of psychedelics is not new: they have a rich history with evidence of their use in ritual and medical settings. However, due to political, social, and cultural pressures, their use was limited until modern clinical trials began to emerge in the 2010s. This review provides a comprehensive look at the potential use of psilocybin in the treatment of depression and TRD. It includes an overview of the history, pharmacology, and proposed mechanism of psilocybin, and describes several published studies in the last decade which have provided evidence of the efficacy and safety of psilocybin-assisted psychotherapy for individuals with depression. It also includes a discussion of the limitations and barriers of current research on psychedelics. The results of these studies are contextualized within the current treatment landscape through an overview of the pathophysiology of depression and the treatments currently in use, as well as the clinical needs these novel therapies have the promise to fulfill. (PsycInfo Database Record (c) 2022 APA, all rights reserved)"
"OVID","Dose effect of psilocybin on primary and secondary depression: A preliminary systematic review and meta-analysis.",2022,"10.1016/j.jad.2021.09.041",NA,"sin_crudo_emparejado",NA,NA,"Background: Previous studies have shown that psilocybin has antidepressant effects. In the current study, we aim to explore the dose effects of psilocybin on primary (major depression patients) and secondary depression (depressed cancer patients). Methods: Published studies concerning psilocybin for depression were retrieved. In accordance with PRISMA guidelines, 6 databases (PubMed, Embase, Web of Science, Cochrane Library, Clinicaltrials.gov 2.3 and WanFang database) were searched for research studies published or still in progress from inception to 30 November, 2020, with language restricted to English and Chinese. Hedges' g of Beck Depression Inventory (BDI) score changes was calculated as the primary outcome. Results: 7 articles were finally included, with a total of 136 participants. In terms of efficacy, Hedges' g was 1.289 (95%CI = [1.020, 1.558], heterogeneity I2 = 50.995%, p < 0.001). As psilocybin dose increases within a certain range, the antidepressive effect declines and then increases, with 30-35 mg/70 kg achieving the optimal therapeutic effect. Subgroup analysis suggested that the antidepressive effect of psilocybin was extremely significant at a relatively high dose (30-35mg/70kg: Hedges' g = 3.059, 95%CI = [2.269, 3.849], p < 0.001), long-term ( > 1month: Hedges' g = 1.123, 95%CI = [0.861, 1.385], p < 0.001) and when used in primary depression patients (Hedges' g = 2.190, 95%CI = [1.423, 2.957], p < 0.001). Limitations: Only a small number of studies can be identified of variable quality, thus our conclusions remain preliminary. Conclusions: Our preliminary results have shown that psilocybin exerts a rapid effect in reducing depressive symptom on primary and secondary depression. The optimal dose of psilocybin may be 30-35mg/70kg or higher; future clinical trials are warranted for further evaluation on its effect. (PsycInfo Database Record (c) 2022 APA, all rights reserved)"
"OVID","Psilocybin: A brief overview for psychiatric mental health nurse practitioners.",2022,"10.1111/ppc.12888",NA,"sin_crudo_emparejado",NA,NA,"The use of psychedelics, such as psilocybin, has emerged in recent literature as a novel therapeutic treatment for various psychiatric disorders, including substance use, depression, and anxiety. While international and domestic trials are currently underway, there is data demonstrating both the relative safety and potential efficacy of psilocybin. Psychiatric mental health nurse practitioners are essential mental health providers that may be at the forefront of delivering these new treatment modalities. Therefore, they must be aware of the psychopharmacological and psychotherapeutic tenets of psilocybin to be prepared to treat patients. (PsycInfo Database Record (c) 2025 APA, all rights reserved)"
"PUBMED","Investigating the safety and tolerability of single-dose psilocybin for post-traumatic stress disorder: A nonrandomized open-label clinical trial",2026,"10.1177/02698811251362390",NA,"sin_crudo_emparejado",NA,NA,NA
"PUBMED","Unblinding and demand characteristics in the treatment of depression",2023,"10.1016/j.jad.2023.02.030",NA,"sin_crudo_emparejado",NA,NA,NA
"PUBMED","Long-term benefits of single-dose psilocybin in depressed patients with cancer",2025,"10.1002/cncr.35889",NA,"sin_crudo_emparejado",NA,NA,NA
"PUBMED","Safety issues of psilocybin and LSD as potential rapid acting antidepressants and potential challenges",2022,"10.1080/14740338.2022.2066650",NA,"sin_crudo_emparejado",NA,NA,NA
"PUBMED","Potential use of psilocybin drugs in the treatment of depression",2023,"10.1080/14728214.2023.2264180",NA,"sin_crudo_emparejado",NA,NA,NA
"PUBMED","Effect of MDMA-assisted therapy on mood and anxiety symptoms in advanced-stage cancer (EMMAC): study protocol for a double-blind, randomised controlled trial",2024,"10.1186/s13063-024-08174-x",NA,"sin_crudo_emparejado",NA,NA,NA
"PUBMED","Psilocybin and Chronic Pain: A New Perspective for Future Pain Therapists?",2025,"10.3390/medsci13040277",NA,"sin_crudo_emparejado",NA,NA,NA
"PUBMED","Psychedelics and Hallucinogens in Psychiatry: Finding New Pharmacological Targets",2022,"10.2174/1568026621666211201145800",NA,"sin_crudo_emparejado",NA,NA,NA
"PUBMED","Naturalistic psychedelic therapy: The role of relaxation and subjective drug effects in antidepressant response",2024,"10.1177/02698811241278873",NA,"sin_crudo_emparejado",NA,NA,NA
"PUBMED","Psychedelic medicines for mood disorders: current evidence and clinical considerations",2022,"10.1097/yco.0000000000000759",NA,"sin_crudo_emparejado",NA,NA,NA
"PUBMED","Psilocybin, From Ancestral Use to Therapeutic Potential: A Multidimensional Review of Its Pharmacological Basis and Current Perspectives",2026,"10.1002/hup.70063",NA,"sin_crudo_emparejado",NA,NA,NA
"PUBMED","Psychedelic medicines for end-of-life care: Pipeline clinical trial review 2022",2023,"10.1017/s147895152300069x",NA,"sin_crudo_emparejado",NA,NA,NA
"PUBMED","Moving psychedelic-assisted therapies from promising research into routine clinical practice: Lessons from the field of implementation science",2024,"10.1093/tbm/ibae053",NA,"sin_crudo_emparejado",NA,NA,NA
"PUBMED","Psychedelic-Assisted Therapy: Potential Benefits and Challenges in Mental Health Treatment",2025,"10.12659/msm.948302",NA,"sin_crudo_emparejado",NA,NA,NA
"PUBMED","Participants' Music Experiences Associated With Psychedelic-Assisted Psychotherapy for Life-Threatening Illness: Interpretivist Research",2026,"10.1093/jmt/thag015",NA,"sin_crudo_emparejado",NA,NA,NA
"PUBMED","Psychedelic Therapy: A Primer for Primary Care Clinicians-Historical Perspective and Overview",2024,"10.1097/mjt.0000000000001727",NA,"sin_crudo_emparejado",NA,NA,NA
"PUBMED","From Efficacy to Effectiveness: Evaluating Psychedelic Randomized Controlled Trials for Trustworthy Evidence-Based Policy and Practice",2025,"10.1002/prp2.70097",NA,"sin_crudo_emparejado",NA,NA,NA
"PUBMED","Psychedelics for treatment of negative symptoms and depressive symptoms in schizophrenia spectrum disorder: A narrative review",2026,"10.1016/j.schres.2026.03.003",NA,"sin_crudo_emparejado",NA,NA,NA
"PUBMED","Narrative review of the potential for psychedelics to treat Prolonged Grief Disorder",2024,"10.1080/09540261.2024.2357668",NA,"sin_crudo_emparejado",NA,NA,NA
"PUBMED","Classic Psychedelics in Pain Modulation: Mechanisms, Clinical Evidence, and Future Perspectives",2025,"10.1021/acschemneuro.5c00152",NA,"sin_crudo_emparejado",NA,NA,NA
"PUBMED","[Clinical application and mechanistic studies of psychedelics for treatment of depression: progress and future challenges]",2026,"10.12122/j.issn.1673-4254.2026.01.01",NA,"sin_crudo_emparejado",NA,NA,NA
"PUBMED","Benefits and Challenges of Ultra-Fast, Short-Acting Psychedelics in the Treatment of Depression",2025,"10.1176/appi.ajp.20230890",NA,"sin_crudo_emparejado",NA,NA,NA
"PUBMED","Psychedelics for Patients With Cancer: A Comprehensive Literature Review",2023,"10.1177/10600280221144055",NA,"sin_crudo_emparejado",NA,NA,NA
"PUBMED","Safety and Efficacy of Monoamine Oxidase Inhibitors in Patients Who Use Psychoactive Substances: Potential Drug Interactions and Substance Use Disorder Treatment Data",2026,"10.1007/s40263-025-01256-7",NA,"sin_crudo_emparejado",NA,NA,NA
"PUBMED","Psilocybin as a Disease-Modifying Drug—A Salutogenic Approach in Psychiatry",2024,"10.3238/arztebl.m2024.0224",NA,"sin_crudo_emparejado",NA,NA,NA
"PUBMED","A Critical Appraisal of Evidence on the Efficacy and Safety of Serotonergic Psychedelic Drugs as Emerging Antidepressants: Mind the Evidence Gap",2022,"10.1097/jcp.0000000000001608",NA,"sin_crudo_emparejado",NA,NA,NA
"PUBMED","Psilocybin: From Psychiatric Pariah to Perceived Panacea",2025,"10.1176/appi.ajp.20230682",NA,"sin_crudo_emparejado",NA,NA,NA
"PUBMED","Active placebo control interventions in pharmacological trials: a scoping review of the development process and a terminological analysis",2026,"10.1016/j.jclinepi.2026.112345",NA,"sin_crudo_emparejado",NA,NA,NA
"PUBMED","Existing evidence for the use of psychedelics in patients with cancer and other serious illness: A narrative review",2025,"10.1080/07347332.2025.2482917",NA,"sin_crudo_emparejado",NA,NA,NA
"PUBMED","Acute dose-dependent effects of 4-bromo-2,5-dimethoxyphenethylamine (2C-B) compared with 3,4-methylenedioxymethamphetamine (MDMA) and psilocybin in a double-blind, placebo-controlled study in healthy participants",2026,"10.1038/s41386-026-02428-9",NA,"sin_crudo_emparejado",NA,NA,NA
"PUBMED","The 3D-ASCr scale: A revalidation of the core dimensions of the Altered States of Consciousness Rating Scale 5D(11)-ASC for psychedelic research",2026,"10.1177/02698811251397328",NA,"sin_crudo_emparejado",NA,NA,NA
"PUBMED","Inconsistencies between national drug policy and professional beliefs about psychoactive drugs among psychiatrists in the United States",2022,"10.1016/j.drugpo.2022.103816",NA,"sin_crudo_emparejado",NA,NA,NA
"PUBMED","Direct comparison of the acute effects of lysergic acid diethylamide and psilocybin in a double-blind placebo-controlled study in healthy subjects",2022,"10.1038/s41386-022-01297-2",NA,"sin_crudo_emparejado",NA,NA,NA
"PUBMED","Low doses of LSD reduce broadband oscillatory power and modulate event-related potentials in healthy adults",2022,"10.1007/s00213-021-05991-9",NA,"sin_crudo_emparejado",NA,NA,NA
